Metric,Before,After,Improvement,Combined Average,Frequency
bleu,0.00640266227,0.01053670678,0.004134044513,0.008469684527,150
coherence,2.506666667,3.317567568,0.8109009009,2.912117117,150
completeness,2.433333333,2.966216216,0.5328828829,2.699774775,150
factual_accuracy,2.593333333,3.277027027,0.6836936937,2.93518018,150
helpfulness,2.426666667,3.040540541,0.6138738739,2.733603604,150
rouge_l,0.2256652066,0.2524407816,0.02677557501,0.2390529941,150
