Query String,Sentence,Ambiguity Signature Class,Ground-Truth Contextual Target,Conflicting Classical Parse Output,SpaCy_Raw_Pred,SpaCy_Routed_Context,SpaCy_Generated_Answer,SpaCy_CtxRel,SpaCy_Faith,SpaCy_AnsRel,Agentic_Raw_Pred,Agentic_Routed_Context,Agentic_Generated_Answer,Agentic_CtxRel,Agentic_Faith,Agentic_AnsRel,Quantum_Raw_Pred,Quantum_Routed_Context,Quantum_Generated_Answer,Quantum_CtxRel,Quantum_Faith,Quantum_AnsRel,Quantum_Outperformed_SpaCy,Quantum_Outperformed_Agentic,VIOLA_MOMENT
Who is performing the action on the boat?,The old man the boat.,Garden Path,The old are performing the action is the target for: who is performing the action on the boat?,man..,0,man..,The man is performing the action on the boat.,9.990766525268556,6.32407808303833,67.2642593383789,1,The old are performing the action is the target for: who is performing the action on the boat?,The old are performing the action is the target for: the old.,82.89384460449219,73.87227630615234,40.73960113525391,1,The old are performing the action is the target for: who is performing the action on the boat?,The old are performing the action is the target for: the old.,82.89384460449219,73.87227630615234,40.73960113525391,True,False,False
What accommodates the soldiers?,The complex houses married and single soldiers.,Garden Path,The complex accommodates them.,The complex houses.,0,The complex houses.,The complex houses.,20.905014038085938,99.99998474121094,20.905014038085938,1,The complex accommodates them.,The complex.,41.36493682861328,68.53302764892578,15.48353385925293,0,The complex houses.,The complex houses.,20.905014038085938,99.99998474121094,20.905014038085938,False,False,False
What acts as the subject of the sentence?,The prime number few.,Garden Path,The prime acts as the subject.,The prime number.,0,The prime number.,The prime number.,17.48285675048828,100.00001525878906,17.48285675048828,1,The prime acts as the subject.,The prime acts as the subject of the sentence.,54.02108001708984,89.61541748046875,72.02212524414062,1,The prime acts as the subject.,The prime acts as the subject of the sentence.,54.02108001708984,89.61541748046875,72.02212524414062,True,False,False
Who is performing the leading?,The blind lead the blind.,Garden Path,The blind is the target for: who is performing the leading?,lead..,1,The blind is the target for: who is performing the leading?,The blind is the target for: who is performing the leading?,59.8729362487793,100.00001525878906,59.8729362487793,1,The blind is the target for: who is performing the leading?,The blind is the target for: who is performing the leading?,59.8729362487793,100.00001525878906,59.8729362487793,1,The blind is the target for: who is performing the leading?,The blind is the target for: who is performing the leading?,59.8729362487793,100.00001525878906,59.8729362487793,False,False,False
Who is running the marathon?,The fast run the marathon.,Garden Path,The fast.,The fast run.,0,The fast run.,The fast run.,59.04961395263672,99.99999237060548,59.04961395263672,0,The fast run.,The fast run.,59.04961395263672,99.99999237060548,59.04961395263672,1,The fast.,The fast.,36.61203002929688,100.0,36.61203002929688,True,True,True
Who requires the medicine?,The sick need the medicine.,Garden Path,The sick.,The sick need.,0,The sick need.,The sick require the medicine.,41.95471954345703,76.9439697265625,71.19589233398438,0,The sick need.,The sick require the medicine.,41.95471954345703,76.9439697265625,71.19589233398438,1,The sick.,The sick.,32.52079391479492,100.0,32.52079391479492,True,True,True
Who is playing the game?,The young play the game.,Garden Path,The young is the target for: who is playing the game?,play..,1,The young is the target for: who is playing the game?,The young is the target for: the player.,68.55482482910156,86.0488052368164,39.73380279541016,1,The young is the target for: who is playing the game?,The young is the target for: the player.,68.55482482910156,86.0488052368164,39.73380279541016,1,The young is the target for: who is playing the game?,The young is the target for: the player.,68.55482482910156,86.0488052368164,39.73380279541016,False,False,False
Who is lifting the weights?,The strong lift the weights.,Garden Path,The strong.,The strong lift.,0,The strong lift.,The strong lift.,65.99732971191406,100.00001525878906,65.99732971191406,0,The strong lift.,The strong lift.,65.99732971191406,100.00001525878906,65.99732971191406,1,The strong.,The strong.,42.09280776977539,100.0,42.09280776977539,True,True,True
Who is afraid of the storm?,The weak fear the storm.,Garden Path,The weak.,The weak fear.,0,The weak fear.,The weak fear.,51.10300827026367,100.0000228881836,51.10300827026367,0,The weak fear.,The weak fear.,51.10300827026367,100.0000228881836,51.10300827026367,1,The weak.,The weak.,28.19972038269043,100.00001525878906,28.19972038269043,True,True,True
Who is solving the puzzle?,The smart solve the puzzle.,Garden Path,The smart is the target for: who is solving the puzzle?,solve..,1,The smart is the target for: who is solving the puzzle?,The smart is the target for: the smart is.,70.51139831542969,73.319580078125,18.72970390319824,1,The smart is the target for: who is solving the puzzle?,The smart is the target for: the smart is solving the puzzle.,70.51139831542969,90.2704086303711,48.37964630126953,1,The smart is the target for: who is solving the puzzle?,The smart is the target for: the smart.,70.51139831542969,74.84247589111328,18.97736549377441,False,False,False
Who provides the guidance?,The wise guide the youth.,Garden Path,The wise.,The wise guide.,0,The wise guide.,The wise guide.,48.1793212890625,100.0,48.1793212890625,0,The wise guide.,The wise guide provides the guidance.,48.1793212890625,81.80673217773438,69.51219177246094,1,The wise.,The wise.,18.042558670043945,100.0,18.042558670043945,True,True,True
Who reaches the top?,The tall reach the top.,Garden Path,The tall.,The tall reach.,0,The tall reach.,The tall reach.,58.45528793334961,100.0,58.45528793334961,0,The tall reach.,The tall reach.,58.45528793334961,100.0,58.45528793334961,1,The tall.,The tall.,51.61737060546875,100.0000228881836,51.61737060546875,True,True,True
Who is winning the race?,The swift win the race.,Garden Path,The swift is the target for: who is winning the race?,win..,1,The swift is the target for: who is winning the race?,The swift is.,65.62113952636719,68.32657623291016,20.4825496673584,1,The swift is the target for: who is winning the race?,The swift is.,65.62113952636719,68.32657623291016,20.4825496673584,1,The swift is the target for: who is winning the race?,The swift is.,65.62113952636719,68.32657623291016,20.4825496673584,False,False,False
Who commands the market?,The elite control the market.,Garden Path,The elite.,The elite control.,0,The elite control.,The elite commands the market.,32.35688781738281,66.99397277832031,68.57774353027344,0,The elite control.,The elite commands the market.,32.35688781738281,66.99397277832031,68.57774353027344,1,The elite.,The elite commands the market.,21.06906509399414,68.98786163330078,68.57774353027344,True,True,True
Who is haunting the castle?,The dead haunt the castle.,Garden Path,The dead.,The dead haunt.,0,The dead haunt.,The dead.,49.297393798828125,74.92383575439453,34.447723388671875,0,The dead haunt.,The dead.,49.297393798828125,74.92383575439453,34.447723388671875,1,The dead.,The dead.,34.447723388671875,100.00001525878906,34.447723388671875,True,True,True
Who is consuming the bread?,The hungry eat the bread.,Garden Path,The hungry is the target for: who is consuming the bread?,eat..,1,The hungry is the target for: who is consuming the bread?,The hungry is the target for who is consuming the bread.,81.60359954833984,95.4326171875,78.226318359375,1,The hungry is the target for: who is consuming the bread?,The hungry is the target for who is consuming the bread.,81.60359954833984,95.4326171875,78.226318359375,1,The hungry is the target for: who is consuming the bread?,The hungry is consuming the bread.,81.60359954833984,84.40128326416016,81.8764419555664,False,False,False
Who provides the funding?,The rich fund the charity.,Garden Path,The rich.,The rich fund.,0,The rich fund.,The rich fund.,60.78189468383789,100.00001525878906,60.78189468383789,0,The rich fund.,The rich fund.,60.78189468383789,100.00001525878906,60.78189468383789,1,The rich.,The rich provide the funding.,38.50060272216797,60.92913055419922,73.0243148803711,True,True,True
Who initiates the charge?,The brave charge the enemy.,Garden Path,The brave.,The brave charge.,0,The brave charge.,The brave charge.,52.66659164428711,100.00001525878906,52.66659164428711,0,The brave charge.,The brave charge.,52.66659164428711,100.00001525878906,52.66659164428711,1,The brave.,The brave initiates the charge.,16.351696014404297,62.91971206665039,63.29227828979492,True,True,True
Who is missing the resources?,The poor lack the resources.,Garden Path,The poor is the target for: who is missing the resources?,lack..,1,The poor is the target for: who is missing the resources?,The poor is the target for: who is missing the resources?,68.99018859863281,100.0,68.99018859863281,1,The poor is the target for: who is missing the resources?,The poor is the target for who is missing the resources?,68.99018859863281,98.1956024169922,71.1931381225586,1,The poor is the target for: who is missing the resources?,The poor is the target for: who is missing the resources?,68.99018859863281,100.0,68.99018859863281,False,False,False
Who attempts the impossible?,The bold dare the impossible.,Garden Path,The bold.,The bold dare.,0,The bold dare.,The bold dare.,23.78295516967773,100.0,23.78295516967773,1,The bold.,The bold.,18.856502532958984,100.00001525878906,18.856502532958984,1,The bold.,The bold.,18.856502532958984,100.00001525878906,18.856502532958984,True,False,False
Who experiences the consequences?,The innocent suffer the consequences.,Garden Path,The innocent.,The innocent suffer.,0,The innocent suffer.,The innocent.,44.756568908691406,79.0744400024414,35.35482406616211,0,The innocent suffer.,The innocent.,44.756568908691406,79.0744400024414,35.35482406616211,1,The innocent.,The innocent.,35.35482406616211,99.99999237060548,35.35482406616211,True,True,True
Who is serving the sentence?,The guilty serve the sentence.,Garden Path,The guilty is the target for: who is serving the sentence?,serve..,1,The guilty is the target for: who is serving the sentence?,The guilty is serving the sentence.,75.41361236572266,91.16387176513672,71.9066390991211,1,The guilty is the target for: who is serving the sentence?,The guilty is serving the sentence.,75.41361236572266,91.16387176513672,71.9066390991211,1,The guilty is the target for: who is serving the sentence?,The guilty is serving the sentence.,75.41361236572266,91.16387176513672,71.9066390991211,False,False,False
Who is roaming the plains?,The free roam the plains.,Garden Path,The free.,The free roam.,0,The free roam.,The free roam.,43.58544921875,100.00001525878906,43.58544921875,0,The free roam.,The free roam.,43.58544921875,100.00001525878906,43.58544921875,1,The free.,The free.,15.60324001312256,100.0,15.60324001312256,True,True,True
Who is roaming the forest?,The wild roam the forest.,Garden Path,The wild.,The wild roam.,0,The wild roam.,The wild roam.,54.42035675048828,100.0,54.42035675048828,0,The wild roam.,The wild roam.,54.42035675048828,100.0,54.42035675048828,1,The wild.,The wild.,46.8264045715332,100.0,46.8264045715332,True,True,True
Who performs the cleansing?,The very profoundly deeply and incredibly extraordinarily faithful pure aggressively and continuously cleanse the eternal soul.,Garden Path,The pure is the target for: who performs the cleansing?,cleanse..,1,The pure is the target for: who performs the cleansing?,The pure is the target for the one who performs the cleansing.,77.75524139404297,93.68475341796876,63.95314407348633,1,The pure is the target for: who performs the cleansing?,The pure is the target for: the one who performs the cleansing.,77.75524139404297,96.2877960205078,70.07817840576172,1,The pure is the target for: who performs the cleansing?,The pure is the target for: the one who performs the cleansing.,77.75524139404297,96.2877960205078,70.07817840576172,False,False,False
Who shields the innocent?,The brave shield the innocent.,Garden Path,The brave.,The brave shield.,0,The brave shield.,The brave shield.,46.61304473876953,100.0,46.61304473876953,0,The brave shield.,The brave shield.,46.61304473876953,100.0,46.61304473876953,1,The brave.,The brave.,36.88608932495117,100.00001525878906,36.88608932495117,True,True,True
Who forces the issue?,The strong force the issue.,Garden Path,The strong.,The strong force.,0,The strong force.,The strong force forces the issue.,40.99567413330078,78.75272369384766,60.70966720581055,0,The strong force.,The strong force forces the issue.,40.99567413330078,78.75272369384766,60.70966720581055,1,The strong.,The strong.,26.68402099609375,100.0,26.68402099609375,True,True,True
Who taxes the poor?,The rich tax the poor.,Garden Path,The rich is the target for: who taxes the poor?,tax..,1,The rich is the target for: who taxes the poor?,The rich is the target for: who taxes the poor?,90.43457794189452,100.00001525878906,90.43457794189452,1,The rich is the target for: who taxes the poor?,The rich.,90.43457794189452,58.0577392578125,55.108497619628906,1,The rich is the target for: who taxes the poor?,The rich is the target for: who taxes the poor?,90.43457794189452,100.00001525878906,90.43457794189452,False,False,False
Who budgets the money?,The poor budget their money.,Garden Path,The poor.,The poor budget.,0,The poor budget.,The poor budget.,71.97002410888672,100.0,71.97002410888672,0,The poor budget.,The poor budget.,71.97002410888672,100.0,71.97002410888672,1,The poor.,The poor.,50.11530685424805,100.00001525878906,50.11530685424805,True,True,True
Who minds their elders?,The young mind their elders.,Garden Path,The young.,The young mind.,0,The young mind.,The young mind.,49.23116683959961,100.0,49.23116683959961,1,The young.,The young mind their elders.,34.73868560791016,61.00089645385742,79.55327606201172,1,The young.,The young minds their elders.,34.73868560791016,63.53499984741211,81.4250717163086,True,False,False
Who models the clothes?,The beautiful model the clothes.,Garden Path,The beautiful is the target for: who models the clothes?,model..,1,The beautiful is the target for: who models the clothes?,The beautiful is the target for: the model.,85.30656433105469,76.85943603515625,50.960880279541016,1,The beautiful is the target for: who models the clothes?,The beautiful is the target for: the model.,85.30656433105469,76.85943603515625,50.960880279541016,1,The beautiful is the target for: who models the clothes?,The beautiful is the target for: the model.,85.30656433105469,76.85943603515625,50.960880279541016,False,False,False
Who tricks the gullible?,The smart trick the gullible.,Garden Path,The smart.,The smart trick.,0,The smart trick.,The smart trick.,53.24239730834961,100.00001525878906,53.24239730834961,0,The smart trick.,The smart trick.,53.24239730834961,100.00001525878906,53.24239730834961,1,The smart.,The smart trick the gullible.,43.42335510253906,60.92169952392578,82.0951919555664,True,True,True
Who risks their lives?,The bold risk their lives.,Garden Path,The bold.,The bold risk.,0,The bold risk.,The bold risk.,51.47572708129883,100.00001525878906,51.47572708129883,1,The bold.,The bold.,20.98768615722656,100.00001525878906,20.98768615722656,1,The bold.,The bold.,20.98768615722656,100.00001525878906,20.98768615722656,True,False,False
Who judges the competition?,The fair judge the competition.,Garden Path,The fair is the target for: who judges the competition?,judge..,1,The fair is the target for: who judges the competition?,The fair is the target for: the judges.,81.17179870605469,86.44364166259766,59.36381149291992,1,The fair is the target for: who judges the competition?,The fair is the target for: the judges.,81.17179870605469,86.44364166259766,59.36381149291992,1,The fair is the target for: who judges the competition?,The fair is the target for: the judges.,81.17179870605469,86.44364166259766,59.36381149291992,False,False,False
Who curses their enemies?,The evil curse their enemies.,Garden Path,The evil.,The evil curse.,0,The evil curse.,The evil curse.,60.57487869262695,100.0000228881836,60.57487869262695,0,The evil curse.,The evil curse.,60.57487869262695,100.0000228881836,60.57487869262695,1,The evil.,The evil.,42.81407165527344,100.0000228881836,42.81407165527344,True,True,True
Who benefits the most?,The good benefit the most.,Garden Path,The good.,The good benefit.,0,The good benefit.,The good benefit.,50.12570571899414,100.0,50.12570571899414,0,The good benefit.,The good benefit.,50.12570571899414,100.0,50.12570571899414,1,The good.,The good benefits the most.,21.043922424316406,39.909942626953125,71.2339859008789,True,True,True
Who weathers the storm?,The cold weather the storm.,Garden Path,The cold is the target for: who weathers the storm?,weather..,1,The cold is the target for: who weathers the storm?,The cold is the target for: the cold.,78.6043930053711,76.74415588378906,38.0752067565918,1,The cold is the target for: who weathers the storm?,The cold is the target for: the cold.,78.6043930053711,76.74415588378906,38.0752067565918,1,The cold is the target for: who weathers the storm?,The cold is the target for: the cold.,78.6043930053711,76.74415588378906,38.0752067565918,False,False,False
Who gifts the future?,The present gifts the future.,Garden Path,The present.,The present gifts.,0,The present gifts.,The present gifts the future.,68.55682373046875,86.84815979003906,83.48741912841797,0,The present gifts.,The present gifts the future.,68.55682373046875,86.84815979003906,83.48741912841797,1,The present.,We gift the future.,54.20595550537109,50.915992736816406,77.76596069335938,True,True,True
Who voices their opinions?,The loud voice their opinions.,Garden Path,The loud.,The loud voice.,0,The loud voice.,The loud voice.,42.92498397827149,100.00001525878906,42.92498397827149,0,The loud voice.,The loud voice.,42.92498397827149,100.00001525878906,42.92498397827149,1,The loud.,The loud.,29.728364944458008,100.0,29.728364944458008,True,True,True
Who parades their achievements?,The proud parade their achievements.,Garden Path,The proud is the target for: who parades their achievements?,parade..,1,The proud is the target for: who parades their achievements?,The proud is the target for the proud.,83.3231430053711,81.67874145507812,48.11329650878906,1,The proud is the target for: who parades their achievements?,The proud is the target for the proud.,83.3231430053711,81.67874145507812,48.11329650878906,1,The proud is the target for: who parades their achievements?,The proud is the target for the proud.,83.3231430053711,81.67874145507812,48.11329650878906,False,False,False
Who yields the right of way?,The weak yield the right of way.,Garden Path,The weak.,The weak yield.,0,The weak yield.,The weak yield.,23.95507049560547,99.99998474121094,23.95507049560547,0,The weak yield.,The driver yields the right of way.,23.95507049560547,12.071017265319824,64.31978607177734,1,The weak.,The weak.,9.621020317077637,100.00001525878906,9.621020317077637,True,True,True
Who nurses their wounds?,The sick nurse their wounds.,Garden Path,The sick.,The sick nurse.,0,The sick nurse.,The sick nurse nurses their wounds.,64.9884033203125,84.10542297363281,84.52069091796875,0,The sick nurse.,The sick nurse nurses their wounds.,64.9884033203125,84.10542297363281,84.52069091796875,1,The sick.,The angels.,29.57487678527832,42.24181365966797,27.91352272033692,True,True,True
Who exercises their rights?,The healthy exercise their rights.,Garden Path,The healthy is the target for: who exercises their rights?,exercise..,1,The healthy is the target for: who exercises their rights?,The healthy exercises their rights.,63.87655258178711,91.4434585571289,63.35628128051758,1,The healthy is the target for: who exercises their rights?,The healthy exercises their rights.,63.87655258178711,91.4434585571289,63.35628128051758,1,The healthy is the target for: who exercises their rights?,The healthy exercises their rights.,63.87655258178711,91.4434585571289,63.35628128051758,False,False,False
Who rests their eyes?,The tired rest their eyes.,Garden Path,The tired.,The tired rest.,0,The tired rest.,The tired rest.,47.8382568359375,100.00001525878906,47.8382568359375,0,The tired rest.,The tired rest.,47.8382568359375,100.00001525878906,47.8382568359375,1,The tired.,The tired.,37.669132232666016,99.99999237060548,37.669132232666016,True,True,True
Who trusts the stranger?,The innocent trust the stranger.,Garden Path,The innocent.,The innocent trust.,0,The innocent trust.,The innocent.,53.649024963378906,70.02044677734375,37.270145416259766,0,The innocent trust.,The innocent trust.,53.649024963378906,100.0,53.649024963378906,1,The innocent.,The innocent.,37.270145416259766,99.99999237060548,37.270145416259766,True,True,True
Who questions the verdict?,The guilty question the verdict.,Garden Path,The guilty is the target for: who questions the verdict?,question..,1,The guilty is the target for: who questions the verdict?,The guilty is the target for: the accused.,87.6497573852539,78.16695404052734,52.42793655395508,1,The guilty is the target for: who questions the verdict?,The guilty is the target for: the accused.,87.6497573852539,78.16695404052734,52.42793655395508,1,The guilty is the target for: who questions the verdict?,The guilty is the target for: the accused.,87.6497573852539,78.16695404052734,52.42793655395508,False,False,False
Who returns the favor?,The dead return the favor.,Garden Path,The dead.,The dead return.,0,The dead return.,The dead return the favor.,42.303199768066406,83.13053894042969,68.02803039550781,0,The dead return.,The dead return the favor.,42.303199768066406,83.13053894042969,68.02803039550781,1,The dead.,The dead.,30.25457763671875,100.00001525878906,30.25457763671875,True,True,True
Who experiences the world?,The living experience the world.,Garden Path,The living.,The living experience.,0,The living experience.,The individual.,54.851470947265625,33.447940826416016,29.293636322021484,0,The living experience.,The living being.,54.851470947265625,67.00768280029297,42.61783218383789,1,The living.,The living.,42.61101150512695,100.00001525878906,42.61101150512695,True,True,True
Who finances the operation?,The wealthy finance the operation.,Garden Path,The wealthy is the target for: who finances the operation?,finance..,1,The wealthy is the target for: who finances the operation?,The wealthy is the target for: the investors.,78.3523178100586,72.53901672363281,34.21857070922852,1,The wealthy is the target for: who finances the operation?,The wealthy is the target for: the wealthy.,78.3523178100586,72.1913070678711,27.8808822631836,1,The wealthy is the target for: who finances the operation?,The wealthy is the target for: the investors.,78.3523178100586,72.53901672363281,34.21857070922852,False,False,False
Who busts the safe?,The broke bust the safe.,Garden Path,The broke.,The broke bust.,0,The broke bust.,The.,55.18325424194336,29.82027244567871,30.685352325439453,0,The broke bust.,The.,55.18325424194336,29.82027244567871,30.685352325439453,1,The broke.,The.,28.00540351867676,47.75170516967773,30.685352325439453,True,True,True
Who triumphs over adversity?,The successful triumph over adversity.,Garden Path,The successful.,The successful triumph.,0,The successful triumph.,The successful triumph.,48.321102142333984,100.00001525878906,48.321102142333984,0,The successful triumph.,The successful triumph.,48.321102142333984,100.00001525878906,48.321102142333984,1,The successful.,The successful.,26.568523406982425,100.00001525878906,26.568523406982425,True,True,True
Who searches for meaning?,The lost search for meaning.,Garden Path,The lost is the target for: who searches for meaning?,search..,1,The lost is the target for: who searches for meaning?,The lost.,68.84668731689453,61.73830032348633,22.152238845825195,1,The lost is the target for: who searches for meaning?,The lost.,68.84668731689453,61.73830032348633,22.152238845825195,1,The lost is the target for: who searches for meaning?,The lost.,68.84668731689453,61.73830032348633,22.152238845825195,False,False,False
Who treasures the moment?,The found treasure the moment.,Garden Path,The found.,The found treasure.,0,The found treasure.,The found treasure.,59.66315460205078,100.0,59.66315460205078,0,The found treasure.,The found treasure.,59.66315460205078,100.0,59.66315460205078,1,The found.,The found treasures the moment.,28.0177001953125,46.78925704956055,81.50183868408203,True,True,True
Who caches the weapons?,The hidden cache the weapons.,Garden Path,The hidden.,The hidden cache.,0,The hidden cache.,The hidden cache.,55.848968505859375,100.0,55.848968505859375,0,The hidden cache.,The hidden cache.,55.848968505859375,100.0,55.848968505859375,0,The hidden cache.,The hidden cache.,55.848968505859375,100.0,55.848968505859375,False,False,False
Who names the suspects?,The known name the suspects.,Garden Path,The known is the target for: who names the suspects?,name..,1,The known is the target for: who names the suspects?,The known.,86.42459869384766,39.45812225341797,25.06536293029785,1,The known is the target for: who names the suspects?,The known.,86.42459869384766,39.45812225341797,25.06536293029785,1,The known is the target for: who names the suspects?,The known.,86.42459869384766,39.45812225341797,25.06536293029785,False,False,False
Who codes the message?,The secret code the message.,Garden Path,The secret.,The secret code.,0,The secret code.,"The secret code does not provide information about who codes the message, so the answer is unknown.",54.47643280029297,68.80459594726562,77.48594665527344,0,The secret code.,The secret code does not specify who codes the message.,54.47643280029297,64.67131042480469,75.04093933105469,1,The secret.,The secret.,20.307241439819336,100.0,20.307241439819336,True,True,True
Who books the flights?,The open book the flights.,Garden Path,The open.,The open book.,0,The open book.,The answer cannot be determined from the provided context.,43.25697708129883,15.663686752319336,11.788825988769531,1,The open.,The open.,28.195985794067383,100.0,28.195985794067383,1,The open.,The open.,28.195985794067383,100.0,28.195985794067383,True,False,False
Who doors the reporters?,The closed door the reporters.,Garden Path,The closed is the target for: who doors the reporters?,door..,1,The closed is the target for: who doors the reporters?,The closed is the target for: who doors the reporters?,85.05204010009766,100.0,85.05204010009766,1,The closed is the target for: who doors the reporters?,The closed is the target for: who doors the reporters?,85.05204010009766,100.0,85.05204010009766,1,The closed is the target for: who doors the reporters?,The closed is the target for: who doors the reporters?,85.05204010009766,100.0,85.05204010009766,False,False,False
What dawns a new day?,The early dawn a new day.,Garden Path,The early.,The early dawn.,0,The early dawn.,The early dawn.,58.10252380371094,100.0,58.10252380371094,0,The early dawn.,The early dawn.,58.10252380371094,100.0,58.10252380371094,1,The early.,The sun.,35.858768463134766,30.24028778076172,41.25935745239258,True,True,True
Who delays the train?,The late delay the train.,Garden Path,The late.,The late delay.,0,The late delay.,The late delay.,54.525352478027344,100.0,54.525352478027344,0,The late delay.,The late delay.,54.525352478027344,100.0,54.525352478027344,1,The late.,The late.,31.6983585357666,100.0,31.6983585357666,True,True,True
Who replies to the message?,The prompt reply to the message.,Garden Path,The prompt is the target for: who replies to the message?,reply..,1,The prompt is the target for: who replies to the message?,The prompt is the target for: who replies to the message?,81.98580932617188,100.0,81.98580932617188,1,The prompt is the target for: who replies to the message?,The prompt is the target for: who replies to the message?,81.98580932617188,100.0,81.98580932617188,1,The prompt is the target for: who replies to the message?,The prompt is the target for: the sender of the message.,81.98580932617188,86.55567169189453,57.4167366027832,False,False,False
Who drags the heavy boxes?,The slow drag the heavy boxes.,Garden Path,The slow.,The slow drag.,0,The slow drag.,The slow drag.,49.67157745361328,100.0,49.67157745361328,0,The slow drag.,The slow drag.,49.67157745361328,100.0,49.67157745361328,1,The slow.,The slow.,26.772537231445312,100.00001525878906,26.772537231445312,True,True,True
Who speeds through the town?,The fast speed through the town.,Garden Path,The fast.,The fast speed.,0,The fast speed.,The fast speed.,58.45693206787109,100.0,58.45693206787109,1,The fast.,The fast.,50.86411285400391,100.0,50.86411285400391,1,The fast.,The fast.,50.86411285400391,100.0,50.86411285400391,True,False,False
Who rushes the gates?,The quick rush the gates.,Garden Path,The quick is the target for: who rushes the gates?,rush..,1,The quick is the target for: who rushes the gates?,The quick is the target for: who rushes the gates?,85.33257293701172,100.00001525878906,85.33257293701172,1,The quick is the target for: who rushes the gates?,The quick is the target for: who rushes the gates?,85.33257293701172,100.00001525878906,85.33257293701172,1,The quick is the target for: who rushes the gates?,The quick is the target for: who rushes the gates?,85.33257293701172,100.00001525878906,85.33257293701172,False,False,False
Who paces the runners?,The steady pace the runners.,Garden Path,The steady.,The steady pace.,0,The steady pace.,The steady pace is paced by the runners.,42.17721939086914,70.69587707519531,73.31127166748047,0,The steady pace.,The steady pace is paces by the runners.,42.17721939086914,71.43993377685547,78.61434936523438,1,The steady.,The steady is the one who paces the runners.,25.285493850708008,59.87119674682617,75.20069122314453,True,True,True
Who zigzags across the field?,The erratic zigzag across the field.,Garden Path,The erratic.,The erratic zigzag.,0,The erratic zigzag.,The erratic zigzag.,48.06011962890625,100.0,48.06011962890625,0,The erratic zigzag.,The erratic zigzag.,48.06011962890625,100.0,48.06011962890625,1,The erratic.,The erratic.,24.32794952392578,100.0000228881836,24.32794952392578,True,True,True
Who silences the critics?,The quiet silence the critics.,Garden Path,The quiet is the target for: who silences the critics?,silence..,1,The quiet is the target for: who silences the critics?,The quiet is the target for: the quiet.,90.40045928955078,68.98571014404297,42.16355514526367,1,The quiet is the target for: who silences the critics?,The quiet is the target for: the quiet.,90.40045928955078,68.98571014404297,42.16355514526367,1,The quiet is the target for: who silences the critics?,The quiet is the target for: the quiet.,90.40045928955078,68.98571014404297,42.16355514526367,False,False,False
Who mutes the television?,The silent mute the television.,Garden Path,The silent.,The silent mute.,0,The silent mute.,The silent mute.,66.13584899902344,100.0,66.13584899902344,0,The silent mute.,The silent mute.,66.13584899902344,100.0,66.13584899902344,1,The silent.,The silent.,48.95962905883789,100.0,48.95962905883789,True,True,True
Who blasts the rock?,The deafening blast the rock.,Garden Path,The deafening.,The deafening blast.,0,The deafening blast.,The rock is blasted.,42.03889846801758,39.40097427368164,81.10003662109375,0,The deafening blast.,The rock blasts itself.,42.03889846801758,45.674076080322266,85.71753692626953,1,The deafening.,The deafening.,21.64076042175293,99.99999237060548,21.64076042175293,True,True,True
Who cloaks their movements?,The invisible cloak their movements.,Garden Path,The invisible is the target for: who cloaks their movements?,cloak..,1,The invisible is the target for: who cloaks their movements?,The invisible is the target for the one who cloaks their movements.,85.72926330566406,93.2277603149414,74.63005828857422,1,The invisible is the target for: who cloaks their movements?,The invisible is the target for the one who cloaks their movements.,85.72926330566406,93.2277603149414,74.63005828857422,1,The invisible is the target for: who cloaks their movements?,The invisible is the target for the ninja.,85.72926330566406,62.20530319213867,41.69001007080078,False,False,False
Who displays the products?,The visible display the products.,Garden Path,The visible.,The visible display.,0,The visible display.,The shelves display the products.,56.37875747680664,45.4515266418457,67.95111846923828,0,The visible display.,The shelves display the products.,56.37875747680664,45.4515266418457,67.95111846923828,1,The visible.,The store owner displays the products.,41.00037384033203,31.47509002685547,79.38255310058594,True,True,True
Who flashes the lights?,The bright flash the lights.,Garden Path,The bright.,The bright flash.,0,The bright flash.,The bright flash.,66.65127563476562,99.99999237060548,66.65127563476562,0,The bright flash.,The bright flash.,66.65127563476562,99.99999237060548,66.65127563476562,1,The bright.,The bright.,46.87096786499024,100.0,46.87096786499024,True,True,True
Who mattes the surface?,The dull matte the surface.,Garden Path,The dull is the target for: who mattes the surface?,matte..,1,The dull is the target for: who mattes the surface?,The dull is the target for: who mattes the surface?,76.88223266601562,100.0,76.88223266601562,1,The dull is the target for: who mattes the surface?,The dull is the target for: who mattes the surface?,76.88223266601562,100.0,76.88223266601562,1,The dull is the target for: who mattes the surface?,The dull is the target for: who mattes the surface?,76.88223266601562,100.0,76.88223266601562,False,False,False
Who glosses the cover?,The shiny gloss the cover.,Garden Path,The shiny.,The shiny gloss.,0,The shiny gloss.,The manufacturer glosses the cover.,58.71473693847656,54.83961868286133,83.32653045654297,0,The shiny gloss.,The manufacturer glosses the cover.,58.71473693847656,54.83961868286133,83.32653045654297,1,The shiny.,The publisher glosses the cover.,30.104042053222656,15.69390869140625,74.18685913085938,True,True,True
Who scratches the surface?,The rough scratch the surface.,Garden Path,The rough.,The rough scratch.,0,The rough scratch.,The rough scratch.,62.75926208496094,99.99998474121094,62.75926208496094,0,The rough scratch.,The rough scratch.,62.75926208496094,99.99998474121094,62.75926208496094,1,The rough.,The rough.,30.91977310180664,100.0000228881836,30.91977310180664,True,True,True
Who planes the wood?,The smooth plane the wood.,Garden Path,The smooth is the target for: who planes the wood?,plane..,1,The smooth is the target for: who planes the wood?,The smooth is the target for: the carpenter.,75.4778060913086,73.52783966064453,41.58957290649414,1,The smooth is the target for: who planes the wood?,The smooth is the target for: the carpenter.,75.4778060913086,73.52783966064453,41.58957290649414,1,The smooth is the target for: who planes the wood?,The smooth is the target for: the carpenter.,75.4778060913086,73.52783966064453,41.58957290649414,False,False,False
Who stones the witches?,The hard stone the witches.,Garden Path,The hard.,The hard stone.,0,The hard stone.,The villagers stone the witches.,39.79122161865234,27.92674827575684,77.37411499023438,0,The hard stone.,The villagers stone the witches.,39.79122161865234,27.92674827575684,77.37411499023438,1,The hard.,The hard.,16.408708572387695,100.0,16.408708572387695,True,True,True
Who pads the walls?,The soft pad the walls.,Garden Path,The soft.,The soft pad.,0,The soft pad.,The soft pad.,44.042701721191406,100.00001525878906,44.042701721191406,0,The soft pad.,The soft pad.,44.042701721191406,100.00001525878906,44.042701721191406,1,The soft.,The soft pads the walls.,31.69881629943848,53.69573974609375,79.55697631835938,True,True,True
Who weights the cargo?,The heavy weight the cargo.,Garden Path,The heavy is the target for: who weights the cargo?,weight..,1,The heavy is the target for: who weights the cargo?,The heavy is the target for: who weights the cargo?,92.83546447753906,100.0,92.83546447753906,1,The heavy is the target for: who weights the cargo?,The heavy is the target for: who weights the cargo?,92.83546447753906,100.0,92.83546447753906,1,The heavy is the target for: who weights the cargo?,The heavy is the target for: who weights the cargo?,92.83546447753906,100.0,92.83546447753906,False,False,False
Who feathers their nests?,The light feather their nests.,Garden Path,The light.,The light feather.,0,The light feather.,Birds.,47.9543571472168,47.15730667114258,59.95809555053711,0,The light feather.,Birds.,47.9543571472168,47.15730667114258,59.95809555053711,1,The light.,Birds.,18.283615112304688,37.57181167602539,59.95809555053711,True,True,True
Who smokes the meat?,The thick smoke the meat.,Garden Path,The thick.,The thick smoke.,0,The thick smoke.,The butcher smokes the meat.,54.5235710144043,41.55148315429688,74.5472183227539,0,The thick smoke.,The butcher smokes the meat.,54.5235710144043,41.55148315429688,74.5472183227539,1,The thick.,The thick.,22.59395408630371,99.99999237060548,22.59395408630371,True,True,True
Who slices the bread?,The thin slice the bread.,Garden Path,The thin is the target for: who slices the bread?,slice..,1,The thin is the target for: who slices the bread?,The thin is the target for: the bread slicer.,84.64386749267578,86.40026092529297,66.49198913574219,1,The thin is the target for: who slices the bread?,The thin is the target for: the bread slicer.,84.64386749267578,86.40026092529297,66.49198913574219,1,The thin is the target for: who slices the bread?,The thin is the target for: the bread slicer.,84.64386749267578,86.40026092529297,66.49198913574219,False,False,False
Who greases the wheels?,The fat grease the wheels.,Garden Path,The fat.,The fat grease.,0,The fat grease.,The fat grease.,58.99497985839844,100.0,58.99497985839844,0,The fat grease.,The fat grease greases the wheels.,58.99497985839844,72.05744934082031,79.56539154052734,1,The fat.,The fat.,30.713991165161133,100.0000228881836,30.713991165161133,True,True,True
Who diets for summer?,The skinny diet for summer.,Garden Path,The skinny.,The skinny diet.,0,The skinny diet.,People who diet for summer are those who want to lose weight and get in shape for the warmer months.,59.58852767944336,49.274898529052734,69.9447250366211,0,The skinny diet.,People who diet for summer are those who want to lose weight and get in shape for the warmer months.,59.58852767944336,49.274898529052734,69.9447250366211,1,The skinny.,People who want to look good in their swimsuits.,37.59439849853516,47.79075241088867,32.85775375366211,True,True,True
Who arms the opposition?,The strong arm the opposition.,Garden Path,The strong is the target for: who arms the opposition?,arm..,1,The strong is the target for: who arms the opposition?,The strong is the target for who arms the opposition.,79.19986724853516,96.07498931884766,73.43597412109375,1,The strong is the target for: who arms the opposition?,The strong is the target for who arms the opposition.,79.19986724853516,96.07498931884766,73.43597412109375,1,The strong is the target for: who arms the opposition?,The strong is the target for who arms the opposition.,79.19986724853516,96.07498931884766,73.43597412109375,False,False,False
Who caves under pressure?,The weak cave under pressure.,Garden Path,The weak.,The weak cave.,0,The weak cave.,The weak cave.,68.13843536376953,100.0,68.13843536376953,0,The weak cave.,The weak cave.,68.13843536376953,100.0,68.13843536376953,1,The weak.,The weak.,24.7989559173584,100.00001525878906,24.7989559173584,True,True,True
Who bends the rules?,The flexible bend the rules.,Garden Path,The flexible.,The flexible bend.,0,The flexible bend.,The flexible bend.,46.80264663696289,100.0000228881836,46.80264663696289,0,The flexible bend.,The flexible bend.,46.80264663696289,100.0000228881836,46.80264663696289,1,The flexible.,The flexible.,37.28466796875,100.0,37.28466796875,True,True,True
Who boards the windows?,The stiff board the windows.,Garden Path,The stiff is the target for: who boards the windows?,board..,1,The stiff is the target for: who boards the windows?,The stiff.,76.96770477294922,52.51637649536133,14.13573169708252,1,The stiff is the target for: who boards the windows?,The stiff.,76.96770477294922,52.51637649536133,14.13573169708252,1,The stiff is the target for: who boards the windows?,The stiff.,76.96770477294922,52.51637649536133,14.13573169708252,False,False,False
Who changes the locks?,The loose change the locks.,Garden Path,The loose.,The loose change.,0,The loose change.,"The answer is not provided in the context, so I cannot answer.",43.64595413208008,23.02897834777832,19.401901245117188,0,The loose change.,"The answer is not provided in the context, so I cannot answer.",43.64595413208008,23.02897834777832,19.401901245117188,1,The loose.,The locksmith changes the locks.,36.82126235961914,24.900161743164062,83.14845275878906,True,True,True
Who seals the container?,The tight seal the container.,Garden Path,The tight.,The tight seal.,0,The tight seal.,"The tight seal is not specified in the context, so it is unclear who seals the container.",64.28185272216797,70.7718505859375,83.00940704345703,0,The tight seal.,"The tight seal is not specified in the context, so it is unclear who seals the container.",64.28185272216797,70.7718505859375,83.00940704345703,1,The tight.,The tight.,28.886104583740234,100.0000228881836,28.886104583740234,True,True,True
Who mops the floor?,The wet mop the floor.,Garden Path,The wet is the target for: who mops the floor?,mop..,1,The wet is the target for: who mops the floor?,The wet is the target for: who mops the floor?,78.89557647705078,100.0,78.89557647705078,1,The wet is the target for: who mops the floor?,The wet is the target for: the wet mop.,78.89557647705078,80.63591766357422,50.53418731689453,1,The wet is the target for: who mops the floor?,The wet is the target for: the wet mop.,78.89557647705078,80.63591766357422,50.53418731689453,False,False,False
Who powders the wigs?,The dry powder the wigs.,Garden Path,The dry.,The dry powder.,0,The dry powder.,Perfumers powder the wigs.,45.27002716064453,46.45466232299805,81.22122192382812,0,The dry powder.,Perfumers powder the wigs.,45.27002716064453,46.45466232299805,81.22122192382812,1,The dry.,Perfumers powder the wigs.,21.487668991088867,25.39759635925293,81.22122192382812,True,True,True
Who fires the cannons?,The hot fire the cannons.,Garden Path,The hot.,The hot fire.,0,The hot fire.,The hot fire.,46.43406295776367,99.99998474121094,46.43406295776367,0,The hot fire.,The hot fire.,46.43406295776367,99.99998474121094,46.43406295776367,1,The hot.,The hot.,22.53937339782715,100.0000228881836,22.53937339782715,True,True,True
Who ices the drinks?,The cold ice the drinks.,Garden Path,The cold is the target for: who ices the drinks?,ice..,1,The cold is the target for: who ices the drinks?,The cold is the target for: the bartender.,86.78715515136719,70.60472869873047,51.82469940185547,1,The cold is the target for: who ices the drinks?,The cold is the target for: the bartender.,86.78715515136719,70.60472869873047,51.82469940185547,1,The cold is the target for: who ices the drinks?,The cold is the target for: the bartender.,86.78715515136719,70.60472869873047,51.82469940185547,False,False,False
Who heats the room?,The warm heat the room.,Garden Path,The warm.,The warm heat.,0,The warm heat.,The warm heat.,56.96772384643555,100.0,56.96772384643555,1,The warm.,The warm.,48.3393669128418,99.99998474121094,48.3393669128418,1,The warm.,The warm.,48.3393669128418,99.99998474121094,48.3393669128418,True,False,False
Who chills the wine?,The cool chill the wine.,Garden Path,The cool.,The cool chill.,0,The cool chill.,The cool chill.,50.448692321777344,100.0,50.448692321777344,0,The cool chill.,The cool chill.,50.448692321777344,100.0,50.448692321777344,1,The cool.,The sommelier chills the wine.,34.88679885864258,21.98176383972168,73.33257293701172,True,True,True
Who sugars the rim?,The sweet sugar the rim.,Garden Path,The sweet is the target for: who sugars the rim?,sugar..,1,The sweet is the target for: who sugars the rim?,The sweet is the target for: the bartender.,88.69766998291016,55.9467658996582,33.88020706176758,1,The sweet is the target for: who sugars the rim?,The sweet is the target for: the bartender.,88.69766998291016,55.9467658996582,33.88020706176758,1,The sweet is the target for: who sugars the rim?,The sweet is the target for: the bartender.,88.69766998291016,55.9467658996582,33.88020706176758,False,False,False
Who lemons the fish?,The sour lemon the fish.,Garden Path,The sour.,The sour lemon.,0,The sour lemon.,The fish lemons the fish.,64.42506408691406,56.21761703491211,86.48814392089844,0,The sour lemon.,The sour lemon.,64.42506408691406,99.99999237060548,64.42506408691406,1,The sour.,The sour lemons the fish.,35.296844482421875,61.73678207397461,78.39619445800781,True,True,True
Who galls the crowd?,The bitter gall the crowd.,Garden Path,The bitter.,The bitter gall.,0,The bitter gall.,The bitter gall.,42.83187484741211,99.99999237060548,42.83187484741211,0,The bitter gall.,The bitter gall.,42.83187484741211,99.99999237060548,42.83187484741211,1,The bitter.,The bitter galls the crowd.,20.985536575317383,55.80788803100586,76.96122741699219,True,True,True
Who cures the meat?,The salty cure the meat.,Garden Path,The salty is the target for: who cures the meat?,cure..,1,The salty is the target for: who cures the meat?,The salty is the target for: who cures the meat?,78.40326690673828,100.0000228881836,78.40326690673828,1,The salty is the target for: who cures the meat?,The salty is the target for: who cures the meat?,78.40326690673828,100.0000228881836,78.40326690673828,1,The salty is the target for: who cures the meat?,The salty is the target for: who cures the meat?,78.40326690673828,100.0000228881836,78.40326690673828,False,False,False
Who peppers the stew?,The spicy pepper the stew.,Garden Path,The spicy.,The spicy pepper.,0,The spicy pepper.,The cook peppers the stew.,57.06830596923828,60.41598892211914,86.04200744628906,0,The spicy pepper.,The cook peppers the stew.,57.06830596923828,60.41598892211914,86.04200744628906,1,The spicy.,The chef peppers the stew.,48.15977478027344,45.64451599121094,86.17960357666016,True,True,True
Who mashes the potatoes?,The bland mash the potatoes.,Garden Path,The bland.,The bland mash.,0,The bland mash.,The bland mash.,44.03782653808594,100.0,44.03782653808594,0,The bland mash.,The cook mashes the potatoes.,44.03782653808594,36.28611755371094,84.78536987304688,1,The bland.,The bland.,19.616464614868164,100.0,19.616464614868164,True,True,True
Who wolfs the food?,The hungry wolf the food.,Garden Path,The hungry is the target for: who wolfs the food?,wolf..,1,The hungry is the target for: who wolfs the food?,The hungry is the target for: who wolfs the food?,80.47782897949219,100.0,80.47782897949219,1,The hungry is the target for: who wolfs the food?,The hungry is the target for: who wolfs the food?,80.47782897949219,100.0,80.47782897949219,1,The hungry is the target for: who wolfs the food?,The hungry is the target for: who wolfs the food?,80.47782897949219,100.0,80.47782897949219,False,False,False
Who drinks the water?,The thirsty drink the water.,Garden Path,The thirsty.,The thirsty drink.,0,The thirsty drink.,The thirsty drink.,73.74195098876953,99.99999237060548,73.74195098876953,1,The thirsty.,The thirsty.,67.31859588623047,100.0,67.31859588623047,1,The thirsty.,The thirsty.,67.31859588623047,100.0,67.31859588623047,True,False,False
Who watches the stars?,The awake watch the stars.,Garden Path,The awake.,The awake watch.,0,The awake watch.,The awake watch.,38.51476287841797,100.0,38.51476287841797,0,The awake watch.,The awake watch.,38.51476287841797,100.0,38.51476287841797,1,The awake.,The awake.,25.721895217895508,100.0,25.721895217895508,True,True,True
Who coughs the phlegm?,The sick cough the phlegm.,Garden Path,The sick is the target for: who coughs the phlegm?,cough..,1,The sick is the target for: who coughs the phlegm?,The sick is the target for: who coughs the phlegm?,89.60075378417969,100.0,89.60075378417969,1,The sick is the target for: who coughs the phlegm?,The sick.,89.60075378417969,53.03306579589844,38.02252960205078,1,The sick is the target for: who coughs the phlegm?,The sick is the target for: who coughs the phlegm?,89.60075378417969,100.0,89.60075378417969,False,False,False
Who walks the trail?,The healthy walk the trail.,Garden Path,The healthy.,The healthy walk.,0,The healthy walk.,The healthy walk.,48.44850158691406,100.00001525878906,48.44850158691406,0,The healthy walk.,The healthy walk.,48.44850158691406,100.00001525878906,48.44850158691406,1,The healthy.,The healthy.,20.55840110778809,100.0,20.55840110778809,True,True,True
Who rots in the ground?,The dead rot in the ground.,Garden Path,The dead.,The dead rot.,0,The dead rot.,The dead.,66.668212890625,69.41841888427734,45.84663391113281,0,The dead rot.,The dead.,66.668212890625,69.41841888427734,45.84663391113281,1,The dead.,The dead.,45.84663391113281,100.00001525878906,45.84663391113281,True,True,True
Who springs into action?,The young spring into action.,Garden Path,The young is the target for: who springs into action?,spring..,1,The young is the target for: who springs into action?,The young is the target for: the hero.,65.37348937988281,78.63999938964844,32.698543548583984,1,The young is the target for: who springs into action?,The young is the target for: the hero.,65.37348937988281,78.63999938964844,32.698543548583984,1,The young is the target for: who springs into action?,The young is the target for: the hero.,65.37348937988281,78.63999938964844,32.698543548583984,False,False,False
Who ages like wine?,The old age like wine.,Garden Path,The old.,The old age.,0,The old age.,The old age.,47.21343994140625,100.00001525878906,47.21343994140625,1,The old.,The old.,24.38026428222656,100.0,24.38026428222656,1,The old.,The old.,24.38026428222656,100.0,24.38026428222656,True,False,False
Who ripens the cheese?,The mature ripen the cheese.,Garden Path,The mature.,The mature ripen.,0,The mature ripen.,The mature ripen.,62.44262313842773,100.0,62.44262313842773,0,The mature ripen.,The mature ripen.,62.44262313842773,100.0,62.44262313842773,1,The mature.,The mature.,26.273786544799805,100.00001525878906,26.273786544799805,True,True,True
Who plays the fool?,The innocent play the fool.,Garden Path,The innocent is the target for: who plays the fool?,play..,1,The innocent is the target for: who plays the fool?,The innocent is the target for the one who plays the fool.,73.98484802246094,94.91568756103516,63.605804443359375,1,The innocent is the target for: who plays the fool?,The innocent is the target for the one who plays the fool.,73.98484802246094,94.91568756103516,63.605804443359375,1,The innocent is the target for: who plays the fool?,The innocent is the target for: the fool.,73.98484802246094,90.72454833984376,54.06793212890625,False,False,False
Who fears the police?,The guilty fear the police.,Garden Path,The guilty.,The guilty fear.,0,The guilty fear.,The guilty fear.,54.470489501953125,100.00001525878906,54.470489501953125,0,The guilty fear.,The guilty fear.,54.470489501953125,100.00001525878906,54.470489501953125,1,The guilty.,The guilty.,26.039281845092773,99.99999237060548,26.039281845092773,True,True,True
Who helps the needy?,The good help the needy.,Garden Path,The good.,The good help.,0,The good help.,The good helps.,29.29883003234864,76.01863861083984,44.56869888305664,0,The good help.,The good helps.,29.29883003234864,76.01863861083984,44.56869888305664,1,The good.,The good helps the needy.,17.81657600402832,37.17824172973633,76.100830078125,True,True,True
Who sins without remorse?,The evil sin without remorse.,Garden Path,The evil is the target for: who sins without remorse?,sin..,1,The evil is the target for: who sins without remorse?,The evil is the target for: the devil.,84.2727279663086,63.618873596191406,27.0444564819336,1,The evil is the target for: who sins without remorse?,The evil is the target for: the one who sins without remorse.,84.2727279663086,95.3117446899414,71.59839630126953,1,The evil is the target for: who sins without remorse?,The evil is the target for: the wicked.,84.2727279663086,63.33320236206055,26.57909393310547,False,False,False
Who cleans the temple?,The pure clean the temple.,Garden Path,The pure.,The pure clean.,0,The pure clean.,The pure clean.,45.57818603515625,100.00001525878906,45.57818603515625,0,The pure clean.,The priests clean the temple.,45.57818603515625,36.6807746887207,85.13134002685547,1,The pure.,The priests clean the temple.,26.508441925048828,15.06313133239746,85.13134002685547,True,True,True
Who schemes the plot?,The wicked scheme the plot.,Garden Path,The wicked.,The wicked scheme.,0,The wicked scheme.,The wicked scheme.,52.72335433959961,100.0,52.72335433959961,0,The wicked scheme.,The wicked scheme.,52.72335433959961,100.0,52.72335433959961,1,The wicked.,The wicked schemes the plot.,37.81622695922852,63.95421600341797,74.45203399658203,True,True,True
Who blesses the children?,The holy bless the children.,Garden Path,The holy is the target for: who blesses the children?,bless..,1,The holy is the target for: who blesses the children?,The holy is the target for: God blesses the children.,83.32389831542969,94.93698120117188,73.95304107666016,1,The holy is the target for: who blesses the children?,The holy is the target for: God blesses the children.,83.32389831542969,94.93698120117188,73.95304107666016,1,The holy is the target for: who blesses the children?,The holy is the target for: God blesses the children.,83.32389831542969,94.93698120117188,73.95304107666016,False,False,False
Who curses the heavens?,The profane curse the heavens.,Garden Path,The profane.,The profane curse.,0,The profane curse.,The profane curse curses the heavens.,54.80686950683594,83.3685302734375,83.79840850830078,0,The profane curse.,The profane curse is cursed by the heavens.,54.80686950683594,80.70772552490234,75.37210845947266,1,The profane.,The profane curses the heavens.,31.076679229736328,58.77801132202149,85.80522918701172,True,True,True
Who programs the computers?,The smart program the computers.,Garden Path,The smart.,The smart program.,0,The smart program.,The smart program programs the computers.,51.78399658203125,85.63240814208984,71.1522445678711,1,The smart.,The smart.,25.418132781982425,100.00001525878906,25.418132781982425,1,The smart.,The smart.,25.418132781982425,100.00001525878906,25.418132781982425,True,False,False
Who blunders the operation?,The dumb blunder the operation.,Garden Path,The dumb is the target for: who blunders the operation?,blunder..,1,The dumb is the target for: who blunders the operation?,The dumb is the target for: who blunders the operation?,73.82988739013672,100.0,73.82988739013672,1,The dumb is the target for: who blunders the operation?,The dumb is the target for: who blunders the operation?,73.82988739013672,100.0,73.82988739013672,1,The dumb is the target for: who blunders the operation?,The dumb is the target for: who blunders the operation?,73.82988739013672,100.0,73.82988739013672,False,False,False
Who counsels the king?,The wise counsel the king.,Garden Path,The wise.,The wise counsel.,0,The wise counsel.,The wise counsel.,56.14721298217773,100.0,56.14721298217773,0,The wise counsel.,The wise counsel.,56.14721298217773,100.0,56.14721298217773,1,The wise.,The wise.,33.0059928894043,100.0,33.0059928894043,True,True,True
Who jokes about serious matters?,The foolish joke about serious matters.,Garden Path,The foolish.,The foolish joke.,0,The foolish joke.,The foolish joke.,42.22197723388672,99.99998474121094,42.22197723388672,1,The foolish.,The foolish.,24.51578712463379,100.0,24.51578712463379,1,The foolish.,The foolish.,24.51578712463379,100.0,24.51578712463379,True,False,False
Who tricks the guards?,The clever trick the guards.,Garden Path,The clever is the target for: who tricks the guards?,trick..,1,The clever is the target for: who tricks the guards?,The clever.,77.10399627685547,54.004512786865234,25.23995018005371,1,The clever is the target for: who tricks the guards?,The clever.,77.10399627685547,54.004512786865234,25.23995018005371,1,The clever is the target for: who tricks the guards?,The clever is the target for: the one who tricks the guards.,77.10399627685547,95.5461654663086,66.10599517822266,False,False,False
Who crawls the distance?,The slow crawl the distance.,Garden Path,The slow.,The slow crawl.,0,The slow crawl.,The slow crawl.,64.98052215576172,100.00001525878906,64.98052215576172,0,The slow crawl.,The slow crawl.,64.98052215576172,100.00001525878906,64.98052215576172,1,The slow.,The slow.,33.4359245300293,100.00001525878906,33.4359245300293,True,True,True
Who races the cars?,The fast race the cars.,Garden Path,The fast.,The fast race.,0,The fast race.,The fast race.,63.99316787719727,100.0,63.99316787719727,0,The fast race.,The fast race.,63.99316787719727,100.0,63.99316787719727,1,The fast.,The fast.,36.130409240722656,100.0,36.130409240722656,True,True,True
Who darts past the guards?,The quick dart past the guards.,Garden Path,The quick is the target for: who darts past the guards?,dart..,1,The quick is the target for: who darts past the guards?,The quick.,87.65616607666016,46.02526473999024,22.74861717224121,1,The quick is the target for: who darts past the guards?,The quick is the target for: who darts past the guards?,87.65616607666016,100.00001525878906,87.65616607666016,1,The quick is the target for: who darts past the guards?,The quick.,87.65616607666016,46.02526473999024,22.74861717224121,False,False,False
Who lounges on the sofa?,The lazy lounge on the sofa.,Garden Path,The lazy.,The lazy lounge.,0,The lazy lounge.,"The one who is described as ""lazy"" in the context.",56.48369216918945,40.2839469909668,33.251705169677734,0,The lazy lounge.,"The one who is described as ""lazy"" in the context.",56.48369216918945,40.2839469909668,33.251705169677734,1,The lazy.,The lazy.,33.77595520019531,100.00001525878906,33.77595520019531,True,True,True
Who exercises their bodies?,The active exercise their bodies.,Garden Path,The active.,The active exercise.,0,The active exercise.,The active exercise.,68.32325744628906,99.99999237060548,68.32325744628906,1,The active.,The active.,30.6114559173584,100.0,30.6114559173584,1,The active.,The active.,30.6114559173584,100.0,30.6114559173584,True,False,False
Who braves the elements?,The brave brave the elements.,Garden Path,The brave is the target for: who braves the elements?,brave..,1,The brave is the target for: who braves the elements?,The brave is the target.,73.93064880371094,74.79341888427734,26.59618186950684,1,The brave is the target for: who braves the elements?,The brave is the target for: who braves the elements?,73.93064880371094,100.0,73.93064880371094,1,The brave is the target for: who braves the elements?,The brave is the target for: who braves the elements?,73.93064880371094,100.0,73.93064880371094,False,False,False
Who cowers in fear?,The cowardly cower in fear.,Garden Path,The cowardly.,The cowardly cower.,0,The cowardly cower.,The cowardly cower.,64.98709106445312,100.0,64.98709106445312,0,The cowardly cower.,The cowardly cower.,64.98709106445312,100.0,64.98709106445312,1,The cowardly.,The cowardly.,38.9167594909668,100.00001525878906,38.9167594909668,True,True,True
Who faces the music?,The bold face the music.,Garden Path,The bold.,The bold face.,0,The bold face.,**The bold face** faces the music.,41.17022705078125,68.09815979003906,73.96529388427734,0,The bold face.,**The bold face**.,41.17022705078125,88.0576171875,36.97842788696289,1,The bold.,The bold faces the music.,29.107511520385746,63.44732666015625,74.56004333496094,True,True,True
Who shies away?,The timid shy away.,Garden Path,The timid is the target for: who shies away?,shy..,1,The timid is the target for: who shies away?,The timid is the target for: the timid.,53.27057266235352,83.74190521240234,8.168941497802734,1,The timid is the target for: who shies away?,The timid is the target for: the timid.,53.27057266235352,83.74190521240234,8.168941497802734,1,The timid is the target for: who shies away?,The timid is the target for: the timid.,53.27057266235352,83.74190521240234,8.168941497802734,False,False,False
Who boasts of their deeds?,The proud boast of their deeds.,Garden Path,The proud.,The proud boast.,0,The proud boast.,The proud boast.,40.81553268432617,100.00001525878906,40.81553268432617,0,The proud boast.,The proud boast.,40.81553268432617,100.00001525878906,40.81553268432617,1,The proud.,The proud.,39.78237533569336,100.0,39.78237533569336,True,True,True
Who bows to the queen?,The humble bow to the queen.,Garden Path,The humble.,The humble bow.,0,The humble bow.,"In the context provided, it is stated that ""The humble bow"" and therefore, one would infer that it is the subject of the sentence who bows to the queen.",52.53910827636719,67.39785766601562,70.1470947265625,0,The humble bow.,"In the context provided, it is stated that ""The humble bow"" and therefore, one would infer that it is the person who is described as ""humble"" who bows to the queen.",52.53910827636719,72.8243179321289,66.6224594116211,1,The humble.,The humble.,28.2496337890625,100.0000228881836,28.2496337890625,True,True,True
Who bankrolls the project?,The rich bankroll the project.,Garden Path,The rich is the target for: who bankrolls the project?,bankroll..,1,The rich is the target for: who bankrolls the project?,The rich is the target for: the rich.,76.24295043945312,71.2254409790039,27.214006423950195,1,The rich is the target for: who bankrolls the project?,The rich is the target for who bankrolls the project?,76.24295043945312,98.06525421142578,77.278564453125,1,The rich is the target for: who bankrolls the project?,The rich is the target for: the rich.,76.24295043945312,71.2254409790039,27.214006423950195,False,False,False
Who begs for scraps?,The poor beg for scraps.,Garden Path,The poor.,The poor beg.,0,The poor beg.,The poor beg.,37.092918395996094,100.00001525878906,37.092918395996094,0,The poor beg.,The poor beg.,37.092918395996094,100.00001525878906,37.092918395996094,1,The poor.,The poor.,28.48026657104492,100.00001525878906,28.48026657104492,True,True,True
Who cashes the checks?,The wealthy cash the checks.,Garden Path,The wealthy.,The wealthy cash.,0,The wealthy cash.,The wealthy cash.,52.87929153442383,100.00001525878906,52.87929153442383,0,The wealthy cash.,The wealthy cash.,52.87929153442383,100.00001525878906,52.87929153442383,1,The wealthy.,The wealthy.,27.148681640625,100.0,27.148681640625,True,True,True
Who pawns their watches?,The broke pawn their watches.,Garden Path,The broke is the target for: who pawns their watches?,pawn..,1,The broke is the target for: who pawns their watches?,The broke is the target for: who pawns their watches?,84.23137664794922,99.99996948242188,84.23137664794922,1,The broke is the target for: who pawns their watches?,The broke is the target for: who pawns their watches?,84.23137664794922,99.99996948242188,84.23137664794922,1,The broke is the target for: who pawns their watches?,The broke is the target for: who pawns their watches?,84.23137664794922,99.99996948242188,84.23137664794922,False,False,False
Who lucks into money?,The fortunate luck into money.,Garden Path,The fortunate.,The fortunate luck.,0,The fortunate luck.,The fortunate luck.,59.72181701660156,100.0000228881836,59.72181701660156,1,The fortunate.,The fortunate.,42.6500129699707,100.0,42.6500129699707,1,The fortunate.,The fortunate.,42.6500129699707,100.0,42.6500129699707,True,False,False
Who fails the exam?,The unlucky fail the exam.,Garden Path,The unlucky.,The unlucky fail.,0,The unlucky fail.,The unlucky fail.,48.005126953125,100.0000228881836,48.005126953125,0,The unlucky fail.,The unlucky fail.,48.005126953125,100.0000228881836,48.005126953125,1,The unlucky.,The unlucky.,25.543922424316406,100.0,25.543922424316406,True,True,True
Who smiles at strangers?,The happy smile at strangers.,Garden Path,The happy is the target for: who smiles at strangers?,smile..,1,The happy is the target for: who smiles at strangers?,The happy is the target for: the happy.,90.9054718017578,67.27515411376953,42.40231323242188,1,The happy is the target for: who smiles at strangers?,The happy is the target for: who smiles at strangers?,90.9054718017578,100.00001525878906,90.9054718017578,0,smile..,"According to the context, ""people"" smile at strangers.",51.64903259277344,45.576847076416016,75.63938903808594,False,False,False
Who cries for help?,The sad cry for help.,Garden Path,The sad.,The sad cry.,0,The sad cry.,The sad cry.,47.6933479309082,100.0,47.6933479309082,0,The sad cry.,The sad cry.,47.6933479309082,100.0,47.6933479309082,1,The sad.,The sad.,33.85456466674805,99.99998474121094,33.85456466674805,True,True,True
Who rages against the machine?,The angry rage against the machine.,Garden Path,The angry.,The angry rage.,0,The angry rage.,The angry rage.,47.60557174682617,100.00001525878906,47.60557174682617,1,The angry.,The angry.,44.35241317749024,100.0,44.35241317749024,1,The angry.,The angry.,44.35241317749024,100.0,44.35241317749024,True,False,False
Who stills the waters?,The calm still the waters.,Garden Path,The calm is the target for: who stills the waters?,still..,1,The calm is the target for: who stills the waters?,The calm is the target for: God.,66.9747085571289,67.37826538085938,16.49597930908203,1,The calm is the target for: who stills the waters?,The calm is the target for: God.,66.9747085571289,67.37826538085938,16.49597930908203,1,The calm is the target for: who stills the waters?,The calm is the target for: God.,66.9747085571289,67.37826538085938,16.49597930908203,False,False,False
Who cheers the team?,The excited cheer the team.,Garden Path,The excited.,The excited cheer.,0,The excited cheer.,The team is cheered by the excited crowd.,57.31842422485352,72.54265594482422,66.0208740234375,0,The excited cheer.,The team is cheered by the excited crowd.,57.31842422485352,72.54265594482422,66.0208740234375,1,The excited.,The excited.,31.65485572814941,100.0,31.65485572814941,True,True,True
Who yawns through the lecture?,The bored yawn through the lecture.,Garden Path,The bored.,The bored yawn.,0,The bored yawn.,The bored yawn.,65.39698791503906,99.99999237060548,65.39698791503906,0,The bored yawn.,The bored yawn.,65.39698791503906,99.99999237060548,65.39698791503906,1,The bored.,The bored.,30.51319694519043,100.0,30.51319694519043,True,True,True
Who charms the host?,The beautiful charm the host.,Garden Path,The beautiful is the target for: who charms the host?,charm..,1,The beautiful is the target for: who charms the host?,The beautiful is the target for: who charms the host?,81.1397933959961,100.0,81.1397933959961,1,The beautiful is the target for: who charms the host?,The beautiful is the target for: who charms the host?,81.1397933959961,100.0,81.1397933959961,1,The beautiful is the target for: who charms the host?,The beautiful is the target for: who charms the host?,81.1397933959961,100.0,81.1397933959961,False,False,False
Who scares the children?,The ugly scare the children.,Garden Path,The ugly.,The ugly scare.,0,The ugly scare.,The ugly scare scares the children.,56.60467147827149,84.81444549560547,76.32368469238281,0,The ugly scare.,The ugly scare scares the children.,56.60467147827149,84.81444549560547,76.32368469238281,1,The ugly.,The ugly scares the children.,34.56969451904297,63.60713195800781,68.59368133544922,True,True,True
Who paints their faces?,The pretty paint their faces.,Garden Path,The pretty.,The pretty paint.,0,The pretty paint.,"According to the context, ""The pretty paint"", it is not clear who paints their faces, as the context only refers to ""the pretty paint"" and does not mention faces or painting.",55.43501281738281,62.529296875,68.76909637451172,0,The pretty paint.,"According to the context, ""The pretty paint"", it is not clear who paints their faces.",55.43501281738281,62.49432373046875,72.26641082763672,1,The pretty.,The pretty.,29.936336517333984,100.0,29.936336517333984,True,True,True
Who grooms their horses?,The handsome groom their horses.,Garden Path,The handsome is the target for: who grooms their horses?,groom..,1,The handsome is the target for: who grooms their horses?,The handsome is the target for: who grooms their horses?,86.6728515625,100.0,86.6728515625,1,The handsome is the target for: who grooms their horses?,The handsome is the target for: who grooms their horses?,86.6728515625,100.0,86.6728515625,1,The handsome is the target for: who grooms their horses?,The handsome is the target for: who grooms their horses?,86.6728515625,100.0,86.6728515625,False,False,False
Who lures the prey?,The attractive lure the prey.,Garden Path,The attractive.,The attractive lure.,0,The attractive lure.,The attractive lure.,63.1422233581543,100.00001525878906,63.1422233581543,0,The attractive lure.,The attractive lure.,63.1422233581543,100.00001525878906,63.1422233581543,1,The attractive.,The attractive lures the prey.,32.2528076171875,45.463191986083984,82.09947204589844,True,True,True
Who stinks up the room?,The foul stink up the room.,Garden Path,The foul.,The foul stink.,0,The foul stink.,The foul stink.,53.151161193847656,100.00001525878906,53.151161193847656,0,The foul stink.,The foul stink.,53.151161193847656,100.00001525878906,53.151161193847656,1,The foul.,The foul.,27.24895477294922,100.0,27.24895477294922,True,True,True
Who mops the floors?,The clean mop the floors.,Garden Path,The clean is the target for: who mops the floors?,mop..,1,The clean is the target for: who mops the floors?,The clean is the target for: the clean.,81.60114288330078,63.46022033691406,22.012619018554688,1,The clean is the target for: who mops the floors?,The clean is the target for: the clean.,81.60114288330078,63.46022033691406,22.012619018554688,1,The clean is the target for: who mops the floors?,The clean is the target for: who mops the floors?,81.60114288330078,100.0,81.60114288330078,False,False,False
Who smears the walls?,The dirty smear the walls.,Garden Path,The dirty.,The dirty smear.,0,The dirty smear.,The dirty smear.,45.94029235839844,100.0,45.94029235839844,0,The dirty smear.,The dirty smear.,45.94029235839844,100.0,45.94029235839844,1,The dirty.,The dirty smears the walls.,34.070579528808594,61.07157897949219,83.01131439208984,True,True,True
Who tidies the desk?,The neat tidy the desk.,Garden Path,The neat.,The neat tidy.,0,The neat tidy.,The neat tidy.,25.616146087646484,100.00001525878906,25.616146087646484,0,The neat tidy.,The neat tidy.,25.616146087646484,100.00001525878906,25.616146087646484,1,The neat.,The neat.,18.878005981445312,100.00001525878906,18.878005981445312,True,True,True
Who clutters the workspace?,The messy clutter the workspace.,Garden Path,The messy is the target for: who clutters the workspace?,clutter..,1,The messy is the target for: who clutters the workspace?,The messy is the target for: the messy.,89.60011291503906,62.6566276550293,29.302608489990234,1,The messy is the target for: who clutters the workspace?,The messy is the target for: the messy.,89.60011291503906,62.6566276550293,29.302608489990234,1,The messy is the target for: who clutters the workspace?,The messy is the target for: the messy.,89.60011291503906,62.6566276550293,29.302608489990234,False,False,False
Who files the paperwork?,The organized file the paperwork.,Garden Path,The organized.,The organized file.,0,The organized file.,The clerk files the paperwork.,54.5882568359375,47.28166961669922,81.71995544433594,0,The organized file.,The clerk files the paperwork.,54.5882568359375,47.28166961669922,81.71995544433594,1,The organized.,The organized files the paperwork.,31.080228805541992,58.81218719482422,80.59259796142578,True,True,True
Who ruins the plan?,The chaotic ruin the plan.,Garden Path,The chaotic.,The chaotic ruin.,0,The chaotic ruin.,The chaotic ruin.,43.42137908935547,100.00001525878906,43.42137908935547,0,The chaotic ruin.,The chaotic ruin.,43.42137908935547,100.00001525878906,43.42137908935547,1,The chaotic.,The chaotic.,34.07923126220703,100.00001525878906,34.07923126220703,True,True,True
Who scales the wall?,The tall scale the wall.,Garden Path,The tall is the target for: who scales the wall?,scale..,1,The tall is the target for: who scales the wall?,The tall scales the wall.,91.3596420288086,88.7673110961914,85.45924377441406,1,The tall is the target for: who scales the wall?,The tall scales the wall.,91.3596420288086,88.7673110961914,85.45924377441406,1,The tall is the target for: who scales the wall?,The tall scales the wall.,91.3596420288086,88.7673110961914,85.45924377441406,False,False,False
Who ducks the branches?,The short duck the branches.,Garden Path,The short.,The short duck.,0,The short duck.,The short duck.,39.2557487487793,100.0,39.2557487487793,0,The short duck.,The short duck.,39.2557487487793,100.0,39.2557487487793,1,The short.,The short answer is: Peter Pan.,19.602787017822266,29.32983016967773,14.09868621826172,True,True,True
Who bullies the weak?,The big bully the weak.,Garden Path,The big.,The big bully.,0,The big bully.,The big bully.,59.21474838256836,99.99998474121094,59.21474838256836,0,The big bully.,The big bully.,59.21474838256836,99.99998474121094,59.21474838256836,1,The big.,The big bullies the weak.,22.12306404113769,44.56785202026367,85.19448852539062,True,True,True
Who sneaks past the sentry?,The small sneak past the sentry.,Garden Path,The small is the target for: who sneaks past the sentry?,sneak..,1,The small is the target for: who sneaks past the sentry?,The small.,83.76046752929688,57.074974060058594,26.06778144836425,1,The small is the target for: who sneaks past the sentry?,The small.,83.76046752929688,57.074974060058594,26.06778144836425,1,The small is the target for: who sneaks past the sentry?,The small.,83.76046752929688,57.074974060058594,26.06778144836425,False,False,False
Who dwarfs the buildings?,The giant dwarf the buildings.,Garden Path,The giant.,The giant dwarf.,0,The giant dwarf.,The giant dwarf.,56.68375396728516,100.0,56.68375396728516,0,The giant dwarf.,The giant dwarf.,56.68375396728516,100.0,56.68375396728516,1,The giant.,The giant.,45.690650939941406,100.0,45.690650939941406,True,True,True
Who squeaks through the crack?,The tiny squeak through the crack.,Garden Path,The tiny.,The tiny squeak.,0,The tiny squeak.,The mouse.,62.06993865966797,37.344688415527344,23.7373275756836,0,The tiny squeak.,The mouse squeaks through the crack.,62.06993865966797,54.79888153076172,68.35258483886719,1,The tiny.,The mouse.,18.33893203735352,43.43391799926758,23.7373275756836,True,True,True
Who spans the river?,The wide span the river.,Garden Path,The wide is the target for: who spans the river?,span..,1,The wide is the target for: who spans the river?,The wide is the target for: the bridge.,83.9460220336914,66.21906280517578,37.42331314086914,1,The wide is the target for: who spans the river?,The wide is the target for: the bridge.,83.9460220336914,66.21906280517578,37.42331314086914,1,The wide is the target for: who spans the river?,The wide is the target for: the bridge.,83.9460220336914,66.21906280517578,37.42331314086914,False,False,False
Who squeezes through the gap?,The narrow squeeze through the gap.,Garden Path,The narrow.,The narrow squeeze.,0,The narrow squeeze.,The narrow squeeze.,68.66757202148438,100.0,68.66757202148438,0,The narrow squeeze.,The rabbit squeezes through the gap.,68.66757202148438,48.43400573730469,61.452762603759766,1,The narrow.,The mouse.,52.67819213867188,31.043989181518555,23.766056060791016,True,True,True
Who smiles at the joke?,The broad smile at the joke.,Garden Path,The broad.,The broad smile.,0,The broad smile.,The person telling the joke.,44.84828567504883,31.02574920654297,69.58892059326172,0,The broad smile.,The person telling the joke.,44.84828567504883,31.02574920654297,69.58892059326172,1,The broad.,The broad.,14.636808395385742,100.0,14.636808395385742,True,True,True
Who slips through the bars?,The thin slip through the bars.,Garden Path,The thin is the target for: who slips through the bars?,slip..,1,The thin is the target for: who slips through the bars?,The thin is the target for: the prisoner.,80.77116394042969,54.975860595703125,21.966447830200195,1,The thin is the target for: who slips through the bars?,The thin is the target for: the prisoner.,80.77116394042969,54.975860595703125,21.966447830200195,1,The thin is the target for: who slips through the bars?,The thin is the target for: the prisoner.,80.77116394042969,54.975860595703125,21.966447830200195,False,False,False
Who waddles down the street?,The fat waddle down the street.,Garden Path,The fat.,The fat waddle.,0,The fat waddle.,The fat waddle.,48.57124710083008,100.0000228881836,48.57124710083008,0,The fat waddle.,The fat waddle.,48.57124710083008,100.0000228881836,48.57124710083008,1,The fat.,The fat.,22.710128784179688,100.0000228881836,22.710128784179688,True,True,True
Who circles the wagons?,The round circle the wagons.,Garden Path,The round.,The round circle.,0,The round circle.,"The round circle is not relevant to the query, so I'll provide a neutral answer: I don't know.",46.90083694458008,61.73528289794922,27.215770721435547,1,The round.,The cowboys.,39.32212448120117,34.618038177490234,30.516450881958008,1,The round.,The cowboys.,39.32212448120117,34.618038177490234,30.516450881958008,True,False,False
Who levels the playing field?,The flat level the playing field.,Garden Path,The flat is the target for: who levels the playing field?,level..,1,The flat is the target for: who levels the playing field?,The flat is the target for: the builder.,72.22442626953125,57.55772018432617,16.953889846801758,1,The flat is the target for: who levels the playing field?,The flat is the target for: the referee.,72.22442626953125,68.64939880371094,27.596399307250977,1,The flat is the target for: who levels the playing field?,The flat is the target for: the referee.,72.22442626953125,68.64939880371094,27.596399307250977,False,False,False
Who cuts the tension?,The sharp cut the tension.,Garden Path,The sharp.,The sharp cut.,0,The sharp cut.,The sharp cut cuts the tension.,50.58562850952149,70.38184356689453,80.39427185058594,0,The sharp cut.,The sharp cut.,50.58562850952149,100.0,50.58562850952149,1,The sharp.,The sharp.,41.82415390014648,100.0,41.82415390014648,True,True,True
Who blunts the impact?,The dull blunt the impact.,Garden Path,The dull.,The dull blunt.,0,The dull blunt.,The dull blunt.,54.44649505615234,100.0,54.44649505615234,0,The dull blunt.,The dull blunt.,54.44649505615234,100.0,54.44649505615234,1,The dull.,The dull.,34.405399322509766,100.0,34.405399322509766,True,True,True
Who spears the fish?,The pointed spear the fish.,Garden Path,The pointed is the target for: who spears the fish?,spear..,1,The pointed is the target for: who spears the fish?,The pointed is the target for: who spears the fish?,81.55035400390625,100.00001525878906,81.55035400390625,1,The pointed is the target for: who spears the fish?,The pointed is the target for: who spears the fish?,81.55035400390625,100.00001525878906,81.55035400390625,1,The pointed is the target for: who spears the fish?,The pointed is the target for: who spears the fish?,81.55035400390625,100.00001525878906,81.55035400390625,False,False,False
Who glides across the ice?,The smooth glide across the ice.,Garden Path,The smooth.,The smooth glide.,0,The smooth glide.,The figure skater.,57.5401611328125,28.772003173828125,47.99700164794922,0,The smooth glide.,The figure skater.,57.5401611328125,28.772003173828125,47.99700164794922,1,The smooth.,The smooth.,30.02287101745605,100.0000228881836,30.02287101745605,True,True,True
Who grates the cheese?,The rough grate the cheese.,Garden Path,The rough.,The rough grate.,0,The rough grate.,The person grating the cheese.,55.089481353759766,43.01229095458984,80.0888671875,0,The rough grate.,The grater grates the cheese.,55.089481353759766,62.03595352172852,88.08673095703125,1,The rough.,The grater grates the cheese.,22.62952041625977,21.788667678833008,88.08673095703125,True,True,True
Who slides down the hill?,The slippery slide down the hill.,Garden Path,The slippery is the target for: who slides down the hill?,slide..,1,The slippery is the target for: who slides down the hill?,The slippery is the target for: who slides down the hill?,83.15267944335938,100.0000228881836,83.15267944335938,1,The slippery is the target for: who slides down the hill?,The slippery is the target for: who slides down the hill?,83.15267944335938,100.0000228881836,83.15267944335938,1,The slippery is the target for: who slides down the hill?,The slippery is the target for: who slides down the hill?,83.15267944335938,100.0000228881836,83.15267944335938,False,False,False
Who glues the pieces?,The sticky glue the pieces.,Garden Path,The sticky.,The sticky glue.,0,The sticky glue.,The sticky glue.,67.03282928466797,100.0,67.03282928466797,0,The sticky glue.,The sticky glue.,67.03282928466797,100.0,67.03282928466797,1,The sticky.,The sticky.,37.54684829711914,100.0,37.54684829711914,True,True,True
Who parches the earth?,The dry parch the earth.,Garden Path,The dry.,The dry parch.,0,The dry parch.,The dry parch.,39.1650619506836,100.0,39.1650619506836,0,The dry parch.,The dry parch.,39.1650619506836,100.0,39.1650619506836,1,The dry.,The sun parches the earth.,25.147470474243164,24.28426170349121,71.48677062988281,True,True,True
Who soaks the sponges?,The wet soak the sponges.,Garden Path,The wet is the target for: who soaks the sponges?,soak..,1,The wet is the target for: who soaks the sponges?,The wet is the target for: who soaks the sponges?,88.82767486572266,100.0,88.82767486572266,1,The wet is the target for: who soaks the sponges?,The wet is the target for: who soaks the sponges?,88.82767486572266,100.0,88.82767486572266,1,The wet is the target for: who soaks the sponges?,The wet is the target for: who soaks the sponges?,88.82767486572266,100.0,88.82767486572266,False,False,False
Who scorches the grass?,The hot scorch the grass.,Garden Path,The hot.,The hot scorch.,0,The hot scorch.,The hot scorch.,49.939849853515625,100.0,49.939849853515625,0,The hot scorch.,The hot scorch.,49.939849853515625,100.0,49.939849853515625,1,The hot.,The sun scorches the grass.,23.214847564697266,24.66365623474121,72.91276550292969,True,True,True
Who freezes the pipes?,The cold freeze the pipes.,Garden Path,The cold.,The cold freeze.,0,The cold freeze.,The cold freeze.,58.4900016784668,100.0000228881836,58.4900016784668,0,The cold freeze.,The cold freeze.,58.4900016784668,100.0000228881836,58.4900016784668,1,The cold.,The cold.,40.93140411376953,100.0,40.93140411376953,True,True,True
Who melts the snow?,The warm melt the snow.,Garden Path,The warm is the target for: who melts the snow?,melt..,1,The warm is the target for: who melts the snow?,The warm melts the snow.,87.50788116455078,81.65730285644531,79.86283874511719,1,The warm is the target for: who melts the snow?,The warm melts the snow.,87.50788116455078,81.65730285644531,79.86283874511719,1,The warm is the target for: who melts the snow?,The warm melts the snow.,87.50788116455078,81.65730285644531,79.86283874511719,False,False,False
Who frosts the glass?,The freezing frost the glass.,Garden Path,The freezing.,The freezing frost.,0,The freezing frost.,The freezing frost.,66.19348907470703,100.0,66.19348907470703,0,The freezing frost.,The freezing frost.,66.19348907470703,100.0,66.19348907470703,1,The freezing.,The freezer frosts the glass.,46.167667388916016,58.657325744628906,80.84661865234375,True,True,True
Who chars the wood?,The burning char the wood.,Garden Path,The burning.,The burning char.,0,The burning char.,The burning char.,50.61808395385742,100.0,50.61808395385742,0,The burning char.,The burning char.,50.61808395385742,100.0,50.61808395385742,1,The burning.,The burning.,25.687042236328125,100.0000228881836,25.687042236328125,True,True,True
Who lights the cavern?,The glowing light the cavern.,Garden Path,The glowing is the target for: who lights the cavern?,light..,1,The glowing is the target for: who lights the cavern?,The glowing is the target for: who lights the cavern?,86.39820861816406,100.00001525878906,86.39820861816406,1,The glowing is the target for: who lights the cavern?,The glowing is the target for: who lights the cavern?,86.39820861816406,100.00001525878906,86.39820861816406,1,The glowing is the target for: who lights the cavern?,The glowing is the target for: who lights the cavern?,86.39820861816406,100.00001525878906,86.39820861816406,False,False,False
Who shadows the valley?,The dark shadow the valley.,Garden Path,The dark.,The dark shadow.,0,The dark shadow.,The dark shadow.,48.35055923461914,100.0,48.35055923461914,1,The dark.,The dark shadows the valley.,36.59062957763672,60.96249771118164,84.30247497558594,1,The dark.,The dark shadows the valley.,36.59062957763672,60.96249771118164,84.30247497558594,True,False,False
Who blinds the drivers?,The bright blind the drivers.,Garden Path,The bright.,The bright blind.,0,The bright blind.,The bright blind.,46.78835678100586,100.0000228881836,46.78835678100586,0,The bright blind.,The bright blind.,46.78835678100586,100.0000228881836,46.78835678100586,1,The bright.,The sun blinds the drivers.,25.66216278076172,24.403345108032227,77.69273376464844,True,True,True
Who fades into obscurity?,The dim fade into obscurity.,Garden Path,The dim is the target for: who fades into obscurity?,fade..,1,The dim is the target for: who fades into obscurity?,The dim is the target for: who fades into obscurity?,78.87620544433594,100.0,78.87620544433594,1,The dim is the target for: who fades into obscurity?,The dim is the target for: who fades into obscurity?,78.87620544433594,100.0,78.87620544433594,1,The dim is the target for: who fades into obscurity?,The dim is the target for: who fades into obscurity?,78.87620544433594,100.0,78.87620544433594,False,False,False
Who dyes the fabric?,The colorful dye the fabric.,Garden Path,The colorful.,The colorful dye.,0,The colorful dye.,The colorful dye.,75.85983276367188,100.00001525878906,75.85983276367188,0,The colorful dye.,The person who dyes the fabric is the one who uses the colorful dye.,75.85983276367188,74.55213928222656,84.182373046875,1,The colorful.,The tailor dyes the fabric.,51.93598175048828,41.45869827270508,81.41437530517578,True,True,True
Who blanches the vegetables?,The pale blanch the vegetables.,Garden Path,The pale.,The pale blanch.,0,The pale blanch.,The pale blanch.,52.00711441040039,100.0000228881836,52.00711441040039,0,The pale blanch.,The pale blanch.,52.00711441040039,100.0000228881836,52.00711441040039,1,The pale.,The cook blanches the vegetables.,30.182207107543945,13.0162353515625,80.63838195800781,True,True,True
Who blasts the stereo?,The loud blast the stereo.,Garden Path,The loud is the target for: who blasts the stereo?,blast..,1,The loud is the target for: who blasts the stereo?,The loud is the target for who blasts the stereo?,88.08370971679688,97.75952911376952,86.0357894897461,1,The loud is the target for: who blasts the stereo?,The loud is the target for who blasts the stereo?,88.08370971679688,97.75952911376952,86.0357894897461,1,The loud is the target for: who blasts the stereo?,The loud is the target for who blasts the stereo?,88.08370971679688,97.75952911376952,86.0357894897461,False,False,False
Who hushes the baby?,The quiet hush the baby.,Garden Path,The quiet.,The quiet hush.,0,The quiet hush.,The mother hushes the baby.,61.88895797729492,58.51609802246094,83.59334564208984,0,The quiet hush.,The mother.,61.88895797729492,35.134300231933594,46.57297897338867,1,The quiet.,The mother hushes the baby.,39.31366729736328,37.69529342651367,83.59334564208984,True,True,True
Who rackets the neighbors?,The noisy racket the neighbors.,Garden Path,The noisy.,The noisy racket.,0,The noisy racket.,The noisy racket.,49.270469665527344,100.00001525878906,49.270469665527344,0,The noisy racket.,The noisy racket.,49.270469665527344,100.00001525878906,49.270469665527344,1,The noisy.,The noisy rackets the neighbors.,25.7671127319336,62.13325881958008,74.81123352050781,True,True,True
Who gags the prisoner?,The silent gag the prisoner.,Garden Path,The silent is the target for: who gags the prisoner?,gag..,1,The silent is the target for: who gags the prisoner?,The silent is the target for: the warden.,81.20646667480469,66.92237854003906,35.39878463745117,1,The silent is the target for: who gags the prisoner?,The silent is the target for: the warden.,81.20646667480469,66.92237854003906,35.39878463745117,1,The silent is the target for: who gags the prisoner?,The silent is the target for: the warden.,81.20646667480469,66.92237854003906,35.39878463745117,False,False,False
Who sugars the tea?,The sweet sugar the tea.,Garden Path,The sweet.,The sweet sugar.,0,The sweet sugar.,The sweet sugar.,68.72265625,100.00001525878906,68.72265625,1,The sweet.,The sweet.,40.99381637573242,100.0,40.99381637573242,1,The sweet.,The sweet.,40.99381637573242,100.0,40.99381637573242,True,False,False
Who lemons the drink?,The sour lemon the drink.,Garden Path,The sour.,The sour lemon.,0,The sour lemon.,The bartender lemons the drink.,73.55448913574219,55.32689666748047,73.97943878173828,0,The sour lemon.,The bartender lemons the drink.,73.55448913574219,55.32689666748047,73.97943878173828,1,The sour.,The lemons.,42.57475280761719,42.36577987670898,77.01339721679688,True,True,True
Who poisons the well?,The bitter poison the well.,Garden Path,The bitter is the target for: who poisons the well?,poison..,1,The bitter is the target for: who poisons the well?,The bitter is the target for: the bitter.,80.75656127929688,78.0202865600586,34.06974029541016,1,The bitter is the target for: who poisons the well?,The bitter is the target for: the bitter.,80.75656127929688,78.0202865600586,34.06974029541016,1,The bitter is the target for: who poisons the well?,The bitter is the target for: the bitter.,80.75656127929688,78.0202865600586,34.06974029541016,False,False,False
Who spices the meat?,The savory spice the meat.,Garden Path,The savory.,The savory spice.,0,The savory spice.,The butcher.,63.86424255371094,36.06877899169922,55.70280456542969,0,The savory spice.,The butcher.,63.86424255371094,36.06877899169922,55.70280456542969,1,The savory.,The chef spices the meat.,49.79655075073242,40.641563415527344,84.39021301269531,True,True,True
What physical object made direct contact to crush the garlic?,"Using the silk napkin, the chef crushed the garlic, completely ignoring the garlic press.",Instrumental Fronting,The silk napkin made direct contact.,The garlic press.,0,The garlic press.,The garlic press.,61.433387756347656,100.00001525878906,61.433387756347656,1,The silk napkin made direct contact.,The silk napkin.,41.3492431640625,83.7902603149414,31.88218688964844,1,The silk napkin made direct contact.,The silk napkin.,41.3492431640625,83.7902603149414,31.88218688964844,True,False,False
What physical object made direct contact to till the soil?,"Using the wooden stick, the farmer tilled the soil, completely ignoring the soil plow.",Instrumental Fronting,The wooden stick made direct contact.,The soil plow.,0,The soil plow.,The soil plow.,62.318973541259766,100.0,62.318973541259766,1,The wooden stick made direct contact.,The wooden stick.,48.346771240234375,75.58612823486328,29.41986656188965,0,The soil plow.,The soil plow.,62.318973541259766,100.0,62.318973541259766,False,False,False
What physical object made direct contact to crack the rock?,"Using the wooden mallet, the miner cracked the rock, completely ignoring the rock drill.",Instrumental Fronting,The wooden mallet made direct contact is the target for: what physical object made direct contact to crack the rock?,drill..,1,The wooden mallet made direct contact is the target for: what physical object made direct contact to crack the rock?,The wooden mallet.,85.30281829833984,56.9498405456543,27.534229278564453,1,The wooden mallet made direct contact is the target for: what physical object made direct contact to crack the rock?,The wooden mallet.,85.30281829833984,56.9498405456543,27.534229278564453,1,The wooden mallet made direct contact is the target for: what physical object made direct contact to crack the rock?,The wooden mallet.,85.30281829833984,56.9498405456543,27.534229278564453,False,False,False
What physical object made direct contact to filter the water?,"Using the cotton shirt, the camper filtered the water, completely ignoring the water mesh.",Instrumental Fronting,The cotton shirt made direct contact.,The water mesh.,0,The water mesh.,The water mesh.,55.42660903930664,100.0,55.42660903930664,1,The cotton shirt made direct contact.,The cotton shirt.,31.826717376708984,79.7738037109375,17.999094009399414,1,The cotton shirt made direct contact.,The cotton shirt.,31.826717376708984,79.7738037109375,17.999094009399414,True,False,False
What physical object made direct contact to drive the nail?,"Using the wet noodle, the carpenter drove the nail, completely ignoring the nail hammer.",Instrumental Fronting,The wet noodle made direct contact.,The nail hammer.,0,The nail hammer.,The nail hammer.,60.96018600463867,100.0000228881836,60.96018600463867,1,The wet noodle made direct contact.,The wet noodle.,37.18798828125,79.6786880493164,15.516890525817873,1,The wet noodle made direct contact.,The wet noodle.,37.18798828125,79.6786880493164,15.516890525817873,True,False,False
What physical object made direct contact to tighten the bolt?,"Using the glass slipper, the mechanic tightened the bolt, completely ignoring the bolt wrench.",Instrumental Fronting,The glass slipper made direct contact to tighten the bolt is the target for: what physical object made direct contact to tighten the bolt?,wrench..,1,The glass slipper made direct contact to tighten the bolt is the target for: what physical object made direct contact to tighten the bolt?,The glass slipper.,85.81895446777344,48.19633102416992,19.74831962585449,1,The glass slipper made direct contact to tighten the bolt is the target for: what physical object made direct contact to tighten the bolt?,The glass slipper.,85.81895446777344,48.19633102416992,19.74831962585449,0,wrench..,The wrench made direct contact to tighten the bolt.,53.1636848449707,61.27949905395508,81.43138885498047,False,False,False
What physical object made direct contact to fell the tree?,"Using the feather duster, the lumberjack felled the tree, completely ignoring the tree axe.",Instrumental Fronting,The feather duster made direct contact to fell the tree.,The tree axe.,1,The feather duster made direct contact to fell the tree.,The feather duster.,67.8205795288086,62.93718719482422,17.792388916015625,1,The feather duster made direct contact to fell the tree.,The feather duster.,67.8205795288086,62.93718719482422,17.792388916015625,0,The tree axe.,The tree axe.,47.67203140258789,100.0,47.67203140258789,False,False,False
What physical object made direct contact to cut the tissue?,"Using the rubber duck, the surgeon cut the tissue, completely ignoring the tissue scalpel.",Instrumental Fronting,The rubber duck made direct contact to cut the tissue.,The tissue scalpel.,1,The rubber duck made direct contact to cut the tissue.,The rubber duck.,69.99880981445312,61.91195297241211,18.637556076049805,1,The rubber duck made direct contact to cut the tissue.,The rubber duck.,69.99880981445312,61.91195297241211,18.637556076049805,1,The rubber duck made direct contact to cut the tissue.,The rubber duck.,69.99880981445312,61.91195297241211,18.637556076049805,False,False,False
What physical object made direct contact to shape the iron?,"Using the paper straw, the blacksmith shaped the iron, completely ignoring the iron anvil.",Instrumental Fronting,The paper straw made direct contact to shape the iron is the target for: what physical object made direct contact to shape the iron?,anvil..,1,The paper straw made direct contact to shape the iron is the target for: what physical object made direct contact to shape the iron?,The paper straw.,81.9865951538086,60.73868179321289,25.867551803588867,1,The paper straw made direct contact to shape the iron is the target for: what physical object made direct contact to shape the iron?,The paper straw.,81.9865951538086,60.73868179321289,25.867551803588867,0,anvil..,The anvil.,26.523887634277344,91.73809051513672,24.975547790527344,False,False,False
What physical object made direct contact to breach the door?,"Using the cotton swab, the soldier breached the door, completely ignoring the door explosive.",Instrumental Fronting,The cotton swab made direct contact to breach the door.,The door explosive.,1,The cotton swab made direct contact to breach the door.,The cotton swab.,62.69998550415039,70.03874969482422,17.05885887145996,1,The cotton swab made direct contact to breach the door.,The cotton swab.,62.69998550415039,70.03874969482422,17.05885887145996,1,The cotton swab made direct contact to breach the door.,The cotton swab.,62.69998550415039,70.03874969482422,17.05885887145996,False,False,False
What physical object made direct contact to coat the wall?,"Using the slice of bread, the painter coated the wall, completely ignoring the wall brush.",Instrumental Fronting,The slice of bread made direct contact to coat the wall.,The wall brush.,1,The slice of bread made direct contact to coat the wall.,The slice of bread.,71.31340789794922,65.78348541259766,21.77067756652832,1,The slice of bread made direct contact to coat the wall.,The slice of bread.,71.31340789794922,65.78348541259766,21.77067756652832,0,The wall brush.,The wall brush.,51.25840759277344,100.00001525878906,51.25840759277344,False,False,False
What physical object made direct contact to stitch the fabric?,"Using the ice cube, the tailor stitched the fabric, completely ignoring the fabric needle.",Instrumental Fronting,The ice cube is the target for: what physical object made direct contact to stitch the fabric?,needle..,1,The ice cube is the target for: what physical object made direct contact to stitch the fabric?,The physical object that made direct contact to stitch the fabric is a needle.,81.11116027832031,71.62593078613281,87.04041290283203,1,The ice cube is the target for: what physical object made direct contact to stitch the fabric?,The physical object that made direct contact to stitch the fabric is a needle.,81.11116027832031,71.62593078613281,87.04041290283203,1,The ice cube is the target for: what physical object made direct contact to stitch the fabric?,The physical object that made direct contact to stitch the fabric is a needle.,81.11116027832031,71.62593078613281,87.04041290283203,False,False,False
What physical object made direct contact to prune the rose?,"Using the playing card, the gardener pruned the rose, completely ignoring the rose shears.",Instrumental Fronting,The playing card.,The rose shears.,0,The rose shears.,The rose shears.,53.52045822143555,100.0000228881836,53.52045822143555,0,The rose shears.,The rose shears.,53.52045822143555,100.0000228881836,53.52045822143555,0,The rose shears.,The rose shears.,53.52045822143555,100.0000228881836,53.52045822143555,False,False,False
What physical object made direct contact to chisel the marble?,"Using the shoelace, the sculptor chiseled the marble, completely ignoring the marble chisel.",Instrumental Fronting,The shoelace.,The marble chisel.,0,The marble chisel.,The chisel itself.,78.93437957763672,81.54633331298828,62.92557144165039,0,The marble chisel.,The chisel itself made direct contact to chisel the marble.,78.93437957763672,82.7337417602539,89.22531127929688,0,The marble chisel.,The chisel itself.,78.93437957763672,81.54633331298828,62.92557144165039,False,False,False
What physical object made direct contact to carve the meat?,"Using the plastic spoon, the butcher carved the meat, completely ignoring the meat cleaver.",Instrumental Fronting,The plastic spoon is the target for: what physical object made direct contact to carve the meat?,cleaver..,1,The plastic spoon is the target for: what physical object made direct contact to carve the meat?,The physical object that made direct contact to carve the meat is the knife.,85.59186553955078,79.02685546875,83.82428741455078,1,The plastic spoon is the target for: what physical object made direct contact to carve the meat?,The physical object that made direct contact to carve the meat is the knife.,85.59186553955078,79.02685546875,83.82428741455078,1,The plastic spoon is the target for: what physical object made direct contact to carve the meat?,The physical object that made direct contact to carve the meat is the knife.,85.59186553955078,79.02685546875,83.82428741455078,False,False,False
What physical object made direct contact to strip the wire?,"Using the paper clip, the electrician stripped the wire, completely ignoring the wire cutter.",Instrumental Fronting,The paper clip.,The wire cutter.,0,The wire cutter.,The wire cutter.,62.72365951538086,100.0000228881836,62.72365951538086,0,The wire cutter.,The wire cutter.,62.72365951538086,100.0000228881836,62.72365951538086,0,The wire cutter.,The wire cutter.,62.72365951538086,100.0000228881836,62.72365951538086,False,False,False
What physical object made direct contact to clean the lens?,"Using the coffee filter, the astronomer cleaned the lens, completely ignoring the lens cloth.",Instrumental Fronting,The coffee filter.,The lens cloth.,0,The lens cloth.,The lens cloth.,67.14282989501953,100.0,67.14282989501953,0,The lens cloth.,The lens cloth.,67.14282989501953,100.0,67.14282989501953,1,The coffee filter.,The coffee filter.,34.295494079589844,100.0,34.295494079589844,True,True,True
What physical object made direct contact to mop the floor?,"Using the torn receipt, the janitor mopped the floor, completely ignoring the floor mop.",Instrumental Fronting,The torn receipt is the target for: what physical object made direct contact to mop the floor?,mop..,1,The torn receipt is the target for: what physical object made direct contact to mop the floor?,The torn receipt is the target for the mop.,83.65258026123047,75.5980224609375,45.19514083862305,1,The torn receipt is the target for: what physical object made direct contact to mop the floor?,The torn receipt is the target for the mop.,83.65258026123047,75.5980224609375,45.19514083862305,1,The torn receipt is the target for: what physical object made direct contact to mop the floor?,The torn receipt is the target for the mop.,83.65258026123047,75.5980224609375,45.19514083862305,False,False,False
What physical object made direct contact to shave the beard?,"Using the wet leaf, the barber shaved the beard, completely ignoring the beard razor.",Instrumental Fronting,The wet leaf.,The beard razor.,0,The beard razor.,The physical object that made direct contact to shave the beard is the razor.,72.07369995117188,79.68668365478516,89.79584503173828,0,The beard razor.,The physical object that made direct contact to shave the beard is the razor.,72.07369995117188,79.68668365478516,89.79584503173828,0,The beard razor.,The physical object that made direct contact to shave the beard is the razor.,72.07369995117188,79.68668365478516,89.79584503173828,False,False,False
What physical object made direct contact to slice the cake?,"Using the guitar string, the baker sliced the cake, completely ignoring the cake knife.",Instrumental Fronting,The guitar string.,The cake knife.,0,The cake knife.,The cake knife.,60.54327392578125,99.99998474121094,60.54327392578125,0,The cake knife.,The cake knife.,60.54327392578125,99.99998474121094,60.54327392578125,0,The cake knife.,The cake knife.,60.54327392578125,99.99998474121094,60.54327392578125,False,False,False
What physical object made direct contact to lay the brick?,"Using the tennis ball, the mason laid the brick, completely ignoring the brick trowel.",Instrumental Fronting,The tennis ball is the target for: what physical object made direct contact to lay the brick?,trowel..,1,The tennis ball is the target for: what physical object made direct contact to lay the brick?,The tennis ball.,81.28729248046875,67.08035278320312,27.562442779541016,1,The tennis ball is the target for: what physical object made direct contact to lay the brick?,The tennis ball.,81.28729248046875,67.08035278320312,27.562442779541016,1,The tennis ball is the target for: what physical object made direct contact to lay the brick?,The tennis ball.,81.28729248046875,67.08035278320312,27.562442779541016,False,False,False
What physical object made direct contact to saw the log?,"Using the velvet ribbon, the lumberjack sawed the log, completely ignoring the log saw.",Instrumental Fronting,The velvet ribbon.,The log saw.,0,The log saw.,The physical object that made direct contact to saw the log is the saw.,74.21271514892578,79.07131958007812,87.84327697753906,0,The log saw.,The physical object that made direct contact to saw the log is the saw.,74.21271514892578,79.07131958007812,87.84327697753906,0,The log saw.,The physical object that made direct contact to saw the log is the saw.,74.21271514892578,79.07131958007812,87.84327697753906,False,False,False
What physical object made direct contact to stir the soup?,"Using the matchstick, the chef stirred the soup, completely ignoring the soup ladle.",Instrumental Fronting,The matchstick.,The soup ladle.,0,The soup ladle.,The soup ladle.,51.95207595825195,100.0,51.95207595825195,0,The soup ladle.,The soup ladle.,51.95207595825195,100.0,51.95207595825195,1,The matchstick.,The matchstick.,29.6651668548584,100.0,29.6651668548584,True,True,True
What physical object made direct contact to fire the arrow?,"Using the rubber band, the archer fired the arrow, completely ignoring the arrow bow.",Instrumental Fronting,The rubber band is the target for: what physical object made direct contact to fire the arrow?,bow..,1,The rubber band is the target for: what physical object made direct contact to fire the arrow?,The rubber band is the target for the bow.,85.40106964111328,73.43500518798828,50.53133392333984,1,The rubber band is the target for: what physical object made direct contact to fire the arrow?,The rubber band is the target for the bow.,85.40106964111328,73.43500518798828,50.53133392333984,1,The rubber band is the target for: what physical object made direct contact to fire the arrow?,The rubber band is the target for the bow.,85.40106964111328,73.43500518798828,50.53133392333984,False,False,False
What physical object made direct contact to sharpen the sword?,"Using the sponge, the knight sharpened the sword, completely ignoring the sword whetstone.",Instrumental Fronting,The sponge.,The sword whetstone.,0,The sword whetstone.,The whetstone.,52.76405334472656,81.52908325195312,23.35035896301269,0,The sword whetstone.,The whetstone.,52.76405334472656,81.52908325195312,23.35035896301269,0,The sword whetstone.,The whetstone.,52.76405334472656,81.52908325195312,23.35035896301269,False,False,False
What physical object made direct contact to wipe the glass?,"Using the brass coin, the window washer wiped the glass, completely ignoring the glass squeegee.",Instrumental Fronting,The brass coin.,The glass squeegee.,0,The glass squeegee.,The glass squeegee.,57.261268615722656,99.99998474121094,57.261268615722656,0,The glass squeegee.,The glass squeegee.,57.261268615722656,99.99998474121094,57.261268615722656,1,The brass coin.,The brass coin.,16.535778045654297,100.00001525878906,16.535778045654297,True,True,True
What physical object made direct contact to chop the wood?,"Using the frozen fish, the woodsman chopped the wood, completely ignoring the wood axe.",Instrumental Fronting,The frozen fish is the target for: what physical object made direct contact to chop the wood?,axe..,1,The frozen fish is the target for: what physical object made direct contact to chop the wood?,The axe.,77.8079833984375,27.191431045532227,31.268030166625977,1,The frozen fish is the target for: what physical object made direct contact to chop the wood?,The axe.,77.8079833984375,27.191431045532227,31.268030166625977,1,The frozen fish is the target for: what physical object made direct contact to chop the wood?,The axe.,77.8079833984375,27.191431045532227,31.268030166625977,False,False,False
What physical object made direct contact to dig the trench?,"Using the folded map, the soldier dug the trench, completely ignoring the trench shovel.",Instrumental Fronting,The folded map.,The trench shovel.,0,The trench shovel.,The trench shovel.,67.05992126464844,99.99999237060548,67.05992126464844,0,The trench shovel.,The trench shovel.,67.05992126464844,99.99999237060548,67.05992126464844,0,The trench shovel.,The trench shovel.,67.05992126464844,99.99999237060548,67.05992126464844,False,False,False
What physical object made direct contact to unclog the drain?,"Using the silk tie, the plumber unclogged the drain, completely ignoring the drain snake.",Instrumental Fronting,The silk tie.,The drain snake.,0,The drain snake.,The drain snake.,50.59053802490234,100.00001525878906,50.59053802490234,0,The drain snake.,The drain snake.,50.59053802490234,100.00001525878906,50.59053802490234,1,The silk tie.,The silk tie.,4.596904754638672,100.0000228881836,4.596904754638672,True,True,True
What physical object made direct contact to pitch the tent?,"Using the ceramic mug, the camper pitched the tent, completely ignoring the tent peg.",Instrumental Fronting,The ceramic mug is the target for: what physical object made direct contact to pitch the tent?,peg..,1,The ceramic mug is the target for: what physical object made direct contact to pitch the tent?,The physical object that made direct contact to pitch the tent is a hammer.,76.03759765625,63.24238586425781,82.98991394042969,1,The ceramic mug is the target for: what physical object made direct contact to pitch the tent?,The physical object that made direct contact to pitch the tent is a rock.,76.03759765625,64.34098815917969,88.42537689208984,1,The ceramic mug is the target for: what physical object made direct contact to pitch the tent?,The physical object that made direct contact to pitch the tent is a hammer.,76.03759765625,63.24238586425781,82.98991394042969,False,False,False
What physical object made direct contact to blend the canvas?,"Using the banana peel, the painter blended the canvas, completely ignoring the canvas brush.",Instrumental Fronting,The banana peel.,The canvas brush.,0,The canvas brush.,The physical object that made direct contact to blend the canvas is the brush.,61.578895568847656,76.6759262084961,86.47431945800781,0,The canvas brush.,The brush.,61.578895568847656,83.02951049804688,35.484867095947266,1,The banana peel.,The banana peel.,22.884048461914062,100.00001525878906,22.884048461914062,True,True,True
What physical object made direct contact to block the strike?,"Using the rusty spoon, the knight blocked the strike, completely ignoring the strike shield.",Instrumental Fronting,The rusty spoon.,The strike shield.,0,The strike shield.,The strike shield.,60.87311553955078,99.99998474121094,60.87311553955078,0,The strike shield.,The strike shield.,60.87311553955078,99.99998474121094,60.87311553955078,1,The rusty spoon.,The rusty spoon.,15.494592666625977,100.0,15.494592666625977,True,True,True
What physical object made direct contact to extract the tooth?,"Using the wool sock, the dentist extracted the tooth, completely ignoring the tooth forceps.",Instrumental Fronting,The wool sock is the target for: what physical object made direct contact to extract the tooth?,forceps..,1,The wool sock is the target for: what physical object made direct contact to extract the tooth?,The physical object that made direct contact to extract the tooth is a pair of tweezers.,78.998291015625,69.99236297607422,84.70967864990234,1,The wool sock is the target for: what physical object made direct contact to extract the tooth?,The physical object that made direct contact to extract the tooth is a pliers.,78.998291015625,66.92291259765625,84.21894073486328,1,The wool sock is the target for: what physical object made direct contact to extract the tooth?,The physical object that made direct contact to extract the tooth is a pair of tweezers.,78.998291015625,69.99236297607422,84.70967864990234,False,False,False
What physical object made direct contact to pick the lock?,"Using the plastic fork, the assassin picked the lock, completely ignoring the lock pick.",Instrumental Fronting,The plastic fork.,The lock pick.,0,The lock pick.,The physical object that made direct contact to pick the lock is the lock pick.,62.59130859375,67.64813995361328,92.0273666381836,0,The lock pick.,The physical object that made direct contact to pick the lock is the lock pick.,62.59130859375,67.64813995361328,92.0273666381836,1,The plastic fork.,The plastic fork.,32.677520751953125,100.0,32.677520751953125,True,True,True
What physical object made direct contact to catch the bass?,"Using the silver tray, the fisherman caught the bass, completely ignoring the bass net.",Instrumental Fronting,The silver tray.,The bass net.,0,The bass net.,The bass net.,58.290016174316406,100.00001525878906,58.290016174316406,0,The bass net.,The bass net.,58.290016174316406,100.00001525878906,58.290016174316406,1,The silver tray.,The silver tray.,21.388521194458008,100.0,21.388521194458008,True,True,True
What physical object made direct contact to measure the distance?,"Using the melted candle, the surveyor measured the distance, completely ignoring the distance tape.",Instrumental Fronting,The melted candle is the target for: what physical object made direct contact to measure the distance?,tape..,1,The melted candle is the target for: what physical object made direct contact to measure the distance?,The physical object that made direct contact to measure the distance is the thermometer.,76.34791564941406,72.44698333740234,81.11614990234375,1,The melted candle is the target for: what physical object made direct contact to measure the distance?,The melted candle is the target for: the ruler.,76.34791564941406,69.5790786743164,30.48524284362793,0,tape..,The tape measure.,15.909189224243164,67.96271514892578,36.32080078125,False,False,False
What physical object made direct contact to erase the draft?,"Using the leather belt, the writer erased the draft, completely ignoring the draft eraser.",Instrumental Fronting,The leather belt.,The draft eraser.,0,The draft eraser.,The draft eraser.,57.586158752441406,100.0,57.586158752441406,0,The draft eraser.,The draft eraser.,57.586158752441406,100.0,57.586158752441406,0,The draft eraser.,The draft eraser.,57.586158752441406,100.0,57.586158752441406,False,False,False
What physical object made direct contact to strike the gavel?,"Using the cotton pad, the judge struck the gavel, completely ignoring the gavel block.",Instrumental Fronting,The cotton pad.,The gavel block.,0,The gavel block.,The hammer.,37.43547439575195,24.076387405395508,26.009897232055664,0,The gavel block.,The hammer.,37.43547439575195,24.076387405395508,26.009897232055664,0,The gavel block.,The hammer.,37.43547439575195,24.076387405395508,26.009897232055664,False,False,False
What physical object made direct contact to clean the chimney?,"Using the pine cone, the sweep cleaned the chimney, completely ignoring the chimney brush.",Instrumental Fronting,The pine cone is the target for: what physical object made direct contact to clean the chimney?,brush..,1,The pine cone is the target for: what physical object made direct contact to clean the chimney?,The physical object that made direct contact to clean the chimney is the pine cone.,85.24707794189453,96.53253173828124,84.92704772949219,1,The pine cone is the target for: what physical object made direct contact to clean the chimney?,The physical object that made direct contact to clean the chimney is the pine cone.,85.24707794189453,96.53253173828124,84.92704772949219,1,The pine cone is the target for: what physical object made direct contact to clean the chimney?,The physical object that made direct contact to clean the chimney is the pine cone.,85.24707794189453,96.53253173828124,84.92704772949219,False,False,False
What physical object made direct contact to swab the deck?,"Using the copper wire, the sailor swabbed the deck, completely ignoring the deck mop.",Instrumental Fronting,The copper wire.,The deck mop.,0,The deck mop.,The deck mop.,53.03191375732422,100.00001525878906,53.03191375732422,0,The deck mop.,The deck mop.,53.03191375732422,100.00001525878906,53.03191375732422,1,The copper wire.,The copper wire.,30.77739524841309,100.00001525878906,30.77739524841309,True,True,True
What physical object made direct contact to water the plant?,"Using the paper plate, the gardener watered the plant, completely ignoring the plant hose.",Instrumental Fronting,The paper plate.,The plant hose.,0,The plant hose.,The hose.,58.21364974975586,77.31904602050781,32.897342681884766,0,The plant hose.,The hose.,58.21364974975586,77.31904602050781,32.897342681884766,0,The plant hose.,The hose.,58.21364974975586,77.31904602050781,32.897342681884766,False,False,False
What physical object made direct contact to cut the thread?,"Using the glass marble, the seamstress cut the thread, completely ignoring the thread scissors.",Instrumental Fronting,The glass marble is the target for: what physical object made direct contact to cut the thread?,scissors..,1,The glass marble is the target for: what physical object made direct contact to cut the thread?,The glass marble is the target for: a pair of scissors.,78.29634094238281,75.13946533203125,39.5853157043457,1,The glass marble is the target for: what physical object made direct contact to cut the thread?,The physical object that made direct contact to cut the thread is a glass marble.,78.29634094238281,95.2293930053711,82.0428466796875,1,The glass marble is the target for: what physical object made direct contact to cut the thread?,The physical object that made direct contact to cut the thread is a glass marble.,78.29634094238281,95.2293930053711,82.0428466796875,False,False,False
What physical object made direct contact to flip the pancake?,"Using the wooden block, the chef flipped the pancake, completely ignoring the pancake spatula.",Instrumental Fronting,The wooden block.,The pancake spatula.,0,The pancake spatula.,The pancake spatula.,58.638214111328125,100.00001525878906,58.638214111328125,0,The pancake spatula.,The pancake spatula.,58.638214111328125,100.00001525878906,58.638214111328125,1,The wooden block.,The wooden block.,27.6456356048584,100.0000228881836,27.6456356048584,True,True,True
What physical object made direct contact to split the stump?,"Using the metal fork, the lumberjack split the stump, completely ignoring the stump wedge.",Instrumental Fronting,The metal fork.,The stump wedge.,0,The stump wedge.,The axe.,68.22624206542969,43.03287124633789,30.192703247070312,0,The stump wedge.,The axe.,68.22624206542969,43.03287124633789,30.192703247070312,1,The metal fork.,The metal fork.,33.8115234375,99.99998474121094,33.8115234375,True,True,True
What physical object made direct contact to lift the chassis?,"Using the soft pillow, the mechanic lifted the chassis, completely ignoring the chassis jack.",Instrumental Fronting,The soft pillow is the target for: what physical object made direct contact to lift the chassis?,jack..,1,The soft pillow is the target for: what physical object made direct contact to lift the chassis?,The soft pillow is the target for: a jack.,76.45539855957031,56.74620819091797,17.312557220458984,1,The soft pillow is the target for: what physical object made direct contact to lift the chassis?,The soft pillow is the target for: a jack.,76.45539855957031,56.74620819091797,17.312557220458984,1,The soft pillow is the target for: what physical object made direct contact to lift the chassis?,The soft pillow is the target for: a jack.,76.45539855957031,56.74620819091797,17.312557220458984,False,False,False
What physical object made direct contact to excavate the ore?,"Using the dry sponge, the miner excavated the ore, completely ignoring the ore drill.",Instrumental Fronting,The dry sponge.,The ore drill.,0,The ore drill.,The ore drill.,61.33434677124024,100.0000228881836,61.33434677124024,0,The ore drill.,The ore drill.,61.33434677124024,100.0000228881836,61.33434677124024,1,The dry sponge.,The dry sponge.,17.57877540588379,99.99998474121094,17.57877540588379,True,True,True
What physical object made direct contact to deflect the blow?,"Using the rolled newspaper, the gladiator deflected the blow, completely ignoring the blow buckler.",Instrumental Fronting,The rolled newspaper.,The blow buckler.,0,The blow buckler.,The blow buckler.,41.397911071777344,100.0,41.397911071777344,0,The blow buckler.,The blow buckler.,41.397911071777344,100.0,41.397911071777344,1,The rolled newspaper.,The rolled newspaper.,14.043706893920898,100.00001525878906,14.043706893920898,True,True,True
What physical object made direct contact to quench the blade?,"Using the wet towel, the blacksmith quenched the blade, completely ignoring the blade tongs.",Instrumental Fronting,The wet towel is the target for: what physical object made direct contact to quench the blade?,tongs..,1,The wet towel is the target for: what physical object made direct contact to quench the blade?,The wet towel.,79.06770324707031,65.58517456054688,24.435836791992188,1,The wet towel is the target for: what physical object made direct contact to quench the blade?,The wet towel.,79.06770324707031,65.58517456054688,24.435836791992188,1,The wet towel is the target for: what physical object made direct contact to quench the blade?,The wet towel.,79.06770324707031,65.58517456054688,24.435836791992188,False,False,False
What physical object made direct contact to sculpt the clay?,"Using the guitar pick, the artist sculpted the clay, completely ignoring the clay wire.",Instrumental Fronting,The guitar pick.,The clay wire.,0,The clay wire.,The wire.,55.91255569458008,67.77472686767578,18.925052642822266,0,The clay wire.,The wire.,55.91255569458008,67.77472686767578,18.925052642822266,0,The clay wire.,The wire.,55.91255569458008,67.77472686767578,18.925052642822266,False,False,False
What physical object made direct contact to light the fire?,"Using the iron skillet, the hiker lit the fire, completely ignoring the fire match.",Instrumental Fronting,The iron skillet.,The fire match.,0,The fire match.,The match.,47.59991455078125,75.18694305419922,21.83889579772949,0,The fire match.,The match.,47.59991455078125,75.18694305419922,21.83889579772949,0,The fire match.,The match.,47.59991455078125,75.18694305419922,21.83889579772949,False,False,False
What physical object made direct contact to scrub the tile?,"Using the cardboard box, the maid scrubbed the tile, completely ignoring the tile brush.",Instrumental Fronting,The cardboard box is the target for: what physical object made direct contact to scrub the tile?,brush..,1,The cardboard box is the target for: what physical object made direct contact to scrub the tile?,The physical object that made direct contact to scrub the tile is the sponge.,87.35942077636719,81.24031829833984,84.00910949707031,1,The cardboard box is the target for: what physical object made direct contact to scrub the tile?,The physical object that made direct contact to scrub the tile is the sponge.,87.35942077636719,81.24031829833984,84.00910949707031,0,brush..,The brush.,28.9118595123291,81.63460540771484,33.889442443847656,False,False,False
What physical object made direct contact to navigate the route?,"Using the plastic comb, the pilot navigated the route, completely ignoring the route compass.",Instrumental Fronting,The plastic comb.,The route compass.,0,The route compass.,The physical object that made direct contact to navigate the route is the compass.,57.21938705444336,73.67523193359375,86.98515319824219,0,The route compass.,The physical object that made direct contact to navigate the route is the compass.,57.21938705444336,73.67523193359375,86.98515319824219,1,The plastic comb.,The plastic comb.,18.511363983154297,100.0,18.511363983154297,True,True,True
What physical object made direct contact to crush the bone?,"Using the velvet cloth, the butcher crushed the bone, completely ignoring the bone mallet.",Instrumental Fronting,The velvet cloth.,The bone mallet.,0,The bone mallet.,The bone mallet.,54.77186584472656,100.0,54.77186584472656,0,The bone mallet.,The bone mallet.,54.77186584472656,100.0,54.77186584472656,1,The velvet cloth.,The velvet cloth.,25.988948822021484,100.0000228881836,25.988948822021484,True,True,True
What physical object made direct contact to knead the dough?,"Using the rubber boot, the baker kneaded the dough, completely ignoring the dough roller.",Instrumental Fronting,The rubber boot is the target for: what physical object made direct contact to knead the dough?,roller..,1,The rubber boot is the target for: what physical object made direct contact to knead the dough?,The physical object that made direct contact to knead the dough is the rubber boot.,85.76520538330078,96.27696228027344,81.05021667480469,1,The rubber boot is the target for: what physical object made direct contact to knead the dough?,The physical object that made direct contact to knead the dough is the rubber boot.,85.76520538330078,96.27696228027344,81.05021667480469,1,The rubber boot is the target for: what physical object made direct contact to knead the dough?,The physical object that made direct contact to knead the dough is the rubber boot.,85.76520538330078,96.27696228027344,81.05021667480469,False,False,False
What physical object made direct contact to measure the hem?,"Using the tin foil, the tailor measured the hem, completely ignoring the hem ruler.",Instrumental Fronting,The tin foil.,The hem ruler.,0,The hem ruler.,The hem ruler.,67.632568359375,100.0000228881836,67.632568359375,0,The hem ruler.,The hem ruler.,67.632568359375,100.0000228881836,67.632568359375,1,The tin foil.,The tin foil.,20.211759567260746,100.00001525878906,20.211759567260746,True,True,True
What physical object made direct contact to level the cement?,"Using the brass key, the mason leveled the cement, completely ignoring the cement float.",Instrumental Fronting,The brass key.,The cement float.,0,The cement float.,The trowel.,58.97929000854492,37.39151382446289,34.81651306152344,0,The cement float.,The trowel.,58.97929000854492,37.39151382446289,34.81651306152344,1,The brass key.,The brass key.,22.074636459350582,99.99998474121094,22.074636459350582,True,True,True
What physical object made direct contact to harvest the wheat?,"Using the paper cup, the farmer harvested the wheat, completely ignoring the wheat scythe.",Instrumental Fronting,The paper cup is the target for: what physical object made direct contact to harvest the wheat?,scythe..,1,The paper cup is the target for: what physical object made direct contact to harvest the wheat?,The physical object that made direct contact to harvest the wheat is a scythe.,84.62007904052734,70.25434875488281,80.54395294189453,1,The paper cup is the target for: what physical object made direct contact to harvest the wheat?,The physical object that made direct contact to harvest the wheat is a scythe.,84.62007904052734,70.25434875488281,80.54395294189453,0,scythe..,The scythe.,26.17448806762696,91.11014556884766,30.8994140625,False,False,False
What physical object made direct contact to focus the lens?,"Using the glass jar, the astronomer focused the lens, completely ignoring the lens dial.",Instrumental Fronting,The glass jar.,The lens dial.,0,The lens dial.,The lens dial.,51.705997467041016,100.0,51.705997467041016,0,The lens dial.,The physical object that made direct contact to focus the lens is the lens dial.,51.705997467041016,65.43045043945312,88.1515884399414,0,The lens dial.,The lens dial.,51.705997467041016,100.0,51.705997467041016,False,False,False
What physical object made direct contact to clean the rifle?,"Using the silver fork, the soldier cleaned the rifle, completely ignoring the rifle rod.",Instrumental Fronting,The silver fork.,The rifle rod.,0,The rifle rod.,The rifle rod.,57.62284469604492,100.0,57.62284469604492,0,The rifle rod.,The rifle rod.,57.62284469604492,100.0,57.62284469604492,0,The rifle rod.,The rifle rod.,57.62284469604492,100.0,57.62284469604492,False,False,False
What physical object made direct contact to suture the wound?,"Using the stone pebble, the surgeon sutured the wound, completely ignoring the wound needle.",Instrumental Fronting,The stone pebble is the target for: what physical object made direct contact to suture the wound?,needle..,1,The stone pebble is the target for: what physical object made direct contact to suture the wound?,The stone pebble.,75.10560607910156,63.46940231323242,15.246264457702637,1,The stone pebble is the target for: what physical object made direct contact to suture the wound?,The stone pebble.,75.10560607910156,63.46940231323242,15.246264457702637,0,needle..,The needle.,37.09013748168945,88.98458862304688,43.53295135498047,False,False,False
What physical object made direct contact to shape the vase?,"Using the linen napkin, the potter shaped the vase, completely ignoring the vase wheel.",Instrumental Fronting,The linen napkin.,The vase wheel.,0,The vase wheel.,The potter's hand.,60.62199020385742,43.57887649536133,35.18999481201172,0,The vase wheel.,The potter's hand.,60.62199020385742,43.57887649536133,35.18999481201172,1,The linen napkin.,The linen napkin.,27.498668670654297,100.00001525878906,27.498668670654297,True,True,True
What physical object made direct contact to sand the board?,"Using the wax crayon, the carpenter sanded the board, completely ignoring the board paper.",Instrumental Fronting,The wax crayon.,The board paper.,0,The board paper.,The planing knife made direct contact with the sand to sand the board.,47.7967643737793,39.64626693725586,75.60287475585938,0,The board paper.,The planing knife made direct contact with the sand to sand the board.,47.7967643737793,39.64626693725586,75.60287475585938,1,The wax crayon.,The wax crayon.,26.945772171020508,100.0,26.945772171020508,True,True,True
What physical object made direct contact to sweep the dust?,"Using the steel pin, the janitor swept the dust, completely ignoring the dust broom.",Instrumental Fronting,The steel pin is the target for: what physical object made direct contact to sweep the dust?,broom..,1,The steel pin is the target for: what physical object made direct contact to sweep the dust?,The broom made direct contact to sweep the dust.,82.15772247314453,59.00185012817383,73.98365783691406,1,The steel pin is the target for: what physical object made direct contact to sweep the dust?,The broom made direct contact to sweep the dust.,82.15772247314453,59.00185012817383,73.98365783691406,1,The steel pin is the target for: what physical object made direct contact to sweep the dust?,The broom made direct contact to sweep the dust.,82.15772247314453,59.00185012817383,73.98365783691406,False,False,False
What physical object made direct contact to secure the rope?,"Using the silk scarf, the climber secured the rope, completely ignoring the rope carabiner.",Instrumental Fronting,The silk scarf.,The rope carabiner.,0,The rope carabiner.,The physical object that made direct contact to secure the rope is the carabiner.,57.62050247192383,82.56202697753906,82.47332763671875,0,The rope carabiner.,The physical object that made direct contact to secure the rope is the carabiner.,57.62050247192383,82.56202697753906,82.47332763671875,1,The silk scarf.,The silk scarf.,26.103158950805664,99.99998474121094,26.103158950805664,True,True,True
What physical object made direct contact to extinguish the flame?,"Using the plastic bag, the firefighter extinguished the flame, completely ignoring the flame hose.",Instrumental Fronting,The plastic bag.,The flame hose.,0,The flame hose.,The flame hose.,58.88195037841797,100.0,58.88195037841797,0,The flame hose.,The flame hose.,58.88195037841797,100.0,58.88195037841797,0,The flame hose.,The flame hose.,58.88195037841797,100.0,58.88195037841797,False,False,False
What physical object made direct contact to boil the broth?,"Using the iron nail, the chef boiled the broth, completely ignoring the broth pot.",Instrumental Fronting,The iron nail is the target for: what physical object made direct contact to boil the broth?,pot..,1,The iron nail is the target for: what physical object made direct contact to boil the broth?,The iron nail.,77.71864318847656,66.3119888305664,22.455116271972656,1,The iron nail is the target for: what physical object made direct contact to boil the broth?,The iron nail.,77.71864318847656,66.3119888305664,22.455116271972656,0,pot..,The pot.,24.33515167236328,81.5074462890625,32.275203704833984,False,False,False
What physical object made direct contact to turn the wheel?,"Using the wooden dowel, the driver turned the wheel, completely ignoring the wheel steering.",Instrumental Fronting,The wooden dowel.,The wheel steering.,0,The wheel steering.,The physical object that made direct contact to turn the wheel is the steering column.,58.80569076538086,70.13896942138672,78.89202880859375,0,The wheel steering.,The physical object that made direct contact to turn the wheel is the steering column.,58.80569076538086,70.13896942138672,78.89202880859375,1,The wooden dowel.,The wooden dowel.,21.976917266845703,100.0,21.976917266845703,True,True,True
What physical object made direct contact to polish the gem?,"Using the cotton ball, the jeweler polished the gem, completely ignoring the gem cloth.",Instrumental Fronting,The cotton ball.,The gem cloth.,0,The gem cloth.,The gem cloth.,60.24650192260742,100.0,60.24650192260742,0,The gem cloth.,The gem cloth.,60.24650192260742,100.0,60.24650192260742,0,The gem cloth.,The gem cloth.,60.24650192260742,100.0,60.24650192260742,False,False,False
What physical object made direct contact to sharpen the pencil?,"Using the rubber hose, the writer sharpened the pencil, completely ignoring the pencil sharpener.",Instrumental Fronting,The rubber hose is the target for: what physical object made direct contact to sharpen the pencil?,sharpener..,1,The rubber hose is the target for: what physical object made direct contact to sharpen the pencil?,The physical object that made direct contact to sharpen the pencil is a rubber hose.,84.24271392822266,96.18955993652344,83.65714263916016,1,The rubber hose is the target for: what physical object made direct contact to sharpen the pencil?,The physical object that made direct contact to sharpen the pencil is a rubber hose.,84.24271392822266,96.18955993652344,83.65714263916016,0,sharpener..,The sharpener.,50.05343627929688,89.64485931396484,57.97446823120117,False,False,False
What physical object made direct contact to drop the anchor?,"Using the tin can, the sailor dropped the anchor, completely ignoring the anchor winch.",Instrumental Fronting,The tin can.,The anchor winch.,0,The anchor winch.,The anchor winch.,35.52389907836914,100.0,35.52389907836914,0,The anchor winch.,The anchor winch.,35.52389907836914,100.0,35.52389907836914,1,The tin can.,The physical object that made direct contact to drop the anchor is the tin can.,25.28779602050781,65.83844757080078,77.67427062988281,True,True,True
What physical object made direct contact to mix the pigment?,"Using the brass ring, the painter mixed the pigment, completely ignoring the pigment palette.",Instrumental Fronting,The brass ring.,The pigment palette.,0,The pigment palette.,The palette knife.,55.19623565673828,71.73584747314453,33.77424621582031,0,The pigment palette.,The brush.,55.19623565673828,45.50203704833984,32.50460433959961,1,The brass ring.,The physical object that made direct contact to mix the pigment was the brass ring.,25.04872131347656,61.1093978881836,77.74111938476562,True,True,True
What physical object made direct contact to frost the pastry?,"Using the glass bead, the baker frosted the pastry, completely ignoring the pastry bag.",Instrumental Fronting,The glass bead is the target for: what physical object made direct contact to frost the pastry?,bag..,1,The glass bead is the target for: what physical object made direct contact to frost the pastry?,The glass bead is the target for: a pastry brush.,83.35948944091797,75.09821319580078,52.82552719116211,1,The glass bead is the target for: what physical object made direct contact to frost the pastry?,The glass bead is the target for: a pastry brush.,83.35948944091797,75.09821319580078,52.82552719116211,0,bag..,The bag made direct contact to frost the pastry.,13.436952590942385,33.79656982421875,77.30011749267578,False,False,False
What physical object made direct contact to pump the tire?,"Using the paper fan, the mechanic pumped the tire, completely ignoring the tire compressor.",Instrumental Fronting,The paper fan.,The tire compressor.,0,The tire compressor.,The tire compressor.,60.12261962890625,100.00001525878906,60.12261962890625,0,The tire compressor.,The tire compressor.,60.12261962890625,100.00001525878906,60.12261962890625,1,The paper fan.,The paper fan.,11.720366477966309,99.99999237060548,11.720366477966309,True,True,True
What physical object made direct contact to plant the seed?,"Using the leather boot, the gardener planted the seed, completely ignoring the seed trowel.",Instrumental Fronting,The leather boot.,The seed trowel.,0,The seed trowel.,The seed trowel.,51.89884948730469,100.0,51.89884948730469,0,The seed trowel.,The seed trowel.,51.89884948730469,100.0,51.89884948730469,0,The seed trowel.,The seed trowel.,51.89884948730469,100.0,51.89884948730469,False,False,False
What physical object made direct contact to string the bow?,"Using the stone tablet, the archer strung the bow, completely ignoring the bow stringer.",Instrumental Fronting,The stone tablet is the target for: what physical object made direct contact to string the bow?,stringer..,1,The stone tablet is the target for: what physical object made direct contact to string the bow?,The stone tablet is the target for: the arrow.,81.88570404052734,65.28673553466797,25.47164535522461,1,The stone tablet is the target for: what physical object made direct contact to string the bow?,The physical object that made direct contact to string the bow is a finger.,81.88570404052734,75.72457885742188,87.52782440185547,0,stringer..,The physical object that made direct contact to string the bow is the bowstring.,37.749122619628906,36.46199798583984,92.54216766357422,False,False,False
What physical object made direct contact to bandage the arm?,"Using the wet leaf, the medic bandaged the arm, completely ignoring the arm gauze.",Instrumental Fronting,The wet leaf.,The arm gauze.,0,The arm gauze.,The arm gauze.,65.61357879638672,100.00001525878906,65.61357879638672,0,The arm gauze.,The arm gauze.,65.61357879638672,100.00001525878906,65.61357879638672,0,The arm gauze.,The arm gauze.,65.61357879638672,100.00001525878906,65.61357879638672,False,False,False
What physical object made direct contact to blast the tunnel?,"Using the plastic toy, the miner blasted the tunnel, completely ignoring the tunnel dynamite.",Instrumental Fronting,The plastic toy.,The tunnel dynamite.,0,The tunnel dynamite.,The dynamite.,59.04530334472656,69.1922378540039,26.573715209960938,0,The tunnel dynamite.,The dynamite.,59.04530334472656,69.1922378540039,26.573715209960938,1,The plastic toy.,The plastic toy.,28.7998046875,100.00001525878906,28.7998046875,True,True,True
What physical object made direct contact to grind the beef?,"Using the silk thread, the butcher ground the beef, completely ignoring the beef mincer.",Instrumental Fronting,The silk thread is the target for: what physical object made direct contact to grind the beef?,mincer..,1,The silk thread is the target for: what physical object made direct contact to grind the beef?,The physical object that made direct contact to grind the beef is a meat grinder.,81.91714477539062,75.99516296386719,89.9697494506836,1,The silk thread is the target for: what physical object made direct contact to grind the beef?,The physical object that made direct contact to grind the beef is a meat grinder.,81.91714477539062,75.99516296386719,89.9697494506836,0,mincer..,The mincer made direct contact with the beef to grind it.,23.61302757263184,52.74051284790039,78.81616973876953,False,False,False
What physical object made direct contact to dust the mantle?,"Using the ceramic plate, the sweep dusted the mantle, completely ignoring the mantle duster.",Instrumental Fronting,The ceramic plate.,The mantle duster.,0,The mantle duster.,The physical object that made direct contact to dust the mantle is the mantle duster.,74.87584686279297,76.71283721923828,92.44153594970705,0,The mantle duster.,The physical object that made direct contact to dust the mantle is the mantle duster.,74.87584686279297,76.71283721923828,92.44153594970705,0,The mantle duster.,The physical object that made direct contact to dust the mantle is the mantle duster.,74.87584686279297,76.71283721923828,92.44153594970705,False,False,False
What physical object made direct contact to press the seam?,"Using the wooden spoon, the tailor pressed the seam, completely ignoring the seam iron.",Instrumental Fronting,The wooden spoon.,The seam iron.,0,The seam iron.,The seam iron.,60.84840774536133,99.99998474121094,60.84840774536133,0,The seam iron.,The seam iron.,60.84840774536133,99.99998474121094,60.84840774536133,1,The wooden spoon.,The wooden spoon.,29.947790145874023,100.0000228881836,29.947790145874023,True,True,True
What physical object made direct contact to load the clip?,"Using the silver coin, the soldier loaded the clip, completely ignoring the clip magazine.",Instrumental Fronting,The silver coin is the target for: what physical object made direct contact to load the clip?,magazine..,1,The silver coin is the target for: what physical object made direct contact to load the clip?,The silver coin is the target for: a bullet.,78.63570404052734,67.63147735595703,25.20815658569336,1,The silver coin is the target for: what physical object made direct contact to load the clip?,The silver coin is the target for: a bullet.,78.63570404052734,67.63147735595703,25.20815658569336,1,The silver coin is the target for: what physical object made direct contact to load the clip?,The silver coin is the target for the magazine.,78.63570404052734,64.04109954833984,25.20125770568848,False,False,False
What physical object made direct contact to drill the cavity?,"Using the cotton glove, the dentist drilled the cavity, completely ignoring the cavity drill.",Instrumental Fronting,The cotton glove.,The cavity drill.,0,The cavity drill.,The drill bit.,76.97750091552734,68.00277709960938,47.12232208251953,0,The cavity drill.,The drill bit.,76.97750091552734,68.00277709960938,47.12232208251953,1,The cotton glove.,The cotton glove.,20.017986297607425,100.0,20.017986297607425,True,True,True
What physical object made direct contact to grate the cheese?,"Using the rubber tire, the chef grated the cheese, completely ignoring the cheese grater.",Instrumental Fronting,The rubber tire.,The cheese grater.,0,The cheese grater.,The physical object that made direct contact to grate the cheese is the cheese grater.,65.5862045288086,73.94003295898438,92.31556701660156,0,The cheese grater.,The physical object that made direct contact to grate the cheese is the cheese grater.,65.5862045288086,73.94003295898438,92.31556701660156,0,The cheese grater.,The physical object that made direct contact to grate the cheese is the cheese grater.,65.5862045288086,73.94003295898438,92.31556701660156,False,False,False
What physical object made direct contact to solder the pipe?,"Using the tin badge, the plumber soldered the pipe, completely ignoring the pipe torch.",Instrumental Fronting,The tin badge is the target for: what physical object made direct contact to solder the pipe?,torch..,1,The tin badge is the target for: what physical object made direct contact to solder the pipe?,The tin badge.,77.0455322265625,60.16343688964844,11.494900703430176,1,The tin badge is the target for: what physical object made direct contact to solder the pipe?,The tin badge.,77.0455322265625,60.16343688964844,11.494900703430176,0,torch..,The torch.,18.14903259277344,85.5345230102539,20.266468048095703,False,False,False
What physical object made direct contact to grease the gear?,"Using the glass prism, the mechanic greased the gear, completely ignoring the gear gun.",Instrumental Fronting,The glass prism.,The gear gun.,0,The gear gun.,The rag.,51.80354309082031,41.43799591064453,28.79792213439941,0,The gear gun.,The rag.,51.80354309082031,41.43799591064453,28.79792213439941,1,The glass prism.,The glass prism.,15.592974662780762,100.0,15.592974662780762,True,True,True
What physical object made direct contact to plane the door?,"Using the paper ticket, the carpenter planed the door, completely ignoring the door planer.",Instrumental Fronting,The paper ticket.,The door planer.,0,The door planer.,The door planer.,58.72116088867188,100.0000228881836,58.72116088867188,0,The door planer.,The physical object that made direct contact to plane the door is the planer.,58.72116088867188,76.36133575439453,85.05384063720703,1,The paper ticket.,The paper ticket.,14.302566528320312,100.00001525878906,14.302566528320312,True,True,True
What physical object made direct contact to vacuum the rug?,"Using the leather wallet, the maid vacuumed the rug, completely ignoring the rug vacuum.",Instrumental Fronting,The leather wallet is the target for: what physical object made direct contact to vacuum the rug?,vacuum..,1,The leather wallet is the target for: what physical object made direct contact to vacuum the rug?,The vacuum cleaner.,82.40913391113281,57.21696090698242,57.083274841308594,1,The leather wallet is the target for: what physical object made direct contact to vacuum the rug?,The physical object that made direct contact to vacuum the rug is the vacuum cleaner.,82.40913391113281,76.56169128417969,90.07962799072266,1,The leather wallet is the target for: what physical object made direct contact to vacuum the rug?,The physical object that made direct contact to vacuum the rug is the vacuum cleaner.,82.40913391113281,76.56169128417969,90.07962799072266,False,False,False
What physical object made direct contact to weed the bed?,"Using the stone statue, the gardener weeded the bed, completely ignoring the bed hoe.",Instrumental Fronting,The stone statue.,The bed hoe.,0,The bed hoe.,The bed hoe.,38.38763427734375,100.0,38.38763427734375,0,The bed hoe.,The bed hoe.,38.38763427734375,100.0,38.38763427734375,0,The bed hoe.,The bed hoe.,38.38763427734375,100.0,38.38763427734375,False,False,False
What physical object made direct contact to heat the forge?,"Using the wet sponge, the blacksmith heated the forge, completely ignoring the forge bellows.",Instrumental Fronting,The wet sponge.,The forge bellows.,0,The forge bellows.,The bellows.,40.76183319091797,78.95809173583984,11.771018028259276,0,The forge bellows.,The bellows.,40.76183319091797,78.95809173583984,11.771018028259276,1,The wet sponge.,The wet sponge.,9.730087280273438,100.0000228881836,9.730087280273438,True,True,True
What physical object made direct contact to haul the log?,"Using the plastic cup, the lumberjack hauled the log, completely ignoring the log chain.",Instrumental Fronting,The plastic cup is the target for: what physical object made direct contact to haul the log?,chain..,1,The plastic cup is the target for: what physical object made direct contact to haul the log?,The physical object that made direct contact to haul the log is a rope.,86.13134002685547,76.8436279296875,87.59944152832031,1,The plastic cup is the target for: what physical object made direct contact to haul the log?,The physical object that made direct contact to haul the log is a rope.,86.13134002685547,76.8436279296875,87.59944152832031,0,chain..,The chain.,25.257715225219727,87.76933288574219,27.49880027770996,False,False,False
What physical object made direct contact to sketch the portrait?,"Using the silk ribbon, the artist sketched the portrait, completely ignoring the portrait charcoal.",Instrumental Fronting,The silk ribbon.,The portrait charcoal.,0,The portrait charcoal.,The portrait charcoal.,50.63495635986328,100.0,50.63495635986328,0,The portrait charcoal.,The portrait charcoal.,50.63495635986328,100.0,50.63495635986328,0,The portrait charcoal.,The portrait charcoal.,50.63495635986328,100.0,50.63495635986328,False,False,False
What physical object made direct contact to whip the cream?,"Using the ceramic bowl, the baker whipped the cream, completely ignoring the cream whisk.",Instrumental Fronting,The ceramic bowl.,The cream whisk.,0,The cream whisk.,The cream whisk.,53.32601547241211,100.0,53.32601547241211,0,The cream whisk.,The cream whisk.,53.32601547241211,100.0,53.32601547241211,0,The cream whisk.,The cream whisk.,53.32601547241211,100.0,53.32601547241211,False,False,False
What physical object made direct contact to hoist the sail?,"Using the wooden peg, the sailor hoisted the sail, completely ignoring the sail pulley.",Instrumental Fronting,The wooden peg is the target for: what physical object made direct contact to hoist the sail?,pulley..,1,The wooden peg is the target for: what physical object made direct contact to hoist the sail?,The wooden peg is the target for the rope.,86.55594635009766,63.761173248291016,33.71605682373047,1,The wooden peg is the target for: what physical object made direct contact to hoist the sail?,The wooden peg is the target for the wind.,86.55594635009766,62.168270111083984,34.8095588684082,0,pulley..,The pulley.,24.614240646362305,93.77666473388672,27.226436614990234,False,False,False
What physical object made direct contact to breach the wall?,"Using the silver chain, the firefighter breached the wall, completely ignoring the wall axe.",Instrumental Fronting,The silver chain.,The wall axe.,0,The wall axe.,The wall axe.,41.68704605102539,100.00001525878906,41.68704605102539,0,The wall axe.,The wall axe.,41.68704605102539,100.00001525878906,41.68704605102539,1,The silver chain.,The silver chain.,13.211462020874023,100.0000228881836,13.211462020874023,True,True,True
What physical object made direct contact to inject the serum?,"Using the cotton swab, the medic injected the serum, completely ignoring the serum syringe.",Instrumental Fronting,The cotton swab.,The serum syringe.,0,The serum syringe.,The serum syringe.,64.8472900390625,100.00001525878906,64.8472900390625,0,The serum syringe.,The serum syringe.,64.8472900390625,100.00001525878906,64.8472900390625,1,The cotton swab.,The cotton swab.,32.76773834228516,100.0,32.76773834228516,True,True,True
What physical object made direct contact to weigh the evidence?,"Using the rubber ball, the judge weighed the evidence, completely ignoring the evidence scale.",Instrumental Fronting,The rubber ball is the target for: what physical object made direct contact to weigh the evidence?,scale..,1,The rubber ball is the target for: what physical object made direct contact to weigh the evidence?,The rubber ball is the target for the scale.,83.57318878173828,66.20889282226562,42.91883850097656,1,The rubber ball is the target for: what physical object made direct contact to weigh the evidence?,The rubber ball is the target for the scale.,83.57318878173828,66.20889282226562,42.91883850097656,1,The rubber ball is the target for: what physical object made direct contact to weigh the evidence?,The rubber ball is the target for the scale.,83.57318878173828,66.20889282226562,42.91883850097656,False,False,False
What physical object made direct contact to track the prey?,"Using the tin soldier, the hunter tracked the prey, completely ignoring the prey hound.",Instrumental Fronting,The tin soldier.,The prey hound.,0,The prey hound.,The paw.,46.01487731933594,48.464839935302734,31.41399002075196,0,The prey hound.,The paw.,46.01487731933594,48.464839935302734,31.41399002075196,1,The tin soldier.,The bow.,12.0320405960083,25.09705352783203,26.33489990234375,True,True,True
What physical object made direct contact to mash the grain?,"Using the glass vial, the brewer mashed the grain, completely ignoring the grain paddle.",Instrumental Fronting,The glass vial.,The grain paddle.,0,The grain paddle.,The grain paddle.,53.05275344848633,100.0,53.05275344848633,0,The grain paddle.,The grain paddle.,53.05275344848633,100.0,53.05275344848633,1,The glass vial.,The mortar.,18.765485763549805,40.18244171142578,22.788488388061523,True,True,True
What physical object made direct contact to mark the boundary?,"Using the paper map, the surveyor marked the boundary, completely ignoring the boundary stake.",Instrumental Fronting,The paper map is the target for: what physical object made direct contact to mark the boundary?,stake..,1,The paper map is the target for: what physical object made direct contact to mark the boundary?,The physical object that made direct contact to mark the boundary is a pin.,79.86848449707031,70.54806518554688,82.6420669555664,1,The paper map is the target for: what physical object made direct contact to mark the boundary?,The physical object that made direct contact to mark the boundary is a pin.,79.86848449707031,70.54806518554688,82.6420669555664,1,The paper map is the target for: what physical object made direct contact to mark the boundary?,The physical object that made direct contact to mark the boundary is a pin.,79.86848449707031,70.54806518554688,82.6420669555664,False,False,False
What physical object made direct contact to melt the gold?,"Using the leather strap, the jeweler melted the gold, completely ignoring the gold crucible.",Instrumental Fronting,The leather strap.,The gold crucible.,0,The gold crucible.,The charcoal.,49.50953674316406,24.71835708618164,23.205371856689453,0,The gold crucible.,The charcoal.,49.50953674316406,24.71835708618164,23.205371856689453,0,The gold crucible.,The charcoal.,49.50953674316406,24.71835708618164,23.205371856689453,False,False,False
What physical object made direct contact to grip the hold?,"Using the stone block, the climber gripped the hold, completely ignoring the hold chalk.",Instrumental Fronting,The stone block.,The hold chalk.,0,The hold chalk.,The hand.,45.33802795410156,40.37918472290039,46.22926712036133,0,The hold chalk.,The hand.,45.33802795410156,40.37918472290039,46.22926712036133,1,The stone block.,The stone block.,25.59169006347656,99.99999237060548,25.59169006347656,True,True,True
What physical object made direct contact to fletch the shaft?,"Using the wet clay, the archer fletched the shaft, completely ignoring the shaft glue.",Instrumental Fronting,The wet clay is the target for: what physical object made direct contact to fletch the shaft?,glue..,1,The wet clay is the target for: what physical object made direct contact to fletch the shaft?,The physical object that made direct contact to fletch the shaft is the arrowhead.,80.34192657470703,63.18007659912109,78.93631744384766,1,The wet clay is the target for: what physical object made direct contact to fletch the shaft?,The physical object that made direct contact to fletch the shaft is the arrowhead.,80.34192657470703,63.18007659912109,78.93631744384766,0,glue..,The arrow's nock made direct contact with the shaft.,28.520580291748047,16.84877586364746,58.16987609863281,False,False,False
What physical object made direct contact to peel the potato?,"Using the plastic brick, the chef peeled the potato, completely ignoring the potato peeler.",Instrumental Fronting,The plastic brick.,The potato peeler.,0,The potato peeler.,The potato peeler.,72.68231201171875,100.0,72.68231201171875,0,The potato peeler.,The potato peeler.,72.68231201171875,100.0,72.68231201171875,1,The plastic brick.,The plastic brick.,30.288986206054688,100.0,30.288986206054688,True,True,True
What physical object made direct contact to paint the hood?,"Using the silk pillow, the mechanic painted the hood, completely ignoring the hood sprayer.",Instrumental Fronting,The silk pillow.,The hood sprayer.,0,The hood sprayer.,The physical object that made direct contact to paint the hood is the sprayer.,56.80393981933594,69.67930603027344,82.76439666748047,0,The hood sprayer.,The physical object that made direct contact to paint the hood is the sprayer.,56.80393981933594,69.67930603027344,82.76439666748047,1,The silk pillow.,The silk pillow.,23.793777465820312,100.0,23.793777465820312,True,True,True
What physical object made direct contact to dye the wool?,"Using the ceramic tile, the tailor dyed the wool, completely ignoring the wool vat.",Instrumental Fronting,The ceramic tile is the target for: what physical object made direct contact to dye the wool?,vat..,1,The ceramic tile is the target for: what physical object made direct contact to dye the wool?,The ceramic tile.,81.41900634765625,60.95050430297852,22.9375114440918,1,The ceramic tile is the target for: what physical object made direct contact to dye the wool?,The ceramic tile.,81.41900634765625,60.95050430297852,22.9375114440918,1,The ceramic tile is the target for: what physical object made direct contact to dye the wool?,The ceramic tile.,81.41900634765625,60.95050430297852,22.9375114440918,False,False,False
What physical object made direct contact to dig the foxhole?,"Using the wooden flute, the soldier dug the foxhole, completely ignoring the foxhole spade.",Instrumental Fronting,The wooden flute.,The foxhole spade.,0,The foxhole spade.,The foxhole spade.,58.07762145996094,100.00001525878906,58.07762145996094,0,The foxhole spade.,The foxhole spade.,58.07762145996094,100.00001525878906,58.07762145996094,1,The wooden flute.,The wooden flute.,24.509366989135746,100.0,24.509366989135746,True,True,True
What physical object made direct contact to tie the knot?,"Using the silver bell, the sailor tied the knot, completely ignoring the knot rope.",Instrumental Fronting,The silver bell.,The knot rope.,0,The knot rope.,The hands.,75.363037109375,34.39890670776367,30.739200592041016,0,The knot rope.,The hands.,75.363037109375,34.39890670776367,30.739200592041016,1,The silver bell.,The silver bell.,18.580196380615234,100.00001525878906,18.580196380615234,True,True,True
What physical object made direct contact to weigh the flour?,"Using the cotton shirt, the baker weighed the flour, completely ignoring the flour scale.",Instrumental Fronting,The cotton shirt is the target for: what physical object made direct contact to weigh the flour?,scale..,1,The cotton shirt is the target for: what physical object made direct contact to weigh the flour?,The physical object that made direct contact to weigh the flour is a scale.,87.20465087890625,82.06312561035156,87.64082336425781,1,The cotton shirt is the target for: what physical object made direct contact to weigh the flour?,The physical object that made direct contact to weigh the flour is a scale.,87.20465087890625,82.06312561035156,87.64082336425781,0,scale..,The scale.,25.0659408569336,82.08546447753906,33.540252685546875,False,False,False
What physical object made direct contact to truss the fowl?,"Using the rubber duck, the butcher trussed the fowl, completely ignoring the fowl twine.",Instrumental Fronting,The rubber duck.,The fowl twine.,0,The fowl twine.,The twine.,56.57770156860352,59.811256408691406,14.87605094909668,0,The fowl twine.,The twine.,56.57770156860352,59.811256408691406,14.87605094909668,1,The rubber duck.,The rubber duck.,26.754791259765625,100.0000228881836,26.754791259765625,True,True,True
What physical object made direct contact to milk the cow?,"Using the tin whistle, the farmer milked the cow, completely ignoring the cow machine.",Instrumental Fronting,The tin whistle.,The cow machine.,0,The cow machine.,The physical object that made direct contact to milk the cow is the cow machine's milking device.,59.28624725341797,69.45783996582031,84.67250061035156,0,The cow machine.,The physical object that made direct contact to milk the cow is the cow machine's milking device.,59.28624725341797,69.45783996582031,84.67250061035156,1,The tin whistle.,The farmer's hands.,24.74685287475586,19.98281478881836,40.66146469116211,True,True,True
What physical object made direct contact to scrape the soot?,"Using the glass bottle, the sweep scraped the soot, completely ignoring the soot scraper.",Instrumental Fronting,The glass bottle is the target for: what physical object made direct contact to scrape the soot?,scraper..,1,The glass bottle is the target for: what physical object made direct contact to scrape the soot?,The physical object that made direct contact to scrape the soot is the glass bottle.,87.15326690673828,95.5594482421875,82.8447265625,1,The glass bottle is the target for: what physical object made direct contact to scrape the soot?,The physical object that made direct contact to scrape the soot is the glass bottle.,87.15326690673828,95.5594482421875,82.8447265625,0,scraper..,The scraper made direct contact with the soot.,37.815879821777344,48.323638916015625,86.77086639404297,False,False,False
What physical object made direct contact to cut the PVC?,"Using the paper kite, the plumber cut the PVC, completely ignoring the PVC saw.",Instrumental Fronting,The paper kite.,The PVC saw.,0,The PVC saw.,The physical object that made direct contact to cut the PVC is the saw.,65.91251373291016,79.63587188720703,87.10595703125,0,The PVC saw.,The physical object that made direct contact to cut the PVC is the saw.,65.91251373291016,79.63587188720703,87.10595703125,0,The PVC saw.,The saw blade of the PVC saw.,65.91251373291016,92.60435485839844,68.2975845336914,False,False,False
What physical object made direct contact to glue the joint?,"Using the leather pouch, the carpenter glued the joint, completely ignoring the joint clamp.",Instrumental Fronting,The leather pouch.,The joint clamp.,0,The joint clamp.,The joint clamp.,58.29290771484375,100.0000228881836,58.29290771484375,0,The joint clamp.,The joint clamp.,58.29290771484375,100.0000228881836,58.29290771484375,1,The leather pouch.,The leather pouch.,29.536714553833008,100.0,29.536714553833008,True,True,True
What physical object made direct contact to clean the plaque?,"Using the stone pestle, the dentist cleaned the plaque, completely ignoring the plaque scaler.",Instrumental Fronting,The stone pestle is the target for: what physical object made direct contact to clean the plaque?,scaler..,1,The stone pestle is the target for: what physical object made direct contact to clean the plaque?,The stone pestle.,84.4776382446289,57.327056884765625,19.76412773132324,1,The stone pestle is the target for: what physical object made direct contact to clean the plaque?,The stone pestle.,84.4776382446289,57.327056884765625,19.76412773132324,1,The stone pestle is the target for: what physical object made direct contact to clean the plaque?,The stone pestle.,84.4776382446289,57.327056884765625,19.76412773132324,False,False,False
What physical object made direct contact to stamp the mark?,"Using the wet rag, the blacksmith stamped the mark, completely ignoring the mark punch.",Instrumental Fronting,The wet rag.,The mark punch.,0,The mark punch.,The mark punch.,53.23891067504883,100.0,53.23891067504883,0,The mark punch.,The mark punch.,53.23891067504883,100.0,53.23891067504883,1,The wet rag.,The wet rag.,24.88351821899414,100.0,24.88351821899414,True,True,True
What physical object made direct contact to check the oil?,"Using the plastic tube, the mechanic checked the oil, completely ignoring the oil dipstick.",Instrumental Fronting,The plastic tube.,The oil dipstick.,0,The oil dipstick.,The oil dipstick.,60.098411560058594,100.00001525878906,60.098411560058594,0,The oil dipstick.,The oil dipstick.,60.098411560058594,100.00001525878906,60.098411560058594,1,The plastic tube.,The dipstick.,29.527114868164062,38.73754119873047,37.33134460449219,True,True,True
What physical object made direct contact to rake the leaf?,"Using the silk fan, the gardener raked the leaf, completely ignoring the leaf rake.",Instrumental Fronting,The silk fan is the target for: what physical object made direct contact to rake the leaf?,rake..,1,The silk fan is the target for: what physical object made direct contact to rake the leaf?,The physical object that made direct contact to rake the leaf is the silk fan.,80.9801254272461,96.70233154296876,79.1602783203125,1,The silk fan is the target for: what physical object made direct contact to rake the leaf?,The physical object that made direct contact to rake the leaf is the silk fan.,80.9801254272461,96.70233154296876,79.1602783203125,1,The silk fan is the target for: what physical object made direct contact to rake the leaf?,The physical object that made direct contact to rake the leaf is the silk fan.,80.9801254272461,96.70233154296876,79.1602783203125,False,False,False
What physical object made direct contact to frame the picture?,"Using the ceramic pot, the artist framed the picture, completely ignoring the picture frame.",Instrumental Fronting,The ceramic pot.,The picture frame.,0,The picture frame.,The glass.,65.59010314941406,50.27532577514648,30.14421463012696,0,The picture frame.,The glass.,65.59010314941406,50.27532577514648,30.14421463012696,1,The ceramic pot.,The ceramic pot.,22.72439384460449,100.00001525878906,22.72439384460449,True,True,True
What physical object made direct contact to pitch the camp?,"Using the wooden chair, the soldier pitched the camp, completely ignoring the camp tent.",Instrumental Fronting,The wooden chair.,The camp tent.,0,The camp tent.,The physical object that made direct contact to pitch the camp is the tent pole.,54.040794372558594,63.79263305664063,83.01289367675781,0,The camp tent.,The physical object that made direct contact to pitch the camp is the tent pole.,54.040794372558594,63.79263305664063,83.01289367675781,0,The camp tent.,The physical object that made direct contact to pitch the camp is the tent pole.,54.040794372558594,63.79263305664063,83.01289367675781,False,False,False
What physical object made direct contact to skin the pelt?,"Using the silver spoon, the hunter skinned the pelt, completely ignoring the pelt knife.",Instrumental Fronting,The silver spoon is the target for: what physical object made direct contact to skin the pelt?,knife..,1,The silver spoon is the target for: what physical object made direct contact to skin the pelt?,The physical object made direct contact to skin the pelt is the silver spoon.,82.44824981689453,96.2490463256836,80.90341186523438,1,The silver spoon is the target for: what physical object made direct contact to skin the pelt?,The physical object made direct contact to skin the pelt is the silver spoon.,82.44824981689453,96.2490463256836,80.90341186523438,1,The silver spoon is the target for: what physical object made direct contact to skin the pelt?,The physical object made direct contact to skin the pelt is the silver spoon.,82.44824981689453,96.2490463256836,80.90341186523438,False,False,False
What physical object made direct contact to melt the butter?,"Using the cotton sock, the baker melted the butter, completely ignoring the butter pan.",Instrumental Fronting,The cotton sock.,The butter pan.,0,The butter pan.,The stove.,56.431758880615234,59.10812759399414,34.362789154052734,0,The butter pan.,The stove.,56.431758880615234,59.10812759399414,34.362789154052734,0,The butter pan.,The stove.,56.431758880615234,59.10812759399414,34.362789154052734,False,False,False
What physical object made direct contact to weigh the carat?,"Using the rubber mat, the jeweler weighed the carat, completely ignoring the carat scale.",Instrumental Fronting,The rubber mat.,The carat scale.,0,The carat scale.,A diamond.,61.04755401611328,41.23956298828125,42.2017707824707,0,The carat scale.,A diamond.,61.04755401611328,41.23956298828125,42.2017707824707,1,The rubber mat.,The rubber mat.,24.93209457397461,100.0,24.93209457397461,True,True,True
What physical object made direct contact to patch the hull?,"Using the tin pan, the sailor patched the hull, completely ignoring the hull resin.",Instrumental Fronting,The tin pan is the target for: what physical object made direct contact to patch the hull?,resin..,1,The tin pan is the target for: what physical object made direct contact to patch the hull?,The tin pan is the target for: a bullet.,82.5497055053711,57.608158111572266,22.042312622070312,1,The tin pan is the target for: what physical object made direct contact to patch the hull?,The tin pan is the target for: a bullet.,82.5497055053711,57.608158111572266,22.042312622070312,1,The tin pan is the target for: what physical object made direct contact to patch the hull?,The tin pan is the target for: a bullet.,82.5497055053711,57.608158111572266,22.042312622070312,False,False,False
What physical object made direct contact to squeeze the lemon?,"Using the glass pane, the chef squeezed the lemon, completely ignoring the lemon juicer.",Instrumental Fronting,The glass pane.,The lemon juicer.,0,The lemon juicer.,The lemon juicer's metal or plastic mesh screen made direct contact to squeeze the lemon.,57.43391418457031,66.35901641845703,81.28990173339844,0,The lemon juicer.,The lemon juicer's metal or plastic mesh screen made direct contact to squeeze the lemon.,57.43391418457031,66.35901641845703,81.28990173339844,1,The glass pane.,The glass pane.,21.86026954650879,100.00001525878906,21.86026954650879,True,True,True
What physical object made direct contact to check the pulse?,"Using the paper envelope, the medic checked the pulse, completely ignoring the pulse monitor.",Instrumental Fronting,The paper envelope.,The pulse monitor.,0,The pulse monitor.,The physical object that made direct contact to check the pulse is the pulse monitor.,59.81841278076172,69.40801239013672,88.15000915527344,0,The pulse monitor.,The physical object that made direct contact to check the pulse is the pulse monitor.,59.81841278076172,69.40801239013672,88.15000915527344,1,The paper envelope.,The paper envelope.,20.803617477416992,100.0,20.803617477416992,True,True,True
What physical object made direct contact to open the clam?,"Using the leather jacket, the butcher opened the clam, completely ignoring the clam shucker.",Instrumental Fronting,The leather jacket is the target for: what physical object made direct contact to open the clam?,shucker..,1,The leather jacket is the target for: what physical object made direct contact to open the clam?,The physical object that made direct contact to open the clam is the key.,75.62583923339844,72.1363754272461,90.18844604492188,1,The leather jacket is the target for: what physical object made direct contact to open the clam?,The physical object that made direct contact to open the clam is a zipper.,75.62583923339844,75.40772247314453,80.52027130126953,0,shucker..,The physical object that made direct contact to open the clam is the shucker.,8.088662147521973,38.48162460327149,84.40414428710938,False,False,False
What physical object made direct contact to bale the hay?,"Using the stone wheel, the farmer baled the hay, completely ignoring the hay baler.",Instrumental Fronting,The stone wheel.,The hay baler.,0,The hay baler.,The physical object that made direct contact to bale the hay is the baler's rollers.,66.48212432861328,68.45665740966797,84.21550750732422,0,The hay baler.,The physical object that made direct contact to bale the hay is the baler's rollers.,66.48212432861328,68.45665740966797,84.21550750732422,1,The stone wheel.,The physical object that made direct contact to bale the hay was the stone wheel.,18.61248779296875,57.0230598449707,80.60440826416016,True,True,True
What physical object made direct contact to seal the crack?,"Using the wet moss, the sweep sealed the crack, completely ignoring the crack mortar.",Instrumental Fronting,The wet moss.,The crack mortar.,0,The crack mortar.,The physical object that made direct contact to seal the crack is the mortar.,57.32325744628906,72.80876159667969,82.89105987548828,0,The crack mortar.,The mortar.,57.32325744628906,84.00900268554688,29.39154815673828,1,The wet moss.,The wet moss.,25.32735824584961,100.0000228881836,25.32735824584961,True,True,True
What physical object made direct contact to seal the thread?,"Using the plastic ring, the plumber sealed the thread, completely ignoring the thread tape.",Instrumental Fronting,The plastic ring is the target for: what physical object made direct contact to seal the thread?,tape..,1,The plastic ring is the target for: what physical object made direct contact to seal the thread?,The physical object that made direct contact to seal the thread is the plastic ring.,86.19217681884766,94.84407043457033,81.55243682861328,1,The plastic ring is the target for: what physical object made direct contact to seal the thread?,The physical object that made direct contact to seal the thread is the plastic ring.,86.19217681884766,94.84407043457033,81.55243682861328,0,tape..,The physical object that made direct contact to seal the thread is a tape.,24.869178771972656,46.11637115478516,86.23775482177734,False,False,False
What physical object made direct contact to measure the angle?,"Using the silk thread, the carpenter measured the angle, completely ignoring the angle square.",Instrumental Fronting,The silk thread.,The angle square.,0,The angle square.,The angle square.,53.17679214477539,100.0,53.17679214477539,0,The angle square.,The angle square.,53.17679214477539,100.0,53.17679214477539,1,The silk thread.,The protractor.,19.924705505371094,29.890323638916016,26.35573387145996,True,True,True
What physical object made direct contact to torque the nut?,"Using the ceramic mug, the mechanic torqued the nut, completely ignoring the nut wrench.",Instrumental Fronting,The ceramic mug.,The nut wrench.,0,The nut wrench.,The nut wrench.,60.747825622558594,100.0,60.747825622558594,0,The nut wrench.,The nut wrench.,60.747825622558594,100.0,60.747825622558594,1,The ceramic mug.,The ceramic mug.,16.685251235961914,100.0000228881836,16.685251235961914,True,True,True
What physical object made direct contact to trim the hedge?,"Using the wooden stick, the gardener trimmed the hedge, completely ignoring the hedge trimmer.",Instrumental Fronting,The wooden stick is the target for: what physical object made direct contact to trim the hedge?,trimmer..,1,The wooden stick is the target for: what physical object made direct contact to trim the hedge?,The physical object that made direct contact to trim the hedge is a pair of pruning shears.,86.89143371582031,76.16631317138672,85.80097198486328,1,The wooden stick is the target for: what physical object made direct contact to trim the hedge?,The physical object that made direct contact to trim the hedge is the pruning shears.,86.89143371582031,76.85926818847656,86.09208679199219,1,The wooden stick is the target for: what physical object made direct contact to trim the hedge?,The physical object that made direct contact to trim the hedge is a pair of pruning shears.,86.89143371582031,76.16631317138672,85.80097198486328,False,False,False
What physical object made direct contact to stretch the canvas?,"Using the silver ring, the artist stretched the canvas, completely ignoring the canvas plier.",Instrumental Fronting,The silver ring.,The canvas plier.,0,The canvas plier.,The canvas plier.,61.219757080078125,100.00001525878906,61.219757080078125,0,The canvas plier.,The canvas plier.,61.219757080078125,100.00001525878906,61.219757080078125,1,The silver ring.,The silver ring.,10.355173110961914,100.0,10.355173110961914,True,True,True
What physical object made direct contact to call the duck?,"Using the cotton string, the hunter called the duck, completely ignoring the duck whistle.",Instrumental Fronting,The cotton string.,The duck whistle.,0,The duck whistle.,The physical object that made direct contact to call the duck was the whistle.,50.19205093383789,72.57891845703125,81.78295135498047,0,The duck whistle.,The physical object that made direct contact to call the duck was the whistle.,50.19205093383789,72.57891845703125,81.78295135498047,1,The cotton string.,The cotton string.,28.27572250366211,100.0,28.27572250366211,True,True,True
What physical object made direct contact to scoop the batter?,"Using the rubber band, the baker scooped the batter, completely ignoring the batter spoon.",Instrumental Fronting,The rubber band is the target for: what physical object made direct contact to scoop the batter?,spoon..,1,The rubber band is the target for: what physical object made direct contact to scoop the batter?,The rubber band is the target for: a spatula.,83.23185729980469,70.5027084350586,46.96971893310547,1,The rubber band is the target for: what physical object made direct contact to scoop the batter?,The rubber band is the target for: a spoon.,83.23185729980469,60.19813919067383,38.69755935668945,0,spoon..,The spoon.,27.57749938964844,86.89176940917969,29.91982078552246,False,False,False
What physical object made direct contact to inspect the flaw?,"Using the tin cup, the jeweler inspected the flaw, completely ignoring the flaw loupe.",Instrumental Fronting,The tin cup.,The flaw loupe.,0,The flaw loupe.,The loupe.,40.33491516113281,71.3128662109375,19.238126754760746,0,The flaw loupe.,The loupe.,40.33491516113281,71.3128662109375,19.238126754760746,1,The tin cup.,The tin cup.,20.84864616394043,100.00001525878906,20.84864616394043,True,True,True
What physical object made direct contact to read the chart?,"Using the glass cup, the sailor read the chart, completely ignoring the chart compass.",Instrumental Fronting,The glass cup.,The chart compass.,0,The chart compass.,The physical object that made direct contact to read the chart is the chart compass.,53.48702621459961,76.07701873779297,84.21422576904297,0,The chart compass.,The physical object that made direct contact to read the chart is the chart compass.,53.48702621459961,76.07701873779297,84.21422576904297,1,The glass cup.,The glass cup.,19.30470466613769,100.0,19.30470466613769,True,True,True
What physical object made direct contact to separate the yolk?,"Using the paper bag, the chef separated the yolk, completely ignoring the yolk separator.",Instrumental Fronting,The paper bag is the target for: what physical object made direct contact to separate the yolk?,separator..,1,The paper bag is the target for: what physical object made direct contact to separate the yolk?,The physical object that made direct contact to separate the yolk is the fork.,84.90818786621094,71.5459213256836,85.971923828125,1,The paper bag is the target for: what physical object made direct contact to separate the yolk?,The physical object that made direct contact to separate the yolk is a fork.,84.90818786621094,70.76146697998047,85.52751159667969,0,separator..,The separator.,27.251577377319336,93.84772491455078,31.55278778076172,False,False,False
What physical object made direct contact to clamp the vein?,"Using the leather glove, the medic clamped the vein, completely ignoring the vein hemostat.",Instrumental Fronting,The leather glove.,The vein hemostat.,0,The vein hemostat.,The vein hemostat.,62.083106994628906,100.00001525878906,62.083106994628906,0,The vein hemostat.,The vein hemostat.,62.083106994628906,100.00001525878906,62.083106994628906,1,The leather glove.,The leather glove.,21.97795295715332,100.0000228881836,21.97795295715332,True,True,True
What physical object made direct contact to cure the ham?,"Using the stone knife, the butcher cured the ham, completely ignoring the ham salt.",Instrumental Fronting,The stone knife.,The ham salt.,0,The ham salt.,The physical object that made direct contact to cure the ham is salt.,57.13795852661133,73.28363800048828,86.80553436279297,0,The ham salt.,The ham salt.,57.13795852661133,100.00001525878906,57.13795852661133,0,The ham salt.,The physical object that made direct contact to cure the ham is salt.,57.13795852661133,73.28363800048828,86.80553436279297,False,False,False
What physical object made direct contact to shear the sheep?,"Using the wet rock, the farmer sheared the sheep, completely ignoring the sheep clipper.",Instrumental Fronting,The wet rock is the target for: what physical object made direct contact to shear the sheep?,clipper..,1,The wet rock is the target for: what physical object made direct contact to shear the sheep?,The physical object that made direct contact to shear the sheep is a rock.,88.20021057128906,92.82251739501952,90.25384521484376,1,The wet rock is the target for: what physical object made direct contact to shear the sheep?,The physical object that made direct contact to shear the sheep is a rock.,88.20021057128906,92.82251739501952,90.25384521484376,1,The wet rock is the target for: what physical object made direct contact to shear the sheep?,The physical object that made direct contact to shear the sheep is a rock.,88.20021057128906,92.82251739501952,90.25384521484376,False,False,False
What physical object made direct contact to thaw the pipe?,"Using the plastic box, the plumber thawed the pipe, completely ignoring the pipe heater.",Instrumental Fronting,The plastic box.,The pipe heater.,0,The pipe heater.,The pipe heater.,56.66345977783203,99.99998474121094,56.66345977783203,0,The pipe heater.,The pipe heater.,56.66345977783203,99.99998474121094,56.66345977783203,0,The pipe heater.,The pipe heater.,56.66345977783203,99.99998474121094,56.66345977783203,False,False,False
What physical object made direct contact to drill the hole?,"Using the silk scarf, the carpenter drilled the hole, completely ignoring the hole bit.",Instrumental Fronting,The silk scarf.,The hole bit.,0,The hole bit.,The drill bit.,48.75381088256836,81.98841094970703,55.647457122802734,0,The hole bit.,The drill bit.,48.75381088256836,81.98841094970703,55.647457122802734,1,The silk scarf.,The drill bit made direct contact to drill the hole.,13.198101043701172,0.0,71.98336029052734,True,True,True
What physical object made direct contact to charge the battery?,"Using the ceramic plate, the mechanic charged the battery, completely ignoring the battery cable.",Instrumental Fronting,The ceramic plate is the target for: what physical object made direct contact to charge the battery?,cable..,1,The ceramic plate is the target for: what physical object made direct contact to charge the battery?,The ceramic plate.,82.17802429199219,60.24386978149414,29.044214248657227,1,The ceramic plate is the target for: what physical object made direct contact to charge the battery?,The ceramic plate.,82.17802429199219,60.24386978149414,29.044214248657227,1,The ceramic plate is the target for: what physical object made direct contact to charge the battery?,The ceramic plate.,82.17802429199219,60.24386978149414,29.044214248657227,False,False,False
What physical object made direct contact to spread the mulch?,"Using the wooden log, the gardener spread the mulch, completely ignoring the mulch fork.",Instrumental Fronting,The wooden log.,The mulch fork.,0,The mulch fork.,The mulch fork.,60.1602897644043,100.0000228881836,60.1602897644043,0,The mulch fork.,The mulch fork.,60.1602897644043,100.0000228881836,60.1602897644043,1,The wooden log.,The physical object that made direct contact to spread the mulch is the wooden log.,29.716455459594727,66.37288665771484,78.58049011230469,True,True,True
What physical object made direct contact to wash the brush?,"Using the silver coin, the artist washed the brush, completely ignoring the brush solvent.",Instrumental Fronting,The silver coin.,The brush solvent.,0,The brush solvent.,The water.,62.21703720092773,29.33260536193848,23.55280876159668,0,The brush solvent.,The water.,62.21703720092773,29.33260536193848,23.55280876159668,1,The silver coin.,The silver coin.,15.31077766418457,100.00001525878906,15.31077766418457,True,True,True
What physical object made direct contact to aim the rifle?,"Using the cotton cloth, the hunter aimed the rifle, completely ignoring the rifle sight.",Instrumental Fronting,The cotton cloth is the target for: what physical object made direct contact to aim the rifle?,sight..,1,The cotton cloth is the target for: what physical object made direct contact to aim the rifle?,The physical object that made direct contact to aim the rifle is the cotton cloth.,85.1892318725586,95.98098754882812,80.95306396484375,1,The cotton cloth is the target for: what physical object made direct contact to aim the rifle?,The physical object that made direct contact to aim the rifle is the cotton cloth.,85.1892318725586,95.98098754882812,80.95306396484375,1,The cotton cloth is the target for: what physical object made direct contact to aim the rifle?,The physical object that made direct contact to aim the rifle is the cotton cloth.,85.1892318725586,95.98098754882812,80.95306396484375,False,False,False
What physical object made direct contact to proof the yeast?,"Using the rubber tube, the baker proofed the yeast, completely ignoring the yeast bowl.",Instrumental Fronting,The rubber tube.,The yeast bowl.,0,The yeast bowl.,The spoon.,52.592681884765625,44.00815200805664,20.13180923461914,0,The yeast bowl.,The spoon.,52.592681884765625,44.00815200805664,20.13180923461914,1,The rubber tube.,The rubber tube.,31.23788452148437,99.99999237060548,31.23788452148437,True,True,True
What physical object made direct contact to clasp the chain?,"Using the tin tray, the jeweler clasped the chain, completely ignoring the chain plier.",Instrumental Fronting,The tin tray.,The chain plier.,0,The chain plier.,The chain plier.,50.434757232666016,100.0,50.434757232666016,0,The chain plier.,The chain plier.,50.434757232666016,100.0,50.434757232666016,1,The tin tray.,The tin tray.,24.499399185180664,100.0,24.499399185180664,True,True,True
What physical object made direct contact to sound the depth?,"Using the glass bowl, the sailor sounded the depth, completely ignoring the depth lead.",Instrumental Fronting,The glass bowl is the target for: what physical object made direct contact to sound the depth?,lead..,1,The glass bowl is the target for: what physical object made direct contact to sound the depth?,The physical object that made direct contact to sound the depth is the sonar probe.,79.07941436767578,68.82353210449219,81.12486267089844,1,The glass bowl is the target for: what physical object made direct contact to sound the depth?,The physical object that made direct contact to sound the depth is the sonar probe.,79.07941436767578,68.82353210449219,81.12486267089844,1,The glass bowl is the target for: what physical object made direct contact to sound the depth?,The physical object that made direct contact to sound the depth is the sonar probe.,79.07941436767578,68.82353210449219,81.12486267089844,False,False,False
What physical object made direct contact to open the can?,"Using the paper sheet, the chef opened the can, completely ignoring the can opener.",Instrumental Fronting,The paper sheet.,The can opener.,0,The can opener.,The can opener.,65.38513946533203,100.0,65.38513946533203,0,The can opener.,The can opener.,65.38513946533203,100.0,65.38513946533203,1,The paper sheet.,The can opener.,20.09421157836914,24.668046951293945,65.38513946533203,True,True,True
What physical object made direct contact to shock the heart?,"Using the leather shoe, the medic shocked the heart, completely ignoring the heart defibrillator.",Instrumental Fronting,The leather shoe.,The heart defibrillator.,0,The heart defibrillator.,The physical object that made direct contact to shock the heart is the defibrillator's electrodes.,53.65384292602539,66.51569366455078,81.05504608154297,0,The heart defibrillator.,The physical object that made direct contact to shock the heart is the defibrillator's electrodes.,53.65384292602539,66.51569366455078,81.05504608154297,1,The leather shoe.,The leather shoe.,17.20659065246582,100.0,17.20659065246582,True,True,True
What physical object made direct contact to tie the roast?,"Using the stone block, the butcher tied the roast, completely ignoring the roast net.",Instrumental Fronting,The stone block is the target for: what physical object made direct contact to tie the roast?,net..,1,The stone block is the target for: what physical object made direct contact to tie the roast?,The stone block is the target for: a string.,85.30780029296875,55.586875915527344,24.08358192443848,1,The stone block is the target for: what physical object made direct contact to tie the roast?,The stone block is the target for: a string.,85.30780029296875,55.586875915527344,24.08358192443848,0,net..,The physical object that made direct contact to tie the roast is the net.,8.92154598236084,31.257057189941406,87.28666687011719,False,False,False
What physical object made direct contact to feed the trough?,"Using the wet sand, the farmer fed the trough, completely ignoring the trough bucket.",Instrumental Fronting,The wet sand.,The trough bucket.,0,The trough bucket.,The physical object that made direct contact to feed the trough is the trough bucket.,49.07058334350586,74.32695770263672,81.0313491821289,0,The trough bucket.,The physical object that made direct contact to feed the trough is the trough bucket.,49.07058334350586,74.32695770263672,81.0313491821289,1,The wet sand.,The waves.,28.199922561645508,46.39910507202149,29.49730491638184,True,True,True
What physical object made direct contact to inspect the drain?,"Using the plastic wrap, the plumber inspected the drain, completely ignoring the drain camera.",Instrumental Fronting,The plastic wrap.,The drain camera.,0,The drain camera.,The drain camera.,60.59981536865234,100.0,60.59981536865234,0,The drain camera.,The drain camera.,60.59981536865234,100.0,60.59981536865234,1,The plastic wrap.,The plastic wrap.,33.1554069519043,100.0,33.1554069519043,True,True,True
What physical object made direct contact to route the edge?,"Using the silk sock, the carpenter routed the edge, completely ignoring the edge router.",Instrumental Fronting,The silk sock is the target for: what physical object made direct contact to route the edge?,router..,1,The silk sock is the target for: what physical object made direct contact to route the edge?,The physical object that made direct contact to route the edge is a needle.,68.11492156982422,67.68995666503906,83.79412841796875,1,The silk sock is the target for: what physical object made direct contact to route the edge?,The physical object that made direct contact to route the edge is a needle.,68.11492156982422,67.68995666503906,83.79412841796875,0,router..,The physical object that made direct contact to route the edge is the router's edge guide.,21.45615005493164,33.02183151245117,83.39141845703125,False,False,False
What physical object made direct contact to balance the wheel?,"Using the ceramic brick, the mechanic balanced the wheel, completely ignoring the wheel weight.",Instrumental Fronting,The ceramic brick.,The wheel weight.,0,The wheel weight.,The physical object that made direct contact to balance the wheel is the wheel weight.,62.57460021972656,72.5654067993164,87.77847290039062,0,The wheel weight.,The physical object that made direct contact to balance the wheel is the wheel weight.,62.57460021972656,72.5654067993164,87.77847290039062,1,The ceramic brick.,The ceramic brick.,19.01963424682617,99.99999237060548,19.01963424682617,True,True,True
What physical object made direct contact to chip the branch?,"Using the wooden wheel, the gardener chipped the branch, completely ignoring the branch shredder.",Instrumental Fronting,The wooden wheel.,The branch shredder.,0,The branch shredder.,The physical object that made direct contact to chip the branch is the shredder.,45.325294494628906,70.4632568359375,80.5438003540039,0,The branch shredder.,The physical object that made direct contact to chip the branch is the shredder.,45.325294494628906,70.4632568359375,80.5438003540039,0,The branch shredder.,The physical object that made direct contact to chip the branch is the shredder.,45.325294494628906,70.4632568359375,80.5438003540039,False,False,False
What physical object made direct contact to mix the color?,"Using the silver fork, the artist mixed the color, completely ignoring the color wheel.",Instrumental Fronting,The silver fork is the target for: what physical object made direct contact to mix the color?,wheel..,1,The silver fork is the target for: what physical object made direct contact to mix the color?,The silver fork is the target for: the artist's brush.,78.15802764892578,64.5265121459961,29.149532318115234,1,The silver fork is the target for: what physical object made direct contact to mix the color?,The silver fork is the target for: the artist's brush.,78.15802764892578,64.5265121459961,29.149532318115234,1,The silver fork is the target for: what physical object made direct contact to mix the color?,The silver fork is the target for: the artist's brush.,78.15802764892578,64.5265121459961,29.149532318115234,False,False,False
What physical object made direct contact to store the meat?,"Using the cotton string, the hunter stored the meat, completely ignoring the meat freezer.",Instrumental Fronting,The cotton string.,The meat freezer.,0,The meat freezer.,The shelves.,59.21958541870117,42.71882247924805,34.15206527709961,0,The meat freezer.,The shelves.,59.21958541870117,42.71882247924805,34.15206527709961,0,The meat freezer.,The shelves.,59.21958541870117,42.71882247924805,34.15206527709961,False,False,False
What physical object made direct contact to bake the loaf?,"Using the rubber stamp, the baker baked the loaf, completely ignoring the loaf oven.",Instrumental Fronting,The rubber stamp.,The loaf oven.,0,The loaf oven.,The physical object that made direct contact to bake the loaf is the oven rack.,70.06841278076172,67.79910278320312,84.75534057617188,0,The loaf oven.,The physical object that made direct contact to bake the loaf is the oven rack.,70.06841278076172,67.79910278320312,84.75534057617188,1,The rubber stamp.,The oven.,27.853918075561523,30.1905460357666,49.97833633422852,True,True,True
What physical object made direct contact to engrave the ring?,"Using the tin bell, the jeweler engraved the ring, completely ignoring the ring burin.",Instrumental Fronting,The tin bell is the target for: what physical object made direct contact to engrave the ring?,burin..,1,The tin bell is the target for: what physical object made direct contact to engrave the ring?,The physical object that made direct contact to engrave the ring is the key.,84.96634674072266,83.19615173339844,90.1760025024414,1,The tin bell is the target for: what physical object made direct contact to engrave the ring?,The physical object that made direct contact to engrave the ring is the key.,84.96634674072266,83.19615173339844,90.1760025024414,1,The tin bell is the target for: what physical object made direct contact to engrave the ring?,The physical object that made direct contact to engrave the ring is the key.,84.96634674072266,83.19615173339844,90.1760025024414,False,False,False
What physical object made direct contact to hail the port?,"Using the glass shard, the sailor hailed the port, completely ignoring the port radio.",Instrumental Fronting,The glass shard.,The port radio.,0,The port radio.,The physical object that made direct contact to hail the port was the radio.,50.548927307128906,69.48892211914062,81.94908905029297,0,The port radio.,The physical object that made direct contact to hail the port was the radio.,50.548927307128906,69.48892211914062,81.94908905029297,0,The port radio.,The physical object that made direct contact to hail the port was the radio.,50.548927307128906,69.48892211914062,81.94908905029297,False,False,False
What physical object made direct contact to whip the egg?,"Using the paper clip, the chef whipped the egg, completely ignoring the egg whisk.",Instrumental Fronting,The paper clip.,The egg whisk.,0,The egg whisk.,The egg whisk.,54.52029800415039,99.99998474121094,54.52029800415039,0,The egg whisk.,The egg whisk.,54.52029800415039,99.99998474121094,54.52029800415039,1,The paper clip.,The paper clip.,13.202327728271484,100.0,13.202327728271484,True,True,True
What physical object made direct contact to open the airway?,"Using the leather belt, the medic opened the airway, completely ignoring the airway tube.",Instrumental Fronting,The leather belt is the target for: what physical object made direct contact to open the airway?,tube..,1,The leather belt is the target for: what physical object made direct contact to open the airway?,The physical object that made direct contact to open the airway is the leather belt.,80.44170379638672,96.55134582519533,77.88748931884766,1,The leather belt is the target for: what physical object made direct contact to open the airway?,The physical object that made direct contact to open the airway is the leather belt.,80.44170379638672,96.55134582519533,77.88748931884766,0,tube..,The tube.,28.93704414367676,89.14469146728516,35.2833137512207,False,False,False
What physical object made direct contact to tenderize the steak?,"Using the stone pestle, the butcher tenderized the steak, completely ignoring the steak mallet.",Instrumental Fronting,The stone pestle.,The steak mallet.,0,The steak mallet.,The steak mallet.,58.707176208496094,100.0,58.707176208496094,0,The steak mallet.,The steak mallet.,58.707176208496094,100.0,58.707176208496094,0,The steak mallet.,The steak mallet.,58.707176208496094,100.0,58.707176208496094,False,False,False
What physical object made direct contact to bundle the stalk?,"Using the wet leaf, the farmer bundled the stalk, completely ignoring the stalk binder.",Instrumental Fronting,The wet leaf.,The stalk binder.,0,The stalk binder.,The physical object that made direct contact to bundle the stalk is the stalk binder.,49.18195724487305,69.9090805053711,87.07858276367188,0,The stalk binder.,The physical object that made direct contact to bundle the stalk is the stalk binder.,49.18195724487305,69.9090805053711,87.07858276367188,0,The stalk binder.,The physical object that made direct contact to bundle the stalk is the stalk binder.,49.18195724487305,69.9090805053711,87.07858276367188,False,False,False
What physical object made direct contact to test the pressure?,"Using the plastic comb, the plumber tested the pressure, completely ignoring the pressure gauge.",Instrumental Fronting,The plastic comb is the target for: what physical object made direct contact to test the pressure?,gauge..,1,The plastic comb is the target for: what physical object made direct contact to test the pressure?,The plastic comb is the target for the human finger.,82.37120819091797,70.77153015136719,34.2514762878418,1,The plastic comb is the target for: what physical object made direct contact to test the pressure?,The plastic comb is the target for the human finger.,82.37120819091797,70.77153015136719,34.2514762878418,1,The plastic comb is the target for: what physical object made direct contact to test the pressure?,The plastic comb is the target for the human finger.,82.37120819091797,70.77153015136719,34.2514762878418,False,False,False
What physical object made direct contact to carve the relief?,"Using the silk tie, the carpenter carved the relief, completely ignoring the relief gouge.",Instrumental Fronting,The silk tie.,The relief gouge.,0,The relief gouge.,The chisel.,47.4543342590332,27.19363594055176,28.17026901245117,0,The relief gouge.,The chisel.,47.4543342590332,27.19363594055176,28.17026901245117,0,The relief gouge.,The chisel.,47.4543342590332,27.19363594055176,28.17026901245117,False,False,False
What physical object made direct contact to wash the auto?,"Using the ceramic vase, the mechanic washed the auto, completely ignoring the auto sponge.",Instrumental Fronting,The ceramic vase.,The auto sponge.,0,The auto sponge.,The auto sponge.,43.35960388183594,100.0,43.35960388183594,0,The auto sponge.,The auto sponge.,43.35960388183594,100.0,43.35960388183594,0,The auto sponge.,The auto sponge.,43.35960388183594,100.0,43.35960388183594,False,False,False
What physical object made direct contact to test the soil?,"Using the wooden pin, the gardener tested the soil, completely ignoring the soil probe.",Instrumental Fronting,The wooden pin is the target for: what physical object made direct contact to test the soil?,probe..,1,The wooden pin is the target for: what physical object made direct contact to test the soil?,The wooden pin.,84.3182144165039,60.27445983886719,27.146839141845703,1,The wooden pin is the target for: what physical object made direct contact to test the soil?,The wooden pin.,84.3182144165039,60.27445983886719,27.146839141845703,1,The wooden pin is the target for: what physical object made direct contact to test the soil?,The wooden pin.,84.3182144165039,60.27445983886719,27.146839141845703,False,False,False
What physical object made direct contact to fire the clay?,"Using the silver tray, the artist fired the clay, completely ignoring the clay kiln.",Instrumental Fronting,The silver tray.,The clay kiln.,0,The clay kiln.,The wicker basket.,53.20802307128906,36.54695129394531,17.890060424804688,0,The clay kiln.,The wicker basket.,53.20802307128906,36.54695129394531,17.890060424804688,1,The silver tray.,The silver tray.,25.190786361694336,100.0,25.190786361694336,True,True,True
What physical object made direct contact to gut the fish?,"Using the cotton pad, the hunter gutted the fish, completely ignoring the fish blade.",Instrumental Fronting,The cotton pad.,The fish blade.,0,The fish blade.,The fish blade.,59.0332145690918,100.0,59.0332145690918,0,The fish blade.,The fish blade.,59.0332145690918,100.0,59.0332145690918,1,The cotton pad.,The cotton pad.,14.692243576049805,100.00001525878906,14.692243576049805,True,True,True
What physical object made direct contact to sift the flour?,"Using the rubber ball, the baker sifted the flour, completely ignoring the flour sieve.",Instrumental Fronting,The rubber ball is the target for: what physical object made direct contact to sift the flour?,sieve..,1,The rubber ball is the target for: what physical object made direct contact to sift the flour?,The physical object that made direct contact to sift the flour is a whisk.,87.14014434814453,74.45354461669922,82.21719360351562,1,The rubber ball is the target for: what physical object made direct contact to sift the flour?,The physical object made direct contact to sift the flour is a whisk.,87.14014434814453,76.3857421875,83.87124633789062,0,sieve..,The sieve made direct contact to sift the flour.,32.50444412231445,59.25615310668945,82.88435363769531,False,False,False
What physical object made direct contact to bend the wire?,"Using the tin foil, the jeweler bent the wire, completely ignoring the wire jig.",Instrumental Fronting,The tin foil.,The wire jig.,0,The wire jig.,The wire jig.,43.46945190429688,100.0,43.46945190429688,0,The wire jig.,The wire jig.,43.46945190429688,100.0,43.46945190429688,1,The tin foil.,The tin foil.,28.848896026611328,100.00001525878906,28.848896026611328,True,True,True
What physical object made direct contact to check the wind?,"Using the glass bead, the sailor checked the wind, completely ignoring the wind vane.",Instrumental Fronting,The glass bead.,The wind vane.,0,The wind vane.,The wind vane.,59.61772918701172,100.0,59.61772918701172,0,The wind vane.,The wind vane.,59.61772918701172,100.0,59.61772918701172,1,The glass bead.,The glass bead.,25.48006248474121,99.99999237060548,25.48006248474121,True,True,True
What physical object made direct contact to measure the cup?,"Using the paper fan, the chef measured the cup, completely ignoring the cup scale.",Instrumental Fronting,The paper fan is the target for: what physical object made direct contact to measure the cup?,scale..,1,The paper fan is the target for: what physical object made direct contact to measure the cup?,The paper fan.,83.37703704833984,60.36854934692383,22.83189392089844,1,The paper fan is the target for: what physical object made direct contact to measure the cup?,The paper fan.,83.37703704833984,60.36854934692383,22.83189392089844,0,scale..,The physical object that made direct contact to measure the cup is a scale.,19.773399353027344,42.14662551879883,84.75846862792969,False,False,False
What physical object made direct contact to brace the neck?,"Using the leather strap, the medic braced the neck, completely ignoring the neck collar.",Instrumental Fronting,The leather strap.,The neck collar.,0,The neck collar.,The physical object that made direct contact to brace the neck is the neck collar.,56.61184310913086,71.1815185546875,87.39036560058594,0,The neck collar.,The physical object that made direct contact to brace the neck is the neck collar.,56.61184310913086,71.1815185546875,87.39036560058594,1,The leather strap.,The leather strap.,46.116966247558594,100.0,46.116966247558594,True,True,True
What physical object made direct contact to smoke the rib?,"Using the stone pebble, the butcher smoked the rib, completely ignoring the rib smoker.",Instrumental Fronting,The stone pebble.,The rib smoker.,0,The rib smoker.,The physical object that made direct contact to smoke the rib is the rib smoker.,72.90808868408203,79.7470474243164,92.68811798095705,0,The rib smoker.,The physical object that made direct contact to smoke the rib is the rib smoker.,72.90808868408203,79.7470474243164,92.68811798095705,0,The rib smoker.,The physical object that made direct contact to smoke the rib is the rib smoker.,72.90808868408203,79.7470474243164,92.68811798095705,False,False,False
What physical object made direct contact to clear the brush?,"Using the wet sponge, the farmer cleared the brush, completely ignoring the brush machete.",Instrumental Fronting,The wet sponge is the target for: what physical object made direct contact to clear the brush?,machete..,1,The wet sponge is the target for: what physical object made direct contact to clear the brush?,The physical object that made direct contact to clear the brush is the brush.,84.29891204833984,79.98223114013672,91.24337005615234,1,The wet sponge is the target for: what physical object made direct contact to clear the brush?,The physical object that made direct contact to clear the brush is the brush.,84.29891204833984,79.98223114013672,91.24337005615234,1,The wet sponge is the target for: what physical object made direct contact to clear the brush?,The physical object that made direct contact to clear the brush is the brush.,84.29891204833984,79.98223114013672,91.24337005615234,False,False,False
What physical object made direct contact to flare the tube?,"Using the plastic spoon, the plumber flared the tube, completely ignoring the tube flarer.",Instrumental Fronting,The plastic spoon.,The tube flarer.,0,The tube flarer.,The spark plug.,73.56230926513672,52.8120346069336,38.60139083862305,0,The tube flarer.,The spark plug.,73.56230926513672,52.8120346069336,38.60139083862305,1,The plastic spoon.,The plastic spoon.,27.84673309326172,100.0,27.84673309326172,True,True,True
What physical object made direct contact to join the board?,"Using the silk thread, the carpenter joined the board, completely ignoring the board dowel.",Instrumental Fronting,The silk thread.,The board dowel.,0,The board dowel.,The dowel.,49.50581741333008,84.69055938720703,23.67584991455078,0,The board dowel.,The dowel.,49.50581741333008,84.69055938720703,23.67584991455078,1,The silk thread.,The silk thread.,22.380069732666016,100.0,22.380069732666016,True,True,True
What physical object made direct contact to hoist the engine?,"Using the ceramic bowl, the mechanic hoisted the engine, completely ignoring the engine crane.",Instrumental Fronting,The ceramic bowl is the target for: what physical object made direct contact to hoist the engine?,crane..,1,The ceramic bowl is the target for: what physical object made direct contact to hoist the engine?,A pulley.,78.74408721923828,23.55052757263184,31.160091400146484,1,The ceramic bowl is the target for: what physical object made direct contact to hoist the engine?,A pulley.,78.74408721923828,23.55052757263184,31.160091400146484,1,The ceramic bowl is the target for: what physical object made direct contact to hoist the engine?,The physical object that made direct contact to hoist the engine is a crankshaft.,78.74408721923828,68.42153930664062,83.60669708251953,False,False,False
What physical object made direct contact to log the tree?,"Using the wooden block, the gardener logged the tree, completely ignoring the tree chainsaw.",Instrumental Fronting,The wooden block.,The tree chainsaw.,0,The tree chainsaw.,The chainsaw made direct contact with the log.,51.93430709838867,69.568603515625,63.10970687866211,0,The tree chainsaw.,The chainsaw made direct contact with the log.,51.93430709838867,69.568603515625,63.10970687866211,1,The wooden block.,The axe.,39.07796478271485,42.74037551879883,23.048433303833008,True,True,True
What physical object made direct contact to erase the line?,"Using the silver coin, the artist erased the line, completely ignoring the line gum.",Instrumental Fronting,The silver coin.,The line gum.,0,The line gum.,The eraser.,39.63334655761719,38.45890426635742,43.78865814208984,0,The line gum.,The eraser.,39.63334655761719,38.45890426635742,43.78865814208984,0,The line gum.,The eraser made direct contact to erase the line.,39.63334655761719,38.53905487060547,75.69918823242188,False,False,False
What physical object made direct contact to mount the scope?,"Using the cotton glove, the hunter mounted the scope, completely ignoring the scope ring.",Instrumental Fronting,The cotton glove is the target for: what physical object made direct contact to mount the scope?,ring..,1,The cotton glove is the target for: what physical object made direct contact to mount the scope?,The physical object that made direct contact to mount the scope is the cotton glove.,82.93978118896484,95.06134033203124,78.1991958618164,1,The cotton glove is the target for: what physical object made direct contact to mount the scope?,The cotton glove.,82.93978118896484,58.96778106689453,20.36714553833008,0,ring..,The ring.,14.934441566467283,86.19247436523438,16.18999481201172,False,False,False
What physical object made direct contact to cool the rack?,"Using the rubber boot, the baker cooled the rack, completely ignoring the rack fan.",Instrumental Fronting,The rubber boot.,The rack fan.,0,The rack fan.,The fan.,61.01188659667969,71.7691879272461,27.15215301513672,0,The rack fan.,The fan.,61.01188659667969,71.7691879272461,27.15215301513672,0,The rack fan.,The fan.,61.01188659667969,71.7691879272461,27.15215301513672,False,False,False
What physical object made direct contact to cast the mold?,"Using the tin badge, the jeweler cast the mold, completely ignoring the mold flask.",Instrumental Fronting,The tin badge.,The mold flask.,0,The mold flask.,The pattern or model.,55.838966369628906,30.64756965637207,27.965688705444336,0,The mold flask.,The pattern or model.,55.838966369628906,30.64756965637207,27.965688705444336,0,The mold flask.,The pattern or model.,55.838966369628906,30.64756965637207,27.965688705444336,False,False,False
What physical object made direct contact to scrub the hull?,"Using the glass vial, the sailor scrubbed the hull, completely ignoring the hull brush.",Instrumental Fronting,The glass vial is the target for: what physical object made direct contact to scrub the hull?,brush..,1,The glass vial is the target for: what physical object made direct contact to scrub the hull?,The physical object that made direct contact to scrub the hull is the glass vial.,81.44770812988281,96.35033416748048,81.33336639404297,1,The glass vial is the target for: what physical object made direct contact to scrub the hull?,The physical object that made direct contact to scrub the hull is the glass vial.,81.44770812988281,96.35033416748048,81.33336639404297,0,brush..,The brush.,23.494909286499023,81.63460540771484,27.00194931030273,False,False,False
What physical object made direct contact to time the boil?,"Using the paper map, the chef timed the boil, completely ignoring the boil timer.",Instrumental Fronting,The paper map.,The boil timer.,0,The boil timer.,The physical object that made direct contact to time the boil is the timer.,61.22102737426758,73.84211730957031,86.99042510986328,0,The boil timer.,The physical object that made direct contact to time the boil is the timer.,61.22102737426758,73.84211730957031,86.99042510986328,0,The boil timer.,The physical object that made direct contact to time the boil is the timer.,61.22102737426758,73.84211730957031,86.99042510986328,False,False,False
What physical object made direct contact to listen the chest?,"Using the leather boot, the medic listened the chest, completely ignoring the chest stethoscope.",Instrumental Fronting,The leather boot.,The chest stethoscope.,0,The chest stethoscope.,The chest stethoscope.,63.58677291870117,100.00001525878906,63.58677291870117,0,The chest stethoscope.,The chest stethoscope.,63.58677291870117,100.00001525878906,63.58677291870117,1,The leather boot.,The leather boot.,18.522066116333008,100.00001525878906,18.522066116333008,True,True,True
What physical object made direct contact to weigh the chop?,"Using the stone tablet, the butcher weighed the chop, completely ignoring the chop scale.",Instrumental Fronting,The stone tablet is the target for: what physical object made direct contact to weigh the chop?,scale..,1,The stone tablet is the target for: what physical object made direct contact to weigh the chop?,The stone tablet.,82.79327392578125,54.4605598449707,14.621920585632324,1,The stone tablet is the target for: what physical object made direct contact to weigh the chop?,The stone tablet.,82.79327392578125,54.4605598449707,14.621920585632324,0,scale..,The scale.,24.278844833374023,82.08546447753906,32.20404052734375,False,False,False
What physical object made direct contact to gather the egg?,"Using the wet towel, the farmer gathered the egg, completely ignoring the egg basket.",Instrumental Fronting,The wet towel.,The egg basket.,0,The egg basket.,The egg basket.,51.86933135986328,100.0000228881836,51.86933135986328,0,The egg basket.,The egg basket.,51.86933135986328,100.0000228881836,51.86933135986328,0,The egg basket.,The egg basket.,51.86933135986328,100.0000228881836,51.86933135986328,False,False,False
What physical object made direct contact to pump the sump?,"Using the plastic brick, the plumber pumped the sump, completely ignoring the sump motor.",Instrumental Fronting,The plastic brick.,The sump motor.,0,The sump motor.,The impeller.,57.06108856201172,39.95001220703125,36.72988510131836,0,The sump motor.,The impeller.,57.06108856201172,39.95001220703125,36.72988510131836,1,The plastic brick.,The plastic brick.,18.757699966430664,100.0,18.757699966430664,True,True,True
What physical object made direct contact to nail the trim?,"Using the silk ribbon, the carpenter nailed the trim, completely ignoring the trim gun.",Instrumental Fronting,The silk ribbon is the target for: what physical object made direct contact to nail the trim?,gun..,1,The silk ribbon is the target for: what physical object made direct contact to nail the trim?,The hammer.,83.94576263427734,28.41043472290039,35.857669830322266,1,The silk ribbon is the target for: what physical object made direct contact to nail the trim?,The hammer.,83.94576263427734,28.41043472290039,35.857669830322266,1,The silk ribbon is the target for: what physical object made direct contact to nail the trim?,The hammer.,83.94576263427734,28.41043472290039,35.857669830322266,False,False,False
What physical object made direct contact to read the code?,"Using the ceramic tile, the mechanic read the code, completely ignoring the code scanner.",Instrumental Fronting,The ceramic tile.,The code scanner.,0,The code scanner.,The code scanner.,47.42049026489258,100.0,47.42049026489258,0,The code scanner.,The code scanner.,47.42049026489258,100.0,47.42049026489258,0,The code scanner.,The code scanner.,47.42049026489258,100.0,47.42049026489258,False,False,False
What physical object made direct contact to drag the dirt?,"Using the wooden peg, the gardener dragged the dirt, completely ignoring the dirt drag.",Instrumental Fronting,The wooden peg.,The dirt drag.,0,The dirt drag.,The tire of the vehicle made direct contact to drag the dirt.,73.55692291259766,64.91248321533203,72.78846740722656,0,The dirt drag.,The tire of the vehicle made direct contact to drag the dirt.,73.55692291259766,64.91248321533203,72.78846740722656,1,The wooden peg.,The wooden peg.,22.080224990844727,100.0000228881836,22.080224990844727,True,True,True
What physical object made direct contact to spray the fixative?,"Using the silver bell, the artist sprayed the fixative, completely ignoring the fixative can.",Instrumental Fronting,The silver bell is the target for: what physical object made direct contact to spray the fixative?,can..,1,The silver bell is the target for: what physical object made direct contact to spray the fixative?,The silver bell.,77.26533508300781,58.34416580200195,11.244027137756348,1,The silver bell is the target for: what physical object made direct contact to spray the fixative?,The silver bell.,77.26533508300781,58.34416580200195,11.244027137756348,0,can..,The physical object that made direct contact to spray the fixative is the can.,7.381949424743652,25.081974029541016,79.11022186279297,False,False,False
What physical object made direct contact to clean the bore?,"Using the cotton ball, the hunter cleaned the bore, completely ignoring the bore snake.",Instrumental Fronting,The cotton ball.,The bore snake.,0,The bore snake.,The bore snake.,42.19413375854492,99.99999237060548,42.19413375854492,0,The bore snake.,The bore snake.,42.19413375854492,99.99999237060548,42.19413375854492,0,The bore snake.,The bore snake.,42.19413375854492,99.99999237060548,42.19413375854492,False,False,False
What physical object made direct contact to pipe the icing?,"Using the rubber duck, the baker piped the icing, completely ignoring the icing tip.",Instrumental Fronting,The rubber duck.,The icing tip.,0,The icing tip.,The piping bag.,59.930908203125,39.33326721191406,44.90969467163086,0,The icing tip.,The piping bag.,59.930908203125,39.33326721191406,44.90969467163086,0,The icing tip.,The piping bag.,59.930908203125,39.33326721191406,44.90969467163086,False,False,False
What physical object made direct contact to pick the lock?,The thief picked the lock with the plastic comb attached to the lock pick.,Lexical Echo,The plastic comb made direct contact is the target for: what physical object made direct contact to pick the lock?,pick..,1,The plastic comb made direct contact is the target for: what physical object made direct contact to pick the lock?,The plastic comb.,84.43464660644531,61.64957427978516,33.12226486206055,1,The plastic comb made direct contact is the target for: what physical object made direct contact to pick the lock?,The plastic comb.,84.43464660644531,61.64957427978516,33.12226486206055,0,pick..,The physical object that made direct contact to pick the lock is the pick itself.,23.41000366210937,28.930896759033203,90.85244750976562,False,False,False
What physical object made direct contact to deflect the bullet?,The soldier deflected the bullet with the wooden plank holding the bullet shield.,Lexical Echo,The wooden plank made direct contact.,The bullet shield.,0,The bullet shield.,The bullet shield.,56.13742065429688,100.00001525878906,56.13742065429688,1,The wooden plank made direct contact.,The wooden plank.,44.56534576416016,79.90813446044922,22.352577209472656,1,The wooden plank made direct contact.,The wooden plank.,44.56534576416016,79.90813446044922,22.352577209472656,True,False,False
What physical object made direct contact to bypass the terminal?,The hacker bypassed the terminal with the gaming controller wired to the terminal drive.,Lexical Echo,The gaming controller made direct contact.,The terminal drive.,0,The terminal drive.,The physical object that made direct contact to bypass the terminal was the screwdriver.,43.88469314575195,52.1082649230957,85.52207946777344,1,The gaming controller made direct contact.,The gaming controller.,48.78895568847656,66.689208984375,28.65207290649414,1,The gaming controller made direct contact.,The gaming controller.,48.78895568847656,66.689208984375,28.65207290649414,True,False,False
What physical object made direct contact to bypass the circuit?,The engineer bypassed the circuit with the copper wire coiled around the circuit fuse.,Lexical Echo,The copper wire made direct contact is the target for: what physical object made direct contact to bypass the circuit?,fuse..,1,The copper wire made direct contact is the target for: what physical object made direct contact to bypass the circuit?,The physical object that made direct contact to bypass the circuit is a finger.,84.57921600341797,70.94042205810547,82.10444641113281,1,The copper wire made direct contact is the target for: what physical object made direct contact to bypass the circuit?,The physical object that made direct contact to bypass the circuit is the copper wire.,84.57921600341797,92.23985290527344,85.09449768066406,0,fuse..,The fuse.,29.81937599182129,89.51929473876953,36.17351150512695,False,False,False
What physical object made direct contact to slip the knot?,The hostage slipped the knot with the broken nail hidden under the knot knife.,Lexical Echo,The broken nail made direct contact.,The knot knife.,0,The knot knife.,The knot knife.,62.2720947265625,99.99999237060548,62.2720947265625,1,The broken nail made direct contact.,The broken nail.,46.50148010253906,80.15618896484375,34.26931381225586,0,The knot knife.,The knot knife.,62.2720947265625,99.99999237060548,62.2720947265625,False,False,False
What physical object made direct contact to signal the camp?,The scout signaled the camp with the mirrored glass held before the camp flashlight.,Lexical Echo,The mirrored glass.,The camp flashlight.,0,The camp flashlight.,The camp flashlight.,51.6791877746582,100.0,51.6791877746582,0,The camp flashlight.,The camp flashlight.,51.6791877746582,100.0,51.6791877746582,1,The mirrored glass.,The mirrored glass.,16.969192504882812,100.0000228881836,16.969192504882812,True,True,True
What physical object made direct contact to shatter the case?,The burglar shattered the case with the soft jacket wrapped around the case hammer.,Lexical Echo,The soft jacket is the target for: what physical object made direct contact to shatter the case?,hammer..,1,The soft jacket is the target for: what physical object made direct contact to shatter the case?,The physical object that made direct contact to shatter the case is the soft jacket.,82.95885467529297,96.04207611083984,79.89576721191406,1,The soft jacket is the target for: what physical object made direct contact to shatter the case?,The physical object that made direct contact to shatter the case is the soft jacket.,82.95885467529297,96.04207611083984,79.89576721191406,1,The soft jacket is the target for: what physical object made direct contact to shatter the case?,The physical object that made direct contact to shatter the case is the soft jacket.,82.95885467529297,96.04207611083984,79.89576721191406,False,False,False
What physical object made direct contact to cut the diamond?,The jeweler cut the diamond with the glass shard glued to the diamond saw.,Lexical Echo,The glass shard.,The diamond saw.,0,The diamond saw.,The diamond saw.,71.74063873291016,100.0,71.74063873291016,0,The diamond saw.,The diamond saw.,71.74063873291016,100.0,71.74063873291016,0,The diamond saw.,The diamond saw.,71.74063873291016,100.0,71.74063873291016,False,False,False
What physical object made direct contact to poison the drink?,The assassin poisoned the drink with the dirty rag hiding the drink vial.,Lexical Echo,The dirty rag.,The drink vial.,0,The drink vial.,The ring.,48.97842788696289,29.254541397094727,13.26198387145996,0,The drink vial.,The ring made direct contact with the drink to poison it.,48.97842788696289,46.03406524658203,70.28620147705078,1,The dirty rag.,The dirty rag.,16.364782333374023,100.00001525878906,16.364782333374023,True,True,True
What physical object made direct contact to breach the door?,The firefighter breached the door with the heavy brick swung at the door axe.,Lexical Echo,The heavy brick is the target for: what physical object made direct contact to breach the door?,axe..,1,The heavy brick is the target for: what physical object made direct contact to breach the door?,The heavy brick.,83.3896484375,62.83650970458984,25.82756805419922,1,The heavy brick is the target for: what physical object made direct contact to breach the door?,The heavy brick.,83.3896484375,62.83650970458984,25.82756805419922,1,The heavy brick is the target for: what physical object made direct contact to breach the door?,The heavy brick is the target for the hammer.,83.3896484375,61.8438720703125,28.80525016784668,False,False,False
What physical object made direct contact to probe the wound?,The surgeon probed the wound with the plastic peg held near the wound retractor.,Lexical Echo,The plastic peg.,The wound retractor.,0,The wound retractor.,The wound retractor.,61.20533752441406,100.00001525878906,61.20533752441406,0,The wound retractor.,The wound retractor.,61.20533752441406,100.00001525878906,61.20533752441406,0,The wound retractor.,The wound retractor.,61.20533752441406,100.00001525878906,61.20533752441406,False,False,False
What physical object made direct contact to pick the padlock?,The thief picked the padlock with the iron wire taped to the padlock pick.,Lexical Echo,The iron wire.,The padlock pick.,0,The padlock pick.,The physical object that made direct contact to pick the padlock is the pick itself.,70.68118286132812,74.86537170410156,89.88301849365234,0,The padlock pick.,The physical object that made direct contact to pick the padlock is the pick itself.,70.68118286132812,74.86537170410156,89.88301849365234,1,The iron wire.,The iron wire.,33.1946907043457,100.0,33.1946907043457,True,True,True
What physical object made direct contact to parry the foil?,The fencer parried the foil with the leather glove gripping the foil guard.,Lexical Echo,The leather glove is the target for: what physical object made direct contact to parry the foil?,guard..,1,The leather glove is the target for: what physical object made direct contact to parry the foil?,The physical object that made direct contact to parry the foil is the leather glove.,82.4205551147461,96.53965759277344,80.56524658203125,1,The leather glove is the target for: what physical object made direct contact to parry the foil?,The physical object that made direct contact to parry the foil is the leather glove.,82.4205551147461,96.53965759277344,80.56524658203125,0,guard..,The sword.,25.36505508422852,32.3690071105957,30.57780838012696,False,False,False
What physical object made direct contact to join the seam?,The welder joined the seam with the heated wire touching the seam torch.,Lexical Echo,The heated wire.,The seam torch.,0,The seam torch.,The seam torch.,56.55748748779297,100.00001525878906,56.55748748779297,0,The seam torch.,The seam torch.,56.55748748779297,100.00001525878906,56.55748748779297,1,The heated wire.,The soldering iron.,33.77531814575195,59.94448852539063,35.520774841308594,True,True,True
What physical object made direct contact to explore the wreck?,The diver explored the wreck with the plastic stick tied to the wreck light.,Lexical Echo,The plastic stick.,The wreck light.,0,The wreck light.,The ROV (Remotely Operated Vehicle) made direct contact to explore the wreck.,52.31112289428711,44.42716979980469,60.871368408203125,0,The wreck light.,The remotely operated vehicle (ROV) made direct contact to explore the wreck.,52.31112289428711,43.70338821411133,58.34829330444336,0,The wreck light.,The remotely operated vehicle (ROV) made direct contact to explore the wreck.,52.31112289428711,43.70338821411133,58.34829330444336,False,False,False
What physical object made direct contact to steer the ship?,The pilot steered the ship with the wooden spoon taped to the ship wheel.,Lexical Echo,The wooden spoon is the target for: what physical object made direct contact to steer the ship?,wheel..,1,The wooden spoon is the target for: what physical object made direct contact to steer the ship?,The wooden spoon is the target for the rudder.,81.52893829345703,75.0402603149414,41.87151336669922,1,The wooden spoon is the target for: what physical object made direct contact to steer the ship?,The wooden spoon is the target for the rudder.,81.52893829345703,75.0402603149414,41.87151336669922,0,wheel..,The wheel.,28.79857444763184,84.26155090332031,31.03977394104004,False,False,False
What physical object made direct contact to stop the car?,The driver stopped the car with the rubber boot pressing the car brake.,Lexical Echo,The rubber boot.,The car brake.,0,The car brake.,The car brake.,60.4269905090332,99.99998474121094,60.4269905090332,0,The car brake.,The car brake.,60.4269905090332,99.99998474121094,60.4269905090332,1,The rubber boot.,The rubber boot.,23.646215438842773,99.99998474121094,23.646215438842773,True,True,True
What physical object made direct contact to shoot the target?,The sniper shot the target with the glass bottle covering the target scope.,Lexical Echo,The glass bottle.,The target scope.,0,The target scope.,The bow.,45.32011795043945,44.913822174072266,29.17048072814941,0,The target scope.,The physical object that made direct contact to shoot the target is the bow.,45.32011795043945,46.89628601074219,79.6703109741211,0,The target scope.,The bow.,45.32011795043945,44.913822174072266,29.17048072814941,False,False,False
What physical object made direct contact to capture the bird?,The photographer captured the bird with the plastic cup blocking the bird lens.,Lexical Echo,The plastic cup is the target for: what physical object made direct contact to capture the bird?,lens..,1,The plastic cup is the target for: what physical object made direct contact to capture the bird?,The plastic cup is the target for: the net.,86.70579528808594,58.04706954956055,33.62834930419922,1,The plastic cup is the target for: what physical object made direct contact to capture the bird?,The plastic cup.,86.70579528808594,59.18058013916016,30.827754974365234,1,The plastic cup is the target for: what physical object made direct contact to capture the bird?,The plastic cup.,86.70579528808594,59.18058013916016,30.827754974365234,False,False,False
What physical object made direct contact to scale the wall?,The climber scaled the wall with the cotton rope tied to the wall hook.,Lexical Echo,The cotton rope.,The wall hook.,0,The wall hook.,The wall hook.,38.02263259887695,99.99999237060548,38.02263259887695,0,The wall hook.,The wall hook.,38.02263259887695,99.99999237060548,38.02263259887695,0,The wall hook.,The wall hook.,38.02263259887695,99.99999237060548,38.02263259887695,False,False,False
What physical object made direct contact to catch the bass?,The fisherman caught the bass with the metal clip holding the bass lure.,Lexical Echo,The metal clip.,The bass lure.,0,The bass lure.,The bass lure.,64.98814392089844,100.0,64.98814392089844,0,The bass lure.,The bass lure.,64.98814392089844,100.0,64.98814392089844,0,The bass lure.,The bass lure.,64.98814392089844,100.0,64.98814392089844,False,False,False
What physical object made direct contact to type the story?,The writer typed the story with the wooden block hitting the story keyboard.,Lexical Echo,The wooden block is the target for: what physical object made direct contact to type the story?,keyboard..,1,The wooden block is the target for: what physical object made direct contact to type the story?,The wooden block is the target for: a typewriter.,81.25848388671875,71.22325897216797,46.29472732543945,1,The wooden block is the target for: what physical object made direct contact to type the story?,The wooden block is the target for: a typewriter.,81.25848388671875,71.22325897216797,46.29472732543945,1,The wooden block is the target for: what physical object made direct contact to type the story?,The wooden block is the target for: a typewriter.,81.25848388671875,71.22325897216797,46.29472732543945,False,False,False
What physical object made direct contact to paint the portrait?,The artist painted the portrait with the cotton swab touching the portrait brush.,Lexical Echo,The cotton swab.,The portrait brush.,0,The portrait brush.,The portrait brush.,61.342227935791016,100.0,61.342227935791016,0,The portrait brush.,The portrait brush.,61.342227935791016,100.0,61.342227935791016,1,The cotton swab.,The cotton swab.,13.013371467590332,100.0,13.013371467590332,True,True,True
What physical object made direct contact to light the fire?,The camper lit the fire with the dry leaf shielding the fire match.,Lexical Echo,The dry leaf.,The fire match.,0,The fire match.,The match.,47.59991455078125,75.18694305419922,21.83889579772949,0,The fire match.,The match.,47.59991455078125,75.18694305419922,21.83889579772949,1,The dry leaf.,The dry leaf.,20.553091049194336,100.00001525878906,20.553091049194336,True,True,True
What physical object made direct contact to carve the turkey?,The butcher carved the turkey with the dull coin scraping the turkey knife.,Lexical Echo,The dull coin is the target for: what physical object made direct contact to carve the turkey?,knife..,1,The dull coin is the target for: what physical object made direct contact to carve the turkey?,The dull coin is the target for: a knife.,80.41996002197266,60.34371948242188,18.552011489868164,1,The dull coin is the target for: what physical object made direct contact to carve the turkey?,The dull coin is the target for: a knife.,80.41996002197266,60.34371948242188,18.552011489868164,1,The dull coin is the target for: what physical object made direct contact to carve the turkey?,The dull coin is the target for: a knife.,80.41996002197266,60.34371948242188,18.552011489868164,False,False,False
What physical object made direct contact to prune the bush?,The gardener pruned the bush with the steel coin taped to the bush shears.,Lexical Echo,The steel coin.,The bush shears.,0,The bush shears.,The bush shears.,52.52652740478516,100.0,52.52652740478516,0,The bush shears.,The bush shears.,52.52652740478516,100.0,52.52652740478516,0,The bush shears.,The bush shears.,52.52652740478516,100.0,52.52652740478516,False,False,False
What physical object made direct contact to examine the ear?,The doctor examined the ear with the plastic tube attached to the ear scope.,Lexical Echo,The plastic tube.,The ear scope.,0,The ear scope.,The otoscope.,62.18239212036133,69.4837417602539,61.34525680541992,0,The ear scope.,The ear scope.,62.18239212036133,100.0,62.18239212036133,0,The ear scope.,The ear scope.,62.18239212036133,100.0,62.18239212036133,False,False,False
What physical object made direct contact to sweep the floor?,The janitor swept the floor with the cardboard sheet blocking the floor broom.,Lexical Echo,The cardboard sheet is the target for: what physical object made direct contact to sweep the floor?,broom..,1,The cardboard sheet is the target for: what physical object made direct contact to sweep the floor?,The physical object that made direct contact to sweep the floor is a broom.,87.45581817626953,77.22229766845703,84.27748107910156,1,The cardboard sheet is the target for: what physical object made direct contact to sweep the floor?,The physical object that made direct contact to sweep the floor is a broom.,87.45581817626953,77.22229766845703,84.27748107910156,1,The cardboard sheet is the target for: what physical object made direct contact to sweep the floor?,The physical object that made direct contact to sweep the floor is a broom.,87.45581817626953,77.22229766845703,84.27748107910156,False,False,False
What physical object made direct contact to knead the dough?,The baker kneaded the dough with the rubber glove covering the dough hook.,Lexical Echo,The rubber glove.,The dough hook.,0,The dough hook.,The dough hook.,57.03071212768555,100.00001525878906,57.03071212768555,0,The dough hook.,The dough hook.,57.03071212768555,100.00001525878906,57.03071212768555,1,The rubber glove.,The rubber glove.,33.982025146484375,100.0,33.982025146484375,True,True,True
What physical object made direct contact to coat the wall?,The painter coated the wall with the cloth rag draped over the wall brush.,Lexical Echo,The cloth rag.,The wall brush.,0,The wall brush.,The wall brush.,51.25840759277344,100.00001525878906,51.25840759277344,0,The wall brush.,The wall brush.,51.25840759277344,100.00001525878906,51.25840759277344,1,The cloth rag.,The cloth rag.,31.56399154663086,100.0,31.56399154663086,True,True,True
What physical object made direct contact to measure the cloth?,The tailor measured the cloth with the silk string tied to the cloth tape.,Lexical Echo,The silk string is the target for: what physical object made direct contact to measure the cloth?,tape..,1,The silk string is the target for: what physical object made direct contact to measure the cloth?,The physical object that made direct contact to measure the cloth is a tape measure.,85.5174789428711,77.58760070800781,86.72714233398438,1,The silk string is the target for: what physical object made direct contact to measure the cloth?,The physical object that made direct contact to measure the cloth is a tape measure.,85.5174789428711,77.58760070800781,86.72714233398438,0,tape..,The tape.,22.752582550048828,84.6000747680664,25.312618255615234,False,False,False
What physical object made direct contact to drive the nail?,The carpenter drove the nail with the stone weight hitting the nail hammer.,Lexical Echo,The stone weight.,The nail hammer.,0,The nail hammer.,The nail hammer.,60.96018600463867,100.0000228881836,60.96018600463867,0,The nail hammer.,The nail hammer.,60.96018600463867,100.0000228881836,60.96018600463867,0,The nail hammer.,The physical object that made direct contact to drive the nail is the hammer.,60.96018600463867,75.72184753417969,85.53136444091797,False,False,False
What physical object made direct contact to seal the pipe?,The plumber sealed the pipe with the wax ring touching the pipe tape.,Lexical Echo,The wax ring.,The pipe tape.,0,The pipe tape.,The pipe tape.,58.76342010498047,99.99999237060548,58.76342010498047,0,The pipe tape.,The pipe tape.,58.76342010498047,99.99999237060548,58.76342010498047,0,The pipe tape.,The pipe tape.,58.76342010498047,99.99999237060548,58.76342010498047,False,False,False
What physical object made direct contact to test the wire?,The electrician tested the wire with the metal probe wired to the wire tester.,Lexical Echo,The metal probe is the target for: what physical object made direct contact to test the wire?,tester..,1,The metal probe is the target for: what physical object made direct contact to test the wire?,The metal probe.,86.56108093261719,75.94795989990234,55.512786865234375,1,The metal probe is the target for: what physical object made direct contact to test the wire?,The metal probe.,86.56108093261719,75.94795989990234,55.512786865234375,0,tester..,The tester.,29.68330955505371,86.66170501708984,36.66800308227539,False,False,False
What physical object made direct contact to dig the dirt?,The farmer dug the dirt with the wooden board bolted to the dirt shovel.,Lexical Echo,The wooden board.,The dirt shovel.,0,The dirt shovel.,The dirt shovel.,64.2132339477539,99.99998474121094,64.2132339477539,0,The dirt shovel.,The dirt shovel.,64.2132339477539,99.99998474121094,64.2132339477539,0,The dirt shovel.,The dirt shovel.,64.2132339477539,99.99998474121094,64.2132339477539,False,False,False
What physical object made direct contact to strain the pasta?,The cook strained the pasta with the cotton mesh lining the pasta strainer.,Lexical Echo,The cotton mesh.,The pasta strainer.,0,The pasta strainer.,The pasta strainer.,69.80724334716797,100.0000228881836,69.80724334716797,0,The pasta strainer.,The pasta strainer.,69.80724334716797,100.0000228881836,69.80724334716797,1,The cotton mesh.,The cotton mesh.,38.69432830810547,99.99999237060548,38.69432830810547,True,True,True
What physical object made direct contact to froth the milk?,The barista frothed the milk with the glass rod hitting the milk frother.,Lexical Echo,The glass rod is the target for: what physical object made direct contact to froth the milk?,frother..,1,The glass rod is the target for: what physical object made direct contact to froth the milk?,The physical object that made direct contact to froth the milk is the glass rod.,88.80447387695312,96.26819610595705,84.13703918457031,1,The glass rod is the target for: what physical object made direct contact to froth the milk?,The physical object that made direct contact to froth the milk is the glass rod.,88.80447387695312,96.26819610595705,84.13703918457031,1,The glass rod is the target for: what physical object made direct contact to froth the milk?,The physical object that made direct contact to froth the milk is the whisk.,88.80447387695312,71.51016235351562,79.67240905761719,False,False,False
What physical object made direct contact to crush the ice?,The bartender crushed the ice with the brass weight resting on the ice muddler.,Lexical Echo,The brass weight.,The ice muddler.,0,The ice muddler.,The ice muddler.,39.83753204345703,100.0,39.83753204345703,0,The ice muddler.,The ice muddler.,39.83753204345703,100.0,39.83753204345703,1,The brass weight.,The brass weight.,21.155776977539062,99.99998474121094,21.155776977539062,True,True,True
What physical object made direct contact to wipe the table?,The waiter wiped the table with the paper napkin wrapping the table cloth.,Lexical Echo,The paper napkin.,The table cloth.,0,The table cloth.,The table cloth.,68.12739562988281,99.99999237060548,68.12739562988281,0,The table cloth.,The table cloth.,68.12739562988281,99.99999237060548,68.12739562988281,1,The paper napkin.,The paper napkin.,46.76480102539063,100.0,46.76480102539063,True,True,True
What physical object made direct contact to open the bottle?,The sommelier opened the bottle with the steel pin glued to the bottle opener.,Lexical Echo,The steel pin is the target for: what physical object made direct contact to open the bottle?,opener..,1,The steel pin is the target for: what physical object made direct contact to open the bottle?,The steel pin is the target for a bottle opener.,82.7045669555664,82.41791534423828,56.642486572265625,1,The steel pin is the target for: what physical object made direct contact to open the bottle?,The steel pin is the target for the corkscrew.,82.7045669555664,67.36217498779297,37.58675003051758,1,The steel pin is the target for: what physical object made direct contact to open the bottle?,The steel pin is the target for: a corkscrew.,82.7045669555664,67.95450592041016,43.959693908691406,False,False,False
What physical object made direct contact to serve the soup?,The host served the soup with the ceramic bowl balanced on the soup ladle.,Lexical Echo,The ceramic bowl.,The soup ladle.,0,The soup ladle.,The soup ladle.,55.64183044433594,100.0,55.64183044433594,0,The soup ladle.,The soup ladle.,55.64183044433594,100.0,55.64183044433594,0,The soup ladle.,The soup ladle.,55.64183044433594,100.0,55.64183044433594,False,False,False
What physical object made direct contact to chop the onion?,The chef chopped the onion with the plastic wedge covering the onion chopper.,Lexical Echo,The plastic wedge.,The onion chopper.,0,The onion chopper.,The onion chopper.,60.518646240234375,100.00001525878906,60.518646240234375,0,The onion chopper.,The onion chopper.,60.518646240234375,100.00001525878906,60.518646240234375,0,The onion chopper.,The onion chopper.,60.518646240234375,100.00001525878906,60.518646240234375,False,False,False
What physical object made direct contact to roll the pastry?,The baker rolled the pastry with the glass bottle touching the pastry roller.,Lexical Echo,The glass bottle is the target for: what physical object made direct contact to roll the pastry?,roller..,1,The glass bottle is the target for: what physical object made direct contact to roll the pastry?,The physical object that made direct contact to roll the pastry is a rolling pin.,82.07992553710938,75.98938751220703,87.42555236816406,1,The glass bottle is the target for: what physical object made direct contact to roll the pastry?,The physical object that made direct contact to roll the pastry is a rolling pin.,82.07992553710938,75.98938751220703,87.42555236816406,0,roller..,The rolling pin made direct contact to roll the pastry.,36.82341003417969,35.75373077392578,81.17556762695312,False,False,False
What physical object made direct contact to grind the beef?,The butcher ground the beef with the iron pestle jamming the beef grinder.,Lexical Echo,The iron pestle.,The beef grinder.,0,The beef grinder.,The physical object that made direct contact to grind the beef is the grinder blade.,72.93172454833984,74.45831298828125,89.10331726074219,0,The beef grinder.,The physical object that made direct contact to grind the beef is the grinder blade.,72.93172454833984,74.45831298828125,89.10331726074219,1,The iron pestle.,The iron pestle.,30.389476776123047,100.00001525878906,30.389476776123047,True,True,True
What physical object made direct contact to slice the cheese?,The deli worker sliced the cheese with the copper wire spanning the cheese slicer.,Lexical Echo,The copper wire.,The cheese slicer.,0,The cheese slicer.,The physical object that made direct contact to slice the cheese is the blade of the cheese slicer.,67.8050308227539,68.3505859375,89.09640502929688,0,The cheese slicer.,The physical object that made direct contact to slice the cheese is the cheese slicer.,67.8050308227539,73.4600601196289,91.60002136230467,0,The cheese slicer.,The physical object that made direct contact to slice the cheese is the blade of the cheese slicer.,67.8050308227539,68.3505859375,89.09640502929688,False,False,False
What physical object made direct contact to stamp the form?,The clerk stamped the form with the wooden block pressing the form stamp.,Lexical Echo,The wooden block is the target for: what physical object made direct contact to stamp the form?,stamp..,1,The wooden block is the target for: what physical object made direct contact to stamp the form?,The wooden block is the target for: the chisel.,84.80738067626953,59.91797637939453,29.90129852294922,1,The wooden block is the target for: what physical object made direct contact to stamp the form?,The wooden block is the target for: the chisel.,84.80738067626953,59.91797637939453,29.90129852294922,0,stamp..,The die made direct contact to stamp the form.,44.49679946899414,45.14600372314453,69.66143798828125,False,False,False
What physical object made direct contact to erase the ink?,The writer erased the ink with the rubber band strapped to the ink eraser.,Lexical Echo,The rubber band.,The ink eraser.,0,The ink eraser.,The physical object that made direct contact to erase the ink is the eraser.,72.9687728881836,76.81562805175781,87.60350036621094,0,The ink eraser.,The physical object that made direct contact to erase the ink is the eraser.,72.9687728881836,76.81562805175781,87.60350036621094,0,The ink eraser.,The physical object that made direct contact to erase the ink is the eraser.,72.9687728881836,76.81562805175781,87.60350036621094,False,False,False
What physical object made direct contact to draw the line?,The artist drew the line with the plastic edge guiding the line ruler.,Lexical Echo,The plastic edge.,The line ruler.,0,The line ruler.,The physical object that made direct contact to draw the line is the line ruler.,52.67633056640625,77.43345642089844,81.97199249267578,0,The line ruler.,The physical object that made direct contact to draw the line is the line ruler.,52.67633056640625,77.43345642089844,81.97199249267578,1,The plastic edge.,The plastic edge.,38.433692932128906,100.00001525878906,38.433692932128906,True,True,True
What physical object made direct contact to cut the paper?,The secretary cut the paper with the steel string slicing the paper scissors.,Lexical Echo,The steel string is the target for: what physical object made direct contact to cut the paper?,scissors..,1,The steel string is the target for: what physical object made direct contact to cut the paper?,The physical object that made direct contact to cut the paper is a pair of scissors.,87.04106140136719,79.47875213623047,88.33393096923828,1,The steel string is the target for: what physical object made direct contact to cut the paper?,The physical object that made direct contact to cut the paper is a pair of scissors.,87.04106140136719,79.47875213623047,88.33393096923828,0,scissors..,The scissors.,50.73591995239258,93.48441314697266,49.72202301025391,False,False,False
What physical object made direct contact to count the cash?,The banker counted the cash with the rubber finger touching the cash counter.,Lexical Echo,The rubber finger.,The cash counter.,0,The cash counter.,The cash counter.,63.7166748046875,100.0,63.7166748046875,0,The cash counter.,The cash counter.,63.7166748046875,100.0,63.7166748046875,1,The rubber finger.,The rubber finger.,27.32745361328125,100.0,27.32745361328125,True,True,True
What physical object made direct contact to sign the check?,The boss signed the check with the graphite stick taped to the check pen.,Lexical Echo,The graphite stick.,The check pen.,0,The check pen.,The check pen.,53.87499237060547,100.00001525878906,53.87499237060547,0,The check pen.,The check pen.,53.87499237060547,100.00001525878906,53.87499237060547,1,The graphite stick.,The graphite stick.,30.00589370727539,99.9999771118164,30.00589370727539,True,True,True
What physical object made direct contact to highlight the text?,The student highlighted the text with the yellow crayon attached to the text highlighter.,Lexical Echo,The yellow crayon is the target for: what physical object made direct contact to highlight the text?,highlighter..,1,The yellow crayon is the target for: what physical object made direct contact to highlight the text?,The physical object that made direct contact to highlight the text is the yellow crayon.,80.26879119873047,96.11004638671876,79.00757598876953,1,The yellow crayon is the target for: what physical object made direct contact to highlight the text?,The physical object that made direct contact to highlight the text is the yellow crayon.,80.26879119873047,96.11004638671876,79.00757598876953,1,The yellow crayon is the target for: what physical object made direct contact to highlight the text?,The physical object that made direct contact to highlight the text is the yellow crayon.,80.26879119873047,96.11004638671876,79.00757598876953,False,False,False
What physical object made direct contact to pin the notice?,The teacher pinned the notice with the steel tack pushing the notice board.,Lexical Echo,The steel tack.,The notice board.,0,The notice board.,The pushpin.,60.51356887817383,22.854700088500977,29.605844497680664,0,The notice board.,The pushpin.,60.51356887817383,22.854700088500977,29.605844497680664,1,The steel tack.,The steel tack.,35.86714553833008,100.0,35.86714553833008,True,True,True
What physical object made direct contact to open the box?,The mailman opened the box with the brass key hanging from the box opener.,Lexical Echo,The brass key.,The box opener.,0,The box opener.,The box opener.,57.92415618896485,100.00001525878906,57.92415618896485,0,The box opener.,The box opener.,57.92415618896485,100.00001525878906,57.92415618896485,1,The brass key.,The brass key.,27.186410903930664,99.99998474121094,27.186410903930664,True,True,True
What physical object made direct contact to bind the book?,The archivist bound the book with the leather strip tying the book binder.,Lexical Echo,The leather strip is the target for: what physical object made direct contact to bind the book?,binder..,1,The leather strip is the target for: what physical object made direct contact to bind the book?,The physical object that made direct contact to bind the book is a leather strip.,82.45331573486328,95.54788208007812,83.84716796875,1,The leather strip is the target for: what physical object made direct contact to bind the book?,The physical object that made direct contact to bind the book is a leather strip.,82.45331573486328,95.54788208007812,83.84716796875,1,The leather strip is the target for: what physical object made direct contact to bind the book?,The physical object that made direct contact to bind the book is a leather strip.,82.45331573486328,95.54788208007812,83.84716796875,False,False,False
What physical object made direct contact to chop the wood?,The camper chopped the wood with the sharp stone bound to the wood axe.,Lexical Echo,The sharp stone.,The wood axe.,0,The wood axe.,The wood axe.,55.07100677490234,100.0000228881836,55.07100677490234,0,The wood axe.,The wood axe.,55.07100677490234,100.0000228881836,55.07100677490234,0,The wood axe.,The wood axe.,55.07100677490234,100.0000228881836,55.07100677490234,False,False,False
What physical object made direct contact to filter the water?,The hiker filtered the water with the cotton shirt wrapped around the water filter.,Lexical Echo,The cotton shirt.,The water filter.,0,The water filter.,The physical object that made direct contact to filter the water is the filter itself.,68.07835388183594,61.1032829284668,88.45356750488281,0,The water filter.,The physical object that made direct contact to filter the water is the water filter.,68.07835388183594,64.47433471679688,90.74250793457033,1,The cotton shirt.,The cotton shirt.,17.999094009399414,100.0000228881836,17.999094009399414,True,True,True
What physical object made direct contact to light the torch?,The scout lit the torch with the burning twig touching the torch lighter.,Lexical Echo,The burning twig is the target for: what physical object made direct contact to light the torch?,lighter..,1,The burning twig is the target for: what physical object made direct contact to light the torch?,The burning twig is the target for: the match.,84.32203674316406,60.82093811035156,24.56358337402344,1,The burning twig is the target for: what physical object made direct contact to light the torch?,The burning twig.,84.32203674316406,62.56727600097656,24.179941177368164,1,The burning twig is the target for: what physical object made direct contact to light the torch?,The burning twig.,84.32203674316406,62.56727600097656,24.179941177368164,False,False,False
What physical object made direct contact to track the deer?,The hunter tracked the deer with the glass lens attached to the deer tracker.,Lexical Echo,The glass lens.,The deer tracker.,0,The deer tracker.,The physical object that made direct contact to track the deer is the tracker's foot.,74.68961334228516,77.21524047851562,87.40389251708984,0,The deer tracker.,The physical object that made direct contact to track the deer is the tracking device.,74.68961334228516,79.7310791015625,90.94187927246094,1,The glass lens.,The physical object that made direct contact to track the deer is the glass lens.,24.591827392578125,53.60567474365234,84.10218048095703,True,True,True
What physical object made direct contact to net the salmon?,The fisher netted the salmon with the wire mesh covering the salmon net.,Lexical Echo,The wire mesh.,The salmon net.,0,The salmon net.,The physical object that made direct contact to net the salmon is the net itself.,71.2872085571289,75.88349914550781,89.97360229492188,0,The salmon net.,The physical object that made direct contact to net the salmon is the net itself.,71.2872085571289,75.88349914550781,89.97360229492188,0,The salmon net.,The physical object that made direct contact to net the salmon is the net itself.,71.2872085571289,75.88349914550781,89.97360229492188,False,False,False
What physical object made direct contact to peg the rock?,The climber pegged the rock with the steel spike hammering the rock piton.,Lexical Echo,The steel spike is the target for: what physical object made direct contact to peg the rock?,piton..,1,The steel spike is the target for: what physical object made direct contact to peg the rock?,The steel spike.,85.49046325683594,69.7818603515625,43.5412483215332,1,The steel spike is the target for: what physical object made direct contact to peg the rock?,The steel spike.,85.49046325683594,69.7818603515625,43.5412483215332,0,piton..,The piton.,15.476761817932127,89.29060363769531,22.558086395263672,False,False,False
What physical object made direct contact to skin the rabbit?,The survivor skinned the rabbit with the broken glass glued to the rabbit knife.,Lexical Echo,The broken glass.,The rabbit knife.,0,The rabbit knife.,The rabbit knife.,59.152591705322266,99.99998474121094,59.152591705322266,0,The rabbit knife.,The rabbit knife.,59.152591705322266,99.99998474121094,59.152591705322266,1,The broken glass.,The broken glass.,23.35124015808105,99.99998474121094,23.35124015808105,True,True,True
What physical object made direct contact to mark the trail?,The tracker marked the trail with the white chalk resting on the trail marker.,Lexical Echo,The white chalk.,The trail marker.,0,The trail marker.,The physical object that made direct contact to mark the trail is the trail marker.,74.24009704589844,82.86465454101562,90.0440902709961,0,The trail marker.,The physical object that made direct contact to mark the trail is the trail marker.,74.24009704589844,82.86465454101562,90.0440902709961,1,The white chalk.,The white chalk.,33.6913948059082,100.0,33.6913948059082,True,True,True
What physical object made direct contact to slash the vine?,The guide slashed the vine with the iron blade strapped to the vine machete.,Lexical Echo,The iron blade is the target for: what physical object made direct contact to slash the vine?,machete..,1,The iron blade is the target for: what physical object made direct contact to slash the vine?,The iron blade.,87.73690795898438,61.05473709106445,36.21672058105469,1,The iron blade is the target for: what physical object made direct contact to slash the vine?,The iron blade.,87.73690795898438,61.05473709106445,36.21672058105469,0,machete..,The machete.,33.57535171508789,88.70967102050781,36.86124420166016,False,False,False
What physical object made direct contact to douse the fire?,The ranger doused the fire with the wet blanket smothering the fire extinguisher.,Lexical Echo,The wet blanket.,The fire extinguisher.,0,The fire extinguisher.,The fire extinguisher.,62.04844665527344,100.0,62.04844665527344,0,The fire extinguisher.,The fire extinguisher.,62.04844665527344,100.0,62.04844665527344,1,The wet blanket.,The wet blanket.,26.49751281738281,100.0,26.49751281738281,True,True,True
What physical object made direct contact to cool the server?,The engineer cooled the server with the ice pack resting on the server fan.,Lexical Echo,The ice pack.,The server fan.,0,The server fan.,The server fan.,47.97708511352539,100.0,47.97708511352539,0,The server fan.,The server fan.,47.97708511352539,100.0,47.97708511352539,1,The ice pack.,The ice pack.,23.571786880493164,99.99998474121094,23.571786880493164,True,True,True
What physical object made direct contact to clean the screen?,The tech cleaned the screen with the silk cloth covering the screen wipe.,Lexical Echo,The silk cloth is the target for: what physical object made direct contact to clean the screen?,wipe..,1,The silk cloth is the target for: what physical object made direct contact to clean the screen?,The physical object that made direct contact to clean the screen is the silk cloth.,83.636474609375,95.9363250732422,83.89737701416016,1,The silk cloth is the target for: what physical object made direct contact to clean the screen?,The physical object that made direct contact to clean the screen is the silk cloth.,83.636474609375,95.9363250732422,83.89737701416016,1,The silk cloth is the target for: what physical object made direct contact to clean the screen?,The physical object that made direct contact to clean the screen is the silk cloth.,83.636474609375,95.9363250732422,83.89737701416016,False,False,False
What physical object made direct contact to type the code?,The coder typed the code with the plastic stylus hitting the code keyboard.,Lexical Echo,The plastic stylus.,The code keyboard.,0,The code keyboard.,The physical object that made direct contact to type the code is the code keyboard.,56.66364288330078,75.0634994506836,85.34095001220703,0,The code keyboard.,The physical object that made direct contact to type the code is the fingers.,56.66364288330078,57.22956848144531,84.50405883789062,0,The code keyboard.,The physical object that made direct contact to type the code is the fingers.,56.66364288330078,57.22956848144531,84.50405883789062,False,False,False
What physical object made direct contact to press the button?,The sysadmin pressed the button with the wooden dowel glued to the button pusher.,Lexical Echo,The wooden dowel.,The button pusher.,0,The button pusher.,The button pusher.,64.62716674804688,99.99998474121094,64.62716674804688,0,The button pusher.,The button pusher.,64.62716674804688,99.99998474121094,64.62716674804688,1,The wooden dowel.,The wooden dowel.,21.43292999267578,100.0,21.43292999267578,True,True,True
What physical object made direct contact to torque the bolt?,The mechanic torqued the bolt with the steel pipe extending the bolt wrench.,Lexical Echo,The steel pipe is the target for: what physical object made direct contact to torque the bolt?,wrench..,1,The steel pipe is the target for: what physical object made direct contact to torque the bolt?,The steel pipe is the target for: a wrench.,83.408447265625,73.53639221191406,49.18087005615234,1,The steel pipe is the target for: what physical object made direct contact to torque the bolt?,The steel pipe is the target for: a wrench.,83.408447265625,73.53639221191406,49.18087005615234,1,The steel pipe is the target for: what physical object made direct contact to torque the bolt?,The steel pipe is the target for: a wrench.,83.408447265625,73.53639221191406,49.18087005615234,False,False,False
What physical object made direct contact to pull the lever?,The operator pulled the lever with the copper hook catching the lever handle.,Lexical Echo,The copper hook.,The lever handle.,0,The lever handle.,The human hand.,68.80581665039062,60.049415588378906,52.61620330810547,0,The lever handle.,The human hand.,68.80581665039062,60.049415588378906,52.61620330810547,1,The copper hook.,The copper hook.,35.59128189086914,100.0,35.59128189086914,True,True,True
What physical object made direct contact to read the gauge?,The pilot read the gauge with the glass prism deflecting the gauge dial.,Lexical Echo,The glass prism.,The gauge dial.,0,The gauge dial.,The pointer.,63.79333114624024,22.525390625,27.135826110839844,0,The gauge dial.,The pointer.,63.79333114624024,22.525390625,27.135826110839844,1,The glass prism.,The glass prism.,27.0239200592041,100.0,27.0239200592041,True,True,True
What physical object made direct contact to check the tire?,The driver checked the tire with the brass gauge touching the tire pump.,Lexical Echo,The brass gauge is the target for: what physical object made direct contact to check the tire?,pump..,1,The brass gauge is the target for: what physical object made direct contact to check the tire?,The physical object made direct contact to check the tire is the brass gauge.,78.80634307861328,94.5884246826172,76.339111328125,1,The brass gauge is the target for: what physical object made direct contact to check the tire?,The physical object made direct contact to check the tire is the brass gauge.,78.80634307861328,94.5884246826172,76.339111328125,1,The brass gauge is the target for: what physical object made direct contact to check the tire?,The physical object made direct contact to check the tire is the brass gauge.,78.80634307861328,94.5884246826172,76.339111328125,False,False,False
What physical object made direct contact to hoist the sail?,The sailor hoisted the sail with the nylon cord tying the sail winch.,Lexical Echo,The nylon cord.,The sail winch.,0,The sail winch.,The sail winch.,54.17445755004883,100.00001525878906,54.17445755004883,0,The sail winch.,The sail winch.,54.17445755004883,100.00001525878906,54.17445755004883,1,The nylon cord.,The nylon cord.,35.15792465209961,100.00001525878906,35.15792465209961,True,True,True
What physical object made direct contact to fix the panel?,The astronaut fixed the panel with the titanium rod holding the panel wrench.,Lexical Echo,The titanium rod.,The panel wrench.,0,The panel wrench.,The panel wrench.,57.9970588684082,100.0,57.9970588684082,0,The panel wrench.,The panel wrench.,57.9970588684082,100.0,57.9970588684082,1,The titanium rod.,The titanium rod.,36.21881484985352,100.0,36.21881484985352,True,True,True
What physical object made direct contact to clamp the vein?,The surgeon clamped the vein with the plastic clip gripping the vein hemostat.,Lexical Echo,The plastic clip is the target for: what physical object made direct contact to clamp the vein?,hemostat..,1,The plastic clip is the target for: what physical object made direct contact to clamp the vein?,The physical object that made direct contact to clamp the vein is the plastic clip.,88.98403930664062,94.3996124267578,84.17998504638672,1,The plastic clip is the target for: what physical object made direct contact to clamp the vein?,The physical object that made direct contact to clamp the vein is the plastic clip.,88.98403930664062,94.3996124267578,84.17998504638672,1,The plastic clip is the target for: what physical object made direct contact to clamp the vein?,The physical object that made direct contact to clamp the vein is the plastic clip.,88.98403930664062,94.3996124267578,84.17998504638672,False,False,False
What physical object made direct contact to draw the blood?,The nurse drew the blood with the glass tube attached to the blood syringe.,Lexical Echo,The glass tube.,The blood syringe.,0,The blood syringe.,The needle of the blood syringe.,53.44129943847656,91.0111846923828,55.08216094970703,0,The blood syringe.,The needle of the blood syringe.,53.44129943847656,91.0111846923828,55.08216094970703,1,The glass tube.,The glass tube.,29.37862014770508,99.99998474121094,29.37862014770508,True,True,True
What physical object made direct contact to shock the heart?,The medic shocked the heart with the rubber pad covering the heart defibrillator.,Lexical Echo,The rubber pad.,The heart defibrillator.,0,The heart defibrillator.,The physical object that made direct contact to shock the heart is the defibrillator's electrodes.,53.65384292602539,66.51569366455078,81.05504608154297,0,The heart defibrillator.,The physical object that made direct contact to shock the heart is the defibrillator's electrodes.,53.65384292602539,66.51569366455078,81.05504608154297,0,The heart defibrillator.,The physical object that made direct contact to shock the heart is the defibrillator's electrodes.,53.65384292602539,66.51569366455078,81.05504608154297,False,False,False
What physical object made direct contact to polish the tooth?,The dentist polished the tooth with the cotton swab touching the tooth buffer.,Lexical Echo,The cotton swab is the target for: what physical object made direct contact to polish the tooth?,buffer..,1,The cotton swab is the target for: what physical object made direct contact to polish the tooth?,The physical object that made direct contact to polish the tooth is the toothbrush.,82.4056625366211,77.47684478759766,88.10659790039062,1,The cotton swab is the target for: what physical object made direct contact to polish the tooth?,The physical object that made direct contact to polish the tooth is the toothbrush.,82.4056625366211,77.47684478759766,88.10659790039062,1,The cotton swab is the target for: what physical object made direct contact to polish the tooth?,The physical object that made direct contact to polish the tooth is the toothbrush.,82.4056625366211,77.47684478759766,88.10659790039062,False,False,False
What physical object made direct contact to stir the acid?,The chemist stirred the acid with the glass rod resting in the acid mixer.,Lexical Echo,The glass rod.,The acid mixer.,0,The acid mixer.,The acid mixer.,59.0444564819336,100.0,59.0444564819336,0,The acid mixer.,The acid mixer.,59.0444564819336,100.0,59.0444564819336,1,The glass rod.,The glass rod.,23.851457595825195,100.00001525878906,23.851457595825195,True,True,True
What physical object made direct contact to view the cell?,The biologist viewed the cell with the plastic lens covering the cell microscope.,Lexical Echo,The plastic lens.,The cell microscope.,0,The cell microscope.,The cell microscope.,65.93489074707031,100.0,65.93489074707031,0,The cell microscope.,The cell microscope.,65.93489074707031,100.0,65.93489074707031,1,The plastic lens.,The plastic lens.,41.162994384765625,100.00001525878906,41.162994384765625,True,True,True
What physical object made direct contact to measure the wave?,The physicist measured the wave with the copper coil wired to the wave sensor.,Lexical Echo,The copper coil is the target for: what physical object made direct contact to measure the wave?,sensor..,1,The copper coil is the target for: what physical object made direct contact to measure the wave?,The physical object that made direct contact to measure the wave is the copper coil.,76.6635971069336,96.0274429321289,77.13877868652344,1,The copper coil is the target for: what physical object made direct contact to measure the wave?,The physical object that made direct contact to measure the wave is the copper coil.,76.6635971069336,96.0274429321289,77.13877868652344,1,The copper coil is the target for: what physical object made direct contact to measure the wave?,The physical object that made direct contact to measure the wave is the copper coil.,76.6635971069336,96.0274429321289,77.13877868652344,False,False,False
What physical object made direct contact to spin the sample?,The tech spun the sample with the steel rotor housed in the sample centrifuge.,Lexical Echo,The steel rotor.,The sample centrifuge.,0,The sample centrifuge.,The rotor.,39.81295776367188,22.873741149902344,31.53071403503418,0,The sample centrifuge.,The rotor.,39.81295776367188,22.873741149902344,31.53071403503418,1,The steel rotor.,The steel rotor.,31.386274337768555,100.0,31.386274337768555,True,True,True
What physical object made direct contact to clip the stem?,The botanist clipped the stem with the silver coin wedged in the stem clipper.,Lexical Echo,The silver coin.,The stem clipper.,0,The stem clipper.,The physical object that made direct contact to clip the stem is the stem clipper.,69.79730987548828,76.21379089355469,90.2668914794922,0,The stem clipper.,The physical object that made direct contact to clip the stem is the stem clipper.,69.79730987548828,76.21379089355469,90.2668914794922,1,The silver coin.,The silver coin.,14.98675537109375,100.00001525878906,14.98675537109375,True,True,True
What physical object made direct contact to weigh the pup?,The vet weighed the pup with the wicker basket sitting on the pup scale.,Lexical Echo,The wicker basket is the target for: what physical object made direct contact to weigh the pup?,scale..,1,The wicker basket is the target for: what physical object made direct contact to weigh the pup?,The physical object that made direct contact to weigh the pup is the wicker basket.,82.87738037109375,96.4839096069336,78.97647857666016,1,The wicker basket is the target for: what physical object made direct contact to weigh the pup?,The wicker basket.,82.87738037109375,63.68320083618164,25.9069881439209,1,The wicker basket is the target for: what physical object made direct contact to weigh the pup?,The physical object that made direct contact to weigh the pup is the wicker basket.,82.87738037109375,96.4839096069336,78.97647857666016,False,False,False
What physical object made direct contact to shape the clay?,The sculptor shaped the clay with the wooden spoon taped to the clay wire.,Lexical Echo,The wooden spoon.,The clay wire.,0,The clay wire.,The wire.,52.6975212097168,67.77472686767578,14.680830001831056,0,The clay wire.,The wire.,52.6975212097168,67.77472686767578,14.680830001831056,0,The clay wire.,The wire.,52.6975212097168,67.77472686767578,14.680830001831056,False,False,False
What physical object made direct contact to mix the paint?,The painter mixed the paint with the plastic stick resting on the paint palette.,Lexical Echo,The plastic stick.,The paint palette.,0,The paint palette.,The brush.,47.44229888916016,50.115943908691406,39.17189025878906,0,The paint palette.,The brush.,47.44229888916016,50.115943908691406,39.17189025878906,1,The plastic stick.,The plastic stick.,30.9808349609375,100.00001525878906,30.9808349609375,True,True,True
What physical object made direct contact to spin the vase?,The potter spun the vase with the leather strap pulling the vase wheel.,Lexical Echo,The leather strap is the target for: what physical object made direct contact to spin the vase?,wheel..,1,The leather strap is the target for: what physical object made direct contact to spin the vase?,The physical object that made direct contact to spin the vase is the leather strap.,81.10944366455078,95.4509735107422,75.8992691040039,1,The leather strap is the target for: what physical object made direct contact to spin the vase?,The physical object that made direct contact to spin the vase is the leather strap.,81.10944366455078,95.4509735107422,75.8992691040039,0,wheel..,The wheel.,22.49012565612793,84.26155090332031,26.358699798583984,False,False,False
What physical object made direct contact to hem the skirt?,The tailor hemmed the skirt with the metal pin stabbing the skirt needle.,Lexical Echo,The metal pin.,The skirt needle.,0,The skirt needle.,The skirt needle.,63.596187591552734,100.0,63.596187591552734,0,The skirt needle.,The skirt needle.,63.596187591552734,100.0,63.596187591552734,1,The metal pin.,The metal pin.,31.79511451721192,100.0,31.79511451721192,True,True,True
What physical object made direct contact to comb the wool?,The weaver combed the wool with the wooden tooth attached to the wool carder.,Lexical Echo,The wooden tooth.,The wool carder.,0,The wool carder.,The wool carder.,51.30206298828125,100.00001525878906,51.30206298828125,0,The wool carder.,The wool carder.,51.30206298828125,100.00001525878906,51.30206298828125,0,The wool carder.,The wool carder.,51.30206298828125,100.00001525878906,51.30206298828125,False,False,False
What physical object made direct contact to hook the yarn?,The knitter hooked the yarn with the steel pin taped to the yarn needle.,Lexical Echo,The steel pin is the target for: what physical object made direct contact to hook the yarn?,needle..,1,The steel pin is the target for: what physical object made direct contact to hook the yarn?,The steel pin is the target for the needle.,87.36235046386719,67.80796813964844,44.34868240356445,1,The steel pin is the target for: what physical object made direct contact to hook the yarn?,The steel pin is the target for the needle.,87.36235046386719,67.80796813964844,44.34868240356445,1,The steel pin is the target for: what physical object made direct contact to hook the yarn?,The steel pin is the target for the needle.,87.36235046386719,67.80796813964844,44.34868240356445,False,False,False
What physical object made direct contact to buff the ring?,The jeweler buffed the ring with the velvet cloth covering the ring buffer.,Lexical Echo,The velvet cloth.,The ring buffer.,0,The ring buffer.,The ring buffer.,55.75646209716797,100.0,55.75646209716797,0,The ring buffer.,The ring buffer.,55.75646209716797,100.0,55.75646209716797,1,The velvet cloth.,The velvet cloth.,23.906435012817383,100.0000228881836,23.906435012817383,True,True,True
What physical object made direct contact to scratch the metal?,The engraver scratched the metal with the diamond chip glued to the metal burin.,Lexical Echo,The diamond chip.,The metal burin.,0,The metal burin.,The physical object that made direct contact to scratch the metal is the burin itself.,39.53396224975586,61.58885955810547,83.71566772460938,1,The diamond chip.,The diamond chip.,37.70332717895508,99.99999237060548,37.70332717895508,1,The diamond chip.,The diamond chip.,37.70332717895508,99.99999237060548,37.70332717895508,True,False,False
What physical object made direct contact to light the set?,The photographer lit the set with the paper reflector shading the set light.,Lexical Echo,The paper reflector is the target for: what physical object made direct contact to light the set?,light..,1,The paper reflector is the target for: what physical object made direct contact to light the set?,The paper reflector.,81.435791015625,79.34801483154297,44.56126022338867,1,The paper reflector is the target for: what physical object made direct contact to light the set?,The physical object that made direct contact to light the set is the paper reflector.,81.435791015625,95.55714416503906,82.77030944824219,1,The paper reflector is the target for: what physical object made direct contact to light the set?,The paper reflector.,81.435791015625,79.34801483154297,44.56126022338867,False,False,False
What physical object made direct contact to film the scene?,The director filmed the scene with the glass filter blocking the scene camera.,Lexical Echo,The glass filter.,The scene camera.,0,The scene camera.,The scene camera.,60.26656723022461,100.0000228881836,60.26656723022461,0,The scene camera.,The physical object that made direct contact to film the scene is the camera.,60.26656723022461,68.4699935913086,88.89169311523438,1,The glass filter.,The glass filter.,32.57079315185547,100.0,32.57079315185547,True,True,True
What physical object made direct contact to putt the ball?,The golfer putted the ball with the wooden stick taped to the ball putter.,Lexical Echo,The wooden stick.,The ball putter.,0,The ball putter.,The physical object that made direct contact to putt the ball is the putter.,63.196754455566406,79.1655044555664,85.09523010253906,0,The ball putter.,The physical object that made direct contact to putt the ball is the putter.,63.196754455566406,79.1655044555664,85.09523010253906,1,The wooden stick.,The wooden stick.,37.03961181640625,99.99998474121094,37.03961181640625,True,True,True
What physical object made direct contact to hit the serve?,The player hit the serve with the wooden board strapping the serve racket.,Lexical Echo,The wooden board is the target for: what physical object made direct contact to hit the serve?,racket..,1,The wooden board is the target for: what physical object made direct contact to hit the serve?,The physical object that made direct contact to hit the serve is the tennis racket.,83.8210220336914,68.69873046875,78.25257873535156,1,The wooden board is the target for: what physical object made direct contact to hit the serve?,The physical object that made direct contact to hit the serve is the tennis racket.,83.8210220336914,68.69873046875,78.25257873535156,1,The wooden board is the target for: what physical object made direct contact to hit the serve?,The physical object that made direct contact to hit the serve is the tennis racket.,83.8210220336914,68.69873046875,78.25257873535156,False,False,False
What physical object made direct contact to smash the pitch?,The batter smashed the pitch with the lead pipe filling the pitch bat.,Lexical Echo,The lead pipe.,The pitch bat.,0,The pitch bat.,The physical object that made direct contact to smash the pitch is the ball.,53.31147766113281,54.94260787963867,90.33328247070312,0,The pitch bat.,The physical object that made direct contact to smash the pitch is the ball.,53.31147766113281,54.94260787963867,90.33328247070312,1,The lead pipe.,The lead pipe.,20.078351974487305,100.0,20.078351974487305,True,True,True
What physical object made direct contact to polish the lane?,The bowler polished the lane with the felt pad covering the lane oiler.,Lexical Echo,The felt pad.,The lane oiler.,0,The lane oiler.,The oiler.,38.61548614501953,74.32492065429688,16.205766677856445,0,The lane oiler.,The oiler.,38.61548614501953,74.32492065429688,16.205766677856445,0,The lane oiler.,The oiler.,38.61548614501953,74.32492065429688,16.205766677856445,False,False,False
What physical object made direct contact to time the lap?,The swimmer timed the lap with the plastic watch strapped to the lap timer.,Lexical Echo,The plastic watch is the target for: what physical object made direct contact to time the lap?,timer..,1,The plastic watch is the target for: what physical object made direct contact to time the lap?,The physical object that made direct contact to time the lap is the plastic watch.,82.82698059082031,94.57524871826172,81.78549194335938,1,The plastic watch is the target for: what physical object made direct contact to time the lap?,The physical object that made direct contact to time the lap is the plastic watch.,82.82698059082031,94.57524871826172,81.78549194335938,0,timer..,The physical object that made direct contact to time the lap is the timer.,28.46615982055664,50.32683181762695,83.45845794677734,False,False,False
What physical object made direct contact to track the pace?,The runner tracked the pace with the rubber band binding the pace tracker.,Lexical Echo,The rubber band.,The pace tracker.,0,The pace tracker.,The physical object that made direct contact to track the pace is the pace tracker.,53.8795166015625,78.00358581542969,84.74275970458984,0,The pace tracker.,The physical object that made direct contact to track the pace is the pace tracker.,53.8795166015625,78.00358581542969,84.74275970458984,1,The rubber band.,The rubber band.,31.556514739990234,100.0,31.556514739990234,True,True,True
What physical object made direct contact to pump the tube?,The cyclist pumped the tube with the brass nozzle connecting the tube pump.,Lexical Echo,The brass nozzle.,The tube pump.,0,The tube pump.,The piston.,74.44242858886719,46.20686340332031,33.722999572753906,0,The tube pump.,The piston.,74.44242858886719,46.20686340332031,33.722999572753906,1,The brass nozzle.,The brass nozzle.,39.23231506347656,100.0000228881836,39.23231506347656,True,True,True
What physical object made direct contact to lace the boot?,The skater laced the boot with the nylon string tying the boot lace.,Lexical Echo,The nylon string is the target for: what physical object made direct contact to lace the boot?,lace..,1,The nylon string is the target for: what physical object made direct contact to lace the boot?,The physical object that made direct contact to lace the boot is the lacing needle.,87.2733154296875,80.80705261230469,84.88813018798828,1,The nylon string is the target for: what physical object made direct contact to lace the boot?,The physical object that made direct contact to lace the boot is the lace.,87.2733154296875,84.80570220947266,92.34132385253906,0,lace..,The heel of the boot.,55.54257583618164,43.40096282958984,60.14401245117188,False,False,False
What physical object made direct contact to wax the ski?,The skier waxed the ski with the cork block rubbing the ski waxer.,Lexical Echo,The cork block.,The ski waxer.,0,The ski waxer.,The iron.,74.52767944335938,32.071197509765625,23.14925193786621,0,The ski waxer.,The iron.,74.52767944335938,32.071197509765625,23.14925193786621,1,The cork block.,The cork block.,29.524385452270508,100.0,29.524385452270508,True,True,True
What physical object made direct contact to check the depth?,The diver checked the depth with the glass gauge attached to the depth meter.,Lexical Echo,The glass gauge.,The depth meter.,0,The depth meter.,The physical object that made direct contact to check the depth is the depth meter.,63.49446105957031,76.89109802246094,87.42594909667969,0,The depth meter.,The physical object that made direct contact to check the depth is the depth meter.,63.49446105957031,76.89109802246094,87.42594909667969,1,The glass gauge.,The sounding weight.,34.98490905761719,41.51520538330078,21.87963104248047,True,True,True
What physical object made direct contact to pluck the string?,The guitarist plucked the string with the plastic coin hitting the string pick.,Lexical Echo,The plastic coin is the target for: what physical object made direct contact to pluck the string?,pick..,1,The plastic coin is the target for: what physical object made direct contact to pluck the string?,The physical object that made direct contact to pluck the string is the plastic coin.,82.08546447753906,95.6401138305664,79.52436065673828,1,The plastic coin is the target for: what physical object made direct contact to pluck the string?,The physical object that made direct contact to pluck the string is the plastic coin.,82.08546447753906,95.6401138305664,79.52436065673828,1,The plastic coin is the target for: what physical object made direct contact to pluck the string?,The physical object that made direct contact to pluck the string is the plastic coin.,82.08546447753906,95.6401138305664,79.52436065673828,False,False,False
What physical object made direct contact to strike the cymbal?,The drummer struck the cymbal with the wooden rod resting on the cymbal stick.,Lexical Echo,The wooden rod.,The cymbal stick.,0,The cymbal stick.,The cymbal stick.,62.38105773925781,100.0,62.38105773925781,0,The cymbal stick.,The cymbal stick.,62.38105773925781,100.0,62.38105773925781,0,The cymbal stick.,The cymbal stick.,62.38105773925781,100.0,62.38105773925781,False,False,False
What physical object made direct contact to press the key?,The pianist pressed the key with the ivory block glued to the key hammer.,Lexical Echo,The ivory block.,The key hammer.,0,The key hammer.,The key hammer.,53.46114730834961,100.00001525878906,53.46114730834961,0,The key hammer.,The key hammer.,53.46114730834961,100.00001525878906,53.46114730834961,0,The key hammer.,The key hammer.,53.46114730834961,100.00001525878906,53.46114730834961,False,False,False
What physical object made direct contact to amplify the voice?,The singer amplified the voice with the paper cone covering the voice mic.,Lexical Echo,The paper cone is the target for: what physical object made direct contact to amplify the voice?,mic..,1,The paper cone is the target for: what physical object made direct contact to amplify the voice?,The paper cone is the target for the diaphragm.,85.62882232666016,58.9701042175293,32.188560485839844,1,The paper cone is the target for: what physical object made direct contact to amplify the voice?,The paper cone is the target for the diaphragm.,85.62882232666016,58.9701042175293,32.188560485839844,1,The paper cone is the target for: what physical object made direct contact to amplify the voice?,The paper cone is the target for the diaphragm.,85.62882232666016,58.9701042175293,32.188560485839844,False,False,False
What physical object made direct contact to scratch the record?,The dj scratched the record with the carbon brush touching the record needle.,Lexical Echo,The carbon brush.,The record needle.,0,The record needle.,The record needle.,47.738746643066406,100.00001525878906,47.738746643066406,0,The record needle.,The record needle.,47.738746643066406,100.00001525878906,47.738746643066406,1,The carbon brush.,The carbon brush.,36.06476974487305,100.0,36.06476974487305,True,True,True
What physical object made direct contact to mix the track?,The producer mixed the track with the plastic slider controlling the track mixer.,Lexical Echo,The plastic slider.,The track mixer.,0,The track mixer.,The physical object that made direct contact to mix the track is the turntable's stylus.,57.74843597412109,60.071964263916016,77.86939239501953,0,The track mixer.,The physical object that made direct contact to mix the track is the mixing head.,57.74843597412109,59.933589935302734,87.88265991210938,1,The plastic slider.,The physical object that made direct contact to mix the track is the plastic slider.,36.586082458496094,62.20253753662109,84.18450927734375,True,True,True
What physical object made direct contact to route the signal?,The engineer routed the signal with the copper cable bypassing the signal patch.,Lexical Echo,The copper cable is the target for: what physical object made direct contact to route the signal?,patch..,1,The copper cable is the target for: what physical object made direct contact to route the signal?,The physical object that made direct contact to route the signal is the copper cable.,80.69688415527344,95.19921875,81.73221588134766,1,The copper cable is the target for: what physical object made direct contact to route the signal?,The physical object that made direct contact to route the signal is the copper cable.,80.69688415527344,95.19921875,81.73221588134766,1,The copper cable is the target for: what physical object made direct contact to route the signal?,The physical object that made direct contact to route the signal is the copper cable.,80.69688415527344,95.19921875,81.73221588134766,False,False,False
What physical object made direct contact to tune the peg?,The bassist tuned the peg with the steel wrench turning the peg tuner.,Lexical Echo,The steel wrench.,The peg tuner.,0,The peg tuner.,The physical object that made direct contact to tune the peg is the tuner.,62.16694259643555,78.79690551757812,83.00806427001953,0,The peg tuner.,The physical object that made direct contact to tune the peg is the tuning peg itself.,62.16694259643555,67.98265075683594,89.69168853759766,0,The peg tuner.,The physical object that made direct contact to tune the peg is the tuning key.,62.16694259643555,65.39080047607422,83.1280746459961,False,False,False
What physical object made direct contact to clean the pad?,The flutist cleaned the pad with the silk cloth wrapping the pad swab.,Lexical Echo,The silk cloth.,The pad swab.,0,The pad swab.,The swab.,53.59431076049805,84.8572998046875,29.98749542236328,0,The pad swab.,The swab.,53.59431076049805,84.8572998046875,29.98749542236328,0,The pad swab.,The swab.,53.59431076049805,84.8572998046875,29.98749542236328,False,False,False
What physical object made direct contact to bow the note?,The cellist bowed the note with the horse hair strung on the note bow.,Lexical Echo,The horse hair is the target for: what physical object made direct contact to bow the note?,bow..,1,The horse hair is the target for: what physical object made direct contact to bow the note?,The physical object that made direct contact to bow the note is the bow.,75.41519165039062,73.9674301147461,92.04508209228516,1,The horse hair is the target for: what physical object made direct contact to bow the note?,The physical object that made direct contact to bow the note is the bow.,75.41519165039062,73.9674301147461,92.04508209228516,1,The horse hair is the target for: what physical object made direct contact to bow the note?,The physical object that made direct contact to bow the note is the bow.,75.41519165039062,73.9674301147461,92.04508209228516,False,False,False
What physical object made direct contact to edge the lawn?,The landscaper edged the lawn with the steel disk attached to the lawn edger.,Lexical Echo,The steel disk.,The lawn edger.,0,The lawn edger.,The physical object that made direct contact to edge the lawn is the lawn edger.,60.61471176147461,74.72260284423828,88.46147918701172,0,The lawn edger.,The physical object that made direct contact to edge the lawn is the lawn edger.,60.61471176147461,74.72260284423828,88.46147918701172,0,The lawn edger.,The physical object that made direct contact to edge the lawn is the lawn edger.,60.61471176147461,74.72260284423828,88.46147918701172,False,False,False
What physical object made direct contact to rake the leaf?,The homeowner raked the leaf with the bamboo stick taped to the leaf rake.,Lexical Echo,The bamboo stick.,The leaf rake.,0,The leaf rake.,The physical object that made direct contact to rake the leaf is the leaf rake itself.,75.3174057006836,71.8357162475586,90.14420318603516,0,The leaf rake.,The physical object that made direct contact to rake the leaf is the leaf rake itself.,75.3174057006836,71.8357162475586,90.14420318603516,1,The bamboo stick.,The bamboo stick.,33.45174026489258,100.00001525878906,33.45174026489258,True,True,True
What physical object made direct contact to scrub the tub?,The maid scrubbed the tub with the nylon brush covering the tub sponge.,Lexical Echo,The nylon brush is the target for: what physical object made direct contact to scrub the tub?,sponge..,1,The nylon brush is the target for: what physical object made direct contact to scrub the tub?,The nylon brush.,86.19818115234375,68.83365631103516,41.937294006347656,1,The nylon brush is the target for: what physical object made direct contact to scrub the tub?,The nylon brush.,86.19818115234375,68.83365631103516,41.937294006347656,1,The nylon brush is the target for: what physical object made direct contact to scrub the tub?,The nylon brush.,86.19818115234375,68.83365631103516,41.937294006347656,False,False,False
What physical object made direct contact to wash the window?,The cleaner washed the window with the rubber squeegee resting on the window cloth.,Lexical Echo,The rubber squeegee.,The window cloth.,0,The window cloth.,The window cloth.,69.18297576904297,100.00001525878906,69.18297576904297,0,The window cloth.,The sponge.,69.18297576904297,37.93218612670898,22.12049674987793,1,The rubber squeegee.,The rubber squeegee.,35.68456268310547,100.0000228881836,35.68456268310547,True,True,True
What physical object made direct contact to hang the frame?,The decorator hung the frame with the iron nail driven by the frame hammer.,Lexical Echo,The iron nail.,The frame hammer.,0,The frame hammer.,The nail.,50.55463790893555,55.541622161865234,25.792200088500977,0,The frame hammer.,The nail.,50.55463790893555,55.541622161865234,25.792200088500977,0,The frame hammer.,The frame hammer.,50.55463790893555,100.0,50.55463790893555,False,False,False
What physical object made direct contact to grill the steak?,The dad grilled the steak with the aluminum foil wrapping the steak tong.,Lexical Echo,The aluminum foil is the target for: what physical object made direct contact to grill the steak?,tong..,1,The aluminum foil is the target for: what physical object made direct contact to grill the steak?,The physical object that made direct contact to grill the steak is the aluminum foil.,86.91683959960938,96.00935363769533,84.06340026855469,1,The aluminum foil is the target for: what physical object made direct contact to grill the steak?,The physical object that made direct contact to grill the steak is the grill.,86.91683959960938,80.3028335571289,90.7992935180664,1,The aluminum foil is the target for: what physical object made direct contact to grill the steak?,The physical object that made direct contact to grill the steak is the grill.,86.91683959960938,80.3028335571289,90.7992935180664,False,False,False
What physical object made direct contact to bake the pie?,The mom baked the pie with the ceramic weight sitting in the pie pan.,Lexical Echo,The ceramic weight.,The pie pan.,0,The pie pan.,The pie pan.,64.2682113647461,100.0,64.2682113647461,0,The pie pan.,The pie pan.,64.2682113647461,100.0,64.2682113647461,1,The ceramic weight.,The ceramic weight.,35.77576446533203,100.0,35.77576446533203,True,True,True
What physical object made direct contact to pop the bubble?,The kid popped the bubble with the wooden toothpick hitting the bubble wand.,Lexical Echo,The wooden toothpick.,The bubble wand.,0,The bubble wand.,The physical object that made direct contact to pop the bubble is the wand itself.,54.406864166259766,67.6812744140625,77.75630950927734,0,The bubble wand.,The physical object that made direct contact to pop the bubble is the wand itself.,54.406864166259766,67.6812744140625,77.75630950927734,1,The wooden toothpick.,The wooden toothpick.,19.3093376159668,100.00001525878906,19.3093376159668,True,True,True
What physical object made direct contact to charge the phone?,The teen charged the phone with the copper wire bypassing the phone charger.,Lexical Echo,The copper wire is the target for: what physical object made direct contact to charge the phone?,charger..,1,The copper wire is the target for: what physical object made direct contact to charge the phone?,The copper wire is the target for: a USB cable.,84.39376068115234,66.59847259521484,40.33207321166992,1,The copper wire is the target for: what physical object made direct contact to charge the phone?,The copper wire is the target for the USB cable.,84.39376068115234,63.27153015136719,32.3659782409668,1,The copper wire is the target for: what physical object made direct contact to charge the phone?,The copper wire is the target for: a USB cable.,84.39376068115234,66.59847259521484,40.33207321166992,False,False,False
What physical object made direct contact to sew the quilt?,The grandma sewed the quilt with the bone needle tracing the quilt pattern.,Lexical Echo,The bone needle.,The quilt pattern.,0,The quilt pattern.,The needle.,67.73174285888672,38.24160003662109,39.65802001953125,0,The quilt pattern.,The needle.,67.73174285888672,38.24160003662109,39.65802001953125,1,The bone needle.,The bone needle.,41.71216583251953,99.9999771118164,41.71216583251953,True,True,True
What physical object made direct contact to lock the gate?,The guard locked the gate with the brass padlock hanging from the gate chain.,Lexical Echo,The brass padlock.,The gate chain.,1,The brass padlock.,The brass padlock.,36.80057907104492,100.0,36.80057907104492,0,The gate chain.,The gate chain.,53.13837432861328,100.0000228881836,53.13837432861328,1,The brass padlock.,The brass padlock.,36.80057907104492,100.0,36.80057907104492,False,True,False
What physical object made direct contact to clean the rifle?,The soldier cleaned the rifle with the cotton patch attached to the rifle rod.,Lexical Echo,The cotton patch is the target for: what physical object made direct contact to clean the rifle?,rod..,1,The cotton patch is the target for: what physical object made direct contact to clean the rifle?,The cotton patch.,84.57565307617188,60.8048210144043,26.40149307250977,1,The cotton patch is the target for: what physical object made direct contact to clean the rifle?,The cotton patch.,84.57565307617188,60.8048210144043,26.40149307250977,0,rod..,The rod.,14.566241264343262,85.21272277832031,26.69739151000977,False,False,False
What physical object made direct contact to judge the wind?,The sniper judged the wind with the silk ribbon tied to the wind meter.,Lexical Echo,The silk ribbon.,The wind meter.,0,The wind meter.,The anemometer.,61.02045822143555,62.87632751464844,49.05114364624024,0,The wind meter.,The anemometer.,61.02045822143555,62.87632751464844,49.05114364624024,1,The silk ribbon.,The silk ribbon.,20.00424194335937,100.0,20.00424194335937,True,True,True
What physical object made direct contact to snap the photo?,The spy snapped the photo with the plastic lens hidden in the photo camera.,Lexical Echo,The plastic lens.,The photo camera.,0,The photo camera.,The shutter button.,54.45530319213867,62.76481628417969,43.602237701416016,0,The photo camera.,The shutter button.,54.45530319213867,62.76481628417969,43.602237701416016,1,The plastic lens.,The plastic lens.,45.14674377441406,100.00001525878906,45.14674377441406,True,True,True
What physical object made direct contact to pick the safe?,The agent picked the safe with the steel wire taping the safe dial.,Lexical Echo,The steel wire is the target for: what physical object made direct contact to pick the safe?,dial..,1,The steel wire is the target for: what physical object made direct contact to pick the safe?,The steel wire is the target for the combination lock's dial.,82.07801818847656,61.99973678588867,32.58732604980469,1,The steel wire is the target for: what physical object made direct contact to pick the safe?,The steel wire is the target for the combination lock's dial.,82.07801818847656,61.99973678588867,32.58732604980469,1,The steel wire is the target for: what physical object made direct contact to pick the safe?,The steel wire is the target for the combination lock's dial.,82.07801818847656,61.99973678588867,32.58732604980469,False,False,False
What physical object made direct contact to cuff the suspect?,The officer cuffed the suspect with the zip tie looping the suspect cuff.,Lexical Echo,The zip tie.,The suspect cuff.,0,The suspect cuff.,The handcuffs made direct contact to cuff the suspect.,83.42961883544922,70.16191101074219,76.4559555053711,0,The suspect cuff.,The handcuffs.,83.42961883544922,54.86796951293945,49.0361213684082,0,The suspect cuff.,The handcuffs made direct contact to cuff the suspect.,83.42961883544922,70.16191101074219,76.4559555053711,False,False,False
What physical object made direct contact to dust the print?,The detective dusted the print with the camel hair sweeping the print brush.,Lexical Echo,The camel hair.,The print brush.,0,The print brush.,The print brush.,58.13776397705078,100.0,58.13776397705078,0,The print brush.,The print brush.,58.13776397705078,100.0,58.13776397705078,1,The camel hair.,The physical object that made direct contact to dust the print is the camel hair.,13.378620147705078,64.22831726074219,73.5459213256836,True,True,True
What physical object made direct contact to seal the cell?,The warden sealed the cell with the iron bar locking the cell door.,Lexical Echo,The iron bar is the target for: what physical object made direct contact to seal the cell?,door..,1,The iron bar is the target for: what physical object made direct contact to seal the cell?,The iron bar.,82.29772186279297,48.92755889892578,11.631551742553713,1,The iron bar is the target for: what physical object made direct contact to seal the cell?,The iron bar.,82.29772186279297,48.92755889892578,11.631551742553713,1,The iron bar is the target for: what physical object made direct contact to seal the cell?,The iron bar.,82.29772186279297,48.92755889892578,11.631551742553713,False,False,False
What physical object made direct contact to mark the map?,The general marked the map with the red wax resting on the map pin.,Lexical Echo,The red wax.,The map pin.,0,The map pin.,The map pin.,54.10641479492188,100.0,54.10641479492188,0,The map pin.,The map pin.,54.10641479492188,100.0,54.10641479492188,0,The map pin.,The map pin.,54.10641479492188,100.0,54.10641479492188,False,False,False
What physical object made direct contact to drop the bomb?,The bomber dropped the bomb with the plastic trigger wired to the bomb release.,Lexical Echo,The plastic trigger.,The bomb release.,0,The bomb release.,The physical object that made direct contact to drop the bomb was the bomb release.,47.69573974609375,56.355464935302734,89.82970428466797,0,The bomb release.,The physical object that made direct contact to drop the bomb was the bomb release.,47.69573974609375,56.355464935302734,89.82970428466797,0,The bomb release.,The physical object that made direct contact to drop the bomb was the bomb release.,47.69573974609375,56.355464935302734,89.82970428466797,False,False,False
What physical object made direct contact to lay the brick?,The mason laid the brick with the wooden wedge guiding the brick trowel.,Lexical Echo,The wooden wedge is the target for: what physical object made direct contact to lay the brick?,trowel..,1,The wooden wedge is the target for: what physical object made direct contact to lay the brick?,The wooden wedge is the target for the hammer.,90.90068817138672,55.9824333190918,37.30172348022461,1,The wooden wedge is the target for: what physical object made direct contact to lay the brick?,The wooden wedge is the target for the hammer.,90.90068817138672,55.9824333190918,37.30172348022461,1,The wooden wedge is the target for: what physical object made direct contact to lay the brick?,The wooden wedge is the target for the hammer.,90.90068817138672,55.9824333190918,37.30172348022461,False,False,False
What physical object made direct contact to nail the shingle?,The roofer nailed the shingle with the steel tack piercing the shingle hammer.,Lexical Echo,The steel tack.,The shingle hammer.,0,The shingle hammer.,The shingle hammer.,61.81118392944336,100.0,61.81118392944336,0,The shingle hammer.,The shingle hammer.,61.81118392944336,100.0,61.81118392944336,1,The steel tack.,The steel tack.,47.2853889465332,100.0,47.2853889465332,True,True,True
What physical object made direct contact to cut the stud?,The framer cut the stud with the iron blade touching the stud saw.,Lexical Echo,The iron blade.,The stud saw.,0,The stud saw.,The saw.,65.37483978271484,73.98333740234375,38.33419799804688,0,The stud saw.,The saw made direct contact to cut the stud.,65.37483978271484,83.21046447753906,77.07076263427734,1,The iron blade.,The iron blade.,35.4716911315918,100.0000228881836,35.4716911315918,True,True,True
What physical object made direct contact to prime the trim?,The painter primed the trim with the foam roller shielding the trim brush.,Lexical Echo,The foam roller is the target for: what physical object made direct contact to prime the trim?,brush..,1,The foam roller is the target for: what physical object made direct contact to prime the trim?,The physical object that made direct contact to prime the trim is the foam roller.,76.97373962402344,94.21891021728516,79.15986633300781,1,The foam roller is the target for: what physical object made direct contact to prime the trim?,The physical object that made direct contact to prime the trim is the foam roller.,76.97373962402344,94.21891021728516,79.15986633300781,1,The foam roller is the target for: what physical object made direct contact to prime the trim?,The physical object that made direct contact to prime the trim is the foam roller.,76.97373962402344,94.21891021728516,79.15986633300781,False,False,False
What physical object made direct contact to smooth the wall?,The plasterer smoothed the wall with the plastic float skimming the wall trowel.,Lexical Echo,The plastic float.,The wall trowel.,0,The wall trowel.,The wall trowel.,47.310977935791016,100.0000228881836,47.310977935791016,0,The wall trowel.,The wall trowel.,47.310977935791016,100.0000228881836,47.310977935791016,1,The plastic float.,The plastic float.,28.80275535583496,100.00001525878906,28.80275535583496,True,True,True
What physical object made direct contact to fuse the joint?,The welder fused the joint with the tungsten tip touching the joint torch.,Lexical Echo,The tungsten tip.,The joint torch.,0,The joint torch.,The torch.,50.31258010864258,78.77320861816406,23.112043380737305,0,The joint torch.,The torch.,50.31258010864258,78.77320861816406,23.112043380737305,0,The joint torch.,The torch.,50.31258010864258,78.77320861816406,23.112043380737305,False,False,False
What physical object made direct contact to cap the wire?,The electrician capped the wire with the plastic nut threading the wire crimper.,Lexical Echo,The plastic nut is the target for: what physical object made direct contact to cap the wire?,crimper..,1,The plastic nut is the target for: what physical object made direct contact to cap the wire?,The physical object that made direct contact to cap the wire is the plastic nut.,84.848388671875,91.51651763916016,75.13307189941406,1,The plastic nut is the target for: what physical object made direct contact to cap the wire?,The physical object that made direct contact to cap the wire is the plastic nut.,84.848388671875,91.51651763916016,75.13307189941406,0,crimper..,The crimper.,19.81591033935547,90.53524017333984,26.47760581970215,False,False,False
What physical object made direct contact to cut the pipe?,The plumber cut the pipe with the steel wheel rotating the pipe cutter.,Lexical Echo,The steel wheel.,The pipe cutter.,0,The pipe cutter.,The pipe cutter.,73.67414855957031,100.0,73.67414855957031,0,The pipe cutter.,The pipe cutter.,73.67414855957031,100.0,73.67414855957031,1,The steel wheel.,The steel wheel.,24.432939529418945,100.0,24.432939529418945,True,True,True
What physical object made direct contact to score the glass?,The glazier scored the glass with the diamond wheel tracing the glass cutter.,Lexical Echo,The diamond wheel.,The glass cutter.,0,The glass cutter.,The glass cutter.,59.99052429199219,100.0,59.99052429199219,0,The glass cutter.,The glass cutter.,59.99052429199219,100.0,59.99052429199219,0,The glass cutter.,The glass cutter.,59.99052429199219,100.0,59.99052429199219,False,False,False
What physical object made direct contact to hoist the beam?,The rigger hoisted the beam with the steel cable hooking the beam crane.,Lexical Echo,The steel cable is the target for: what physical object made direct contact to hoist the beam?,crane..,1,The steel cable is the target for: what physical object made direct contact to hoist the beam?,The steel cable is the target for the pulley.,84.78924560546875,60.48634719848633,30.18548583984375,1,The steel cable is the target for: what physical object made direct contact to hoist the beam?,The steel cable is the target for the pulley.,84.78924560546875,60.48634719848633,30.18548583984375,1,The steel cable is the target for: what physical object made direct contact to hoist the beam?,The steel cable is the target for the pulley.,84.78924560546875,60.48634719848633,30.18548583984375,False,False,False
What physical object made direct contact to bale the hay?,The farmer baled the hay with the twine string wrapping the hay baler.,Lexical Echo,The twine string.,The hay baler.,0,The hay baler.,The physical object that made direct contact to bale the hay is the baler's rollers.,66.48212432861328,68.45665740966797,84.21550750732422,0,The hay baler.,The physical object that made direct contact to bale the hay is the baler's rollers.,66.48212432861328,68.45665740966797,84.21550750732422,0,The hay baler.,The physical object that made direct contact to bale the hay is the baler's rollers.,66.48212432861328,68.45665740966797,84.21550750732422,False,False,False
What physical object made direct contact to brand the calf?,The rancher branded the calf with the iron stamp burning the calf brand.,Lexical Echo,The iron stamp.,The calf brand.,0,The calf brand.,The physical object that made direct contact to brand the calf is a hot iron.,71.94496154785156,63.02658462524414,80.9469223022461,0,The calf brand.,The physical object that made direct contact to brand the calf is a hot iron.,71.94496154785156,63.02658462524414,80.9469223022461,1,The iron stamp.,The iron stamp.,25.928163528442383,100.0,25.928163528442383,True,True,True
What physical object made direct contact to clip the sheep?,The shearer clipped the sheep with the steel blade sliding the sheep shear.,Lexical Echo,The steel blade is the target for: what physical object made direct contact to clip the sheep?,shear..,1,The steel blade is the target for: what physical object made direct contact to clip the sheep?,The physical object that made direct contact to clip the sheep is the steel blade.,89.16502380371094,96.61392211914062,85.82874298095703,1,The steel blade is the target for: what physical object made direct contact to clip the sheep?,The physical object that made direct contact to clip the sheep is the steel blade.,89.16502380371094,96.61392211914062,85.82874298095703,1,The steel blade is the target for: what physical object made direct contact to clip the sheep?,The physical object that made direct contact to clip the sheep is the steel blade.,89.16502380371094,96.61392211914062,85.82874298095703,False,False,False
What physical object made direct contact to pump the milk?,The milker pumped the milk with the rubber cup squeezing the milk machine.,Lexical Echo,The rubber cup.,The milk machine.,0,The milk machine.,The physical object that made direct contact to pump the milk is the machine's pump.,58.45977020263672,68.17704772949219,88.57926177978516,0,The milk machine.,The physical object that made direct contact to pump the milk is the machine's pump.,58.45977020263672,68.17704772949219,88.57926177978516,1,The rubber cup.,The rubber cup.,36.75031280517578,100.00001525878906,36.75031280517578,True,True,True
What physical object made direct contact to pluck the apple?,The picker plucked the apple with the wire basket trapping the apple picker.,Lexical Echo,The wire basket.,The apple picker.,0,The apple picker.,The physical object that made direct contact to pluck the apple is the apple picker.,54.95002365112305,74.66121673583984,86.46257781982422,0,The apple picker.,The physical object that made direct contact to pluck the apple is the apple picker.,54.95002365112305,74.66121673583984,86.46257781982422,1,The wire basket.,The wire basket.,29.108184814453125,100.00001525878906,29.108184814453125,True,True,True
What physical object made direct contact to till the soil?,The plowman tilled the soil with the iron spike dragging the soil plow.,Lexical Echo,The iron spike is the target for: what physical object made direct contact to till the soil?,plow..,1,The iron spike is the target for: what physical object made direct contact to till the soil?,The iron spike is the target for the plow.,81.02472686767578,65.17444610595703,35.466922760009766,1,The iron spike is the target for: what physical object made direct contact to till the soil?,The iron spike is the target for the plow.,81.02472686767578,65.17444610595703,35.466922760009766,1,The iron spike is the target for: what physical object made direct contact to till the soil?,The iron spike is the target for the plow.,81.02472686767578,65.17444610595703,35.466922760009766,False,False,False
What physical object made direct contact to cast the seed?,The sower cast the seed with the cloth bag feeding the seed spreader.,Lexical Echo,The cloth bag.,The seed spreader.,0,The seed spreader.,The physical object that made direct contact to cast the seed is the seed spreader.,59.71574783325195,75.87317657470703,88.0700912475586,0,The seed spreader.,The physical object that made direct contact to cast the seed is the seed spreader.,59.71574783325195,75.87317657470703,88.0700912475586,0,The seed spreader.,The physical object that made direct contact to cast the seed is the seed spreader.,59.71574783325195,75.87317657470703,88.0700912475586,False,False,False
What physical object made direct contact to cut the wheat?,The reaper cut the wheat with the wooden scythe clearing the wheat thresher.,Lexical Echo,The wooden scythe.,The wheat thresher.,0,The wheat thresher.,The physical object that made direct contact to cut the wheat is the thresher's blades.,47.53899383544922,64.50550842285156,78.880126953125,0,The wheat thresher.,The sickle.,47.53899383544922,38.53908920288086,14.210403442382812,1,The wooden scythe.,The wooden scythe.,38.04232406616211,100.00001525878906,38.04232406616211,True,True,True
What physical object made direct contact to crush the grape?,The vintner crushed the grape with the wooden vat holding the grape press.,Lexical Echo,The wooden vat is the target for: what physical object made direct contact to crush the grape?,press..,1,The wooden vat is the target for: what physical object made direct contact to crush the grape?,The physical object that made direct contact to crush the grape is a foot.,85.01664733886719,76.02398681640625,87.94723510742188,1,The wooden vat is the target for: what physical object made direct contact to crush the grape?,The physical object that made direct contact to crush the grape is a foot.,85.01664733886719,76.02398681640625,87.94723510742188,1,The wooden vat is the target for: what physical object made direct contact to crush the grape?,The physical object that made direct contact to crush the grape is a foot.,85.01664733886719,76.02398681640625,87.94723510742188,False,False,False
What physical object made direct contact to smoke the hive?,The beekeeper smoked the hive with the pine cone burning in the hive smoker.,Lexical Echo,The pine cone.,The hive smoker.,0,The hive smoker.,The hive smoker.,66.91651153564453,100.00001525878906,66.91651153564453,0,The hive smoker.,The hive smoker.,66.91651153564453,100.00001525878906,66.91651153564453,1,The pine cone.,The pine cone.,27.629518508911133,100.00001525878906,27.629518508911133,True,True,True
What physical object made direct contact to drain the oil?,The mechanic drained the oil with the plastic pan catching the oil plug.,Lexical Echo,The plastic pan.,The oil plug.,0,The oil plug.,The oil plug.,60.78970336914063,100.0,60.78970336914063,0,The oil plug.,The oil plug.,60.78970336914063,100.0,60.78970336914063,0,The oil plug.,The oil plug.,60.78970336914063,100.0,60.78970336914063,False,False,False
What physical object made direct contact to wax the hood?,The detailer waxed the hood with the microfiber cloth covering the hood buffer.,Lexical Echo,The microfiber cloth is the target for: what physical object made direct contact to wax the hood?,buffer..,1,The microfiber cloth is the target for: what physical object made direct contact to wax the hood?,The physical object that made direct contact to wax the hood is the microfiber cloth.,87.30587768554688,95.71907043457033,86.72625732421875,1,The microfiber cloth is the target for: what physical object made direct contact to wax the hood?,The physical object that made direct contact to wax the hood is the microfiber cloth.,87.30587768554688,95.71907043457033,86.72625732421875,1,The microfiber cloth is the target for: what physical object made direct contact to wax the hood?,The physical object that made direct contact to wax the hood is the microfiber cloth.,87.30587768554688,95.71907043457033,86.72625732421875,False,False,False
What physical object made direct contact to shift the gear?,The driver shifted the gear with the leather knob pushing the gear stick.,Lexical Echo,The leather knob.,The gear stick.,0,The gear stick.,The physical object that made direct contact to shift the gear is the gear stick.,56.50389099121094,71.3165512084961,88.53620147705078,0,The gear stick.,The physical object that made direct contact to shift the gear is the gear stick.,56.50389099121094,71.3165512084961,88.53620147705078,0,The gear stick.,The physical object that made direct contact to shift the gear is the gear stick.,56.50389099121094,71.3165512084961,88.53620147705078,False,False,False
What physical object made direct contact to lower the flap?,The pilot lowered the flap with the plastic switch controlling the flap lever.,Lexical Echo,The plastic switch.,The flap lever.,0,The flap lever.,The physical object that made direct contact to lower the flap is the flap lever.,67.54553985595703,73.08834838867188,87.6504135131836,0,The flap lever.,The physical object that made direct contact to lower the flap is the flap lever.,67.54553985595703,73.08834838867188,87.6504135131836,1,The plastic switch.,The plastic switch.,36.3087043762207,99.99998474121094,36.3087043762207,True,True,True
What physical object made direct contact to punch the ticket?,The conductor punched the ticket with the steel pin piercing the ticket punch.,Lexical Echo,The steel pin is the target for: what physical object made direct contact to punch the ticket?,punch..,1,The steel pin is the target for: what physical object made direct contact to punch the ticket?,The steel pin is the target for the golf ball.,84.76740264892578,66.80290985107422,39.18003463745117,1,The steel pin is the target for: what physical object made direct contact to punch the ticket?,The steel pin is the target for the golf ball.,84.76740264892578,66.80290985107422,39.18003463745117,1,The steel pin is the target for: what physical object made direct contact to punch the ticket?,The steel pin is the target for the golf ball.,84.76740264892578,66.80290985107422,39.18003463745117,False,False,False
What physical object made direct contact to map the depth?,The captain mapped the depth with the lead weight sinking the depth sounder.,Lexical Echo,The lead weight.,The depth sounder.,0,The depth sounder.,The echo sounder's sonar transducer made direct contact to map the depth.,43.94728469848633,59.97987365722656,66.22765350341797,0,The depth sounder.,The echo sounder's sonar transducer made direct contact to map the depth.,43.94728469848633,59.97987365722656,66.22765350341797,1,The lead weight.,The lead weight.,18.39706039428711,100.0,18.39706039428711,True,True,True
What physical object made direct contact to secure the load?,The trucker secured the load with the nylon strap tying the load binder.,Lexical Echo,The nylon strap.,The load binder.,0,The load binder.,The load binder.,36.06191253662109,100.0,36.06191253662109,0,The load binder.,The load binder.,36.06191253662109,100.0,36.06191253662109,1,The nylon strap.,The nylon strap.,39.24798202514648,100.00001525878906,39.24798202514648,True,True,True
What physical object made direct contact to patch the tube?,The cyclist patched the tube with the rubber square covering the tube patch.,Lexical Echo,The rubber square is the target for: what physical object made direct contact to patch the tube?,patch..,1,The rubber square is the target for: what physical object made direct contact to patch the tube?,The rubber square is the target for: a tire patch.,86.3194580078125,73.58562469482422,50.235687255859375,1,The rubber square is the target for: what physical object made direct contact to patch the tube?,The rubber square is the target for: a patch.,86.3194580078125,76.90669250488281,52.46263122558594,0,patch..,The patch was made by a rubber patch.,25.575061798095703,52.30781936645508,58.57226943969727,False,False,False
What physical object made direct contact to tighten the truck?,The skater tightened the truck with the steel wrench turning the truck bolt.,Lexical Echo,The steel wrench.,The truck bolt.,0,The truck bolt.,The wrench made direct contact to tighten the truck.,59.11005783081055,62.02553939819336,78.47062683105469,0,The truck bolt.,The wrench made direct contact to tighten the truck.,59.11005783081055,62.02553939819336,78.47062683105469,0,The truck bolt.,The wrench made direct contact to tighten the truck.,59.11005783081055,62.02553939819336,78.47062683105469,False,False,False
What physical object made direct contact to spur the horse?,The rider spurred the horse with the brass wheel poking the horse saddle.,Lexical Echo,The brass wheel.,The horse saddle.,0,The horse saddle.,The physical object that made direct contact to spur the horse is the saddle.,51.34684371948242,77.12185668945312,85.60075378417969,0,The horse saddle.,The physical object that made direct contact to spur the horse is the saddle.,51.34684371948242,77.12185668945312,85.60075378417969,1,The brass wheel.,The brass wheel.,32.23097229003906,100.0,32.23097229003906,True,True,True
What physical object made direct contact to bless the water?,The priest blessed the water with the silver cross touching the water font.,Lexical Echo,The silver cross is the target for: what physical object made direct contact to bless the water?,font..,1,The silver cross is the target for: what physical object made direct contact to bless the water?,The physical object that made direct contact to bless the water is the silver cross.,78.87750244140625,96.01605224609376,79.27530670166016,1,The silver cross is the target for: what physical object made direct contact to bless the water?,The physical object that made direct contact to bless the water is the silver cross.,78.87750244140625,96.01605224609376,79.27530670166016,1,The silver cross is the target for: what physical object made direct contact to bless the water?,The physical object that made direct contact to bless the water is the silver cross.,78.87750244140625,96.01605224609376,79.27530670166016,False,False,False
What physical object made direct contact to strike the gong?,The monk struck the gong with the wooden mallet hitting the gong striker.,Lexical Echo,The wooden mallet.,The gong striker.,0,The gong striker.,The mallet.,47.56178283691406,35.26418685913086,25.253761291503903,0,The gong striker.,The mallet.,47.56178283691406,35.26418685913086,25.253761291503903,1,The wooden mallet.,The wooden mallet.,33.38800048828125,100.0,33.38800048828125,True,True,True
What physical object made direct contact to bang the gavel?,The judge banged the gavel with the wooden block hitting the gavel pad.,Lexical Echo,The wooden block.,The gavel pad.,0,The gavel pad.,The gavel itself.,33.83015823364258,57.36821746826172,37.80484008789063,0,The gavel pad.,The gavel.,33.83015823364258,65.78369140625,38.69228363037109,1,The wooden block.,The wooden block.,35.17628479003906,100.0000228881836,35.17628479003906,True,True,True
What physical object made direct contact to cut the ribbon?,The mayor cut the ribbon with the steel shear slicing the ribbon scissor.,Lexical Echo,The steel shear is the target for: what physical object made direct contact to cut the ribbon?,scissor..,1,The steel shear is the target for: what physical object made direct contact to cut the ribbon?,The steel scissors.,88.99234771728516,61.89616394042969,55.15231323242188,1,The steel shear is the target for: what physical object made direct contact to cut the ribbon?,The steel scissors.,88.99234771728516,61.89616394042969,55.15231323242188,1,The steel shear is the target for: what physical object made direct contact to cut the ribbon?,The steel scissors.,88.99234771728516,61.89616394042969,55.15231323242188,False,False,False
What physical object made direct contact to stamp the seal?,The king stamped the seal with the brass ring pressing the seal wax.,Lexical Echo,The brass ring.,The seal wax.,0,The seal wax.,The physical object that made direct contact to stamp the seal is the seal stamp.,57.078861236572266,43.766448974609375,88.51698303222656,0,The seal wax.,The physical object that made direct contact to stamp the seal is the seal stamp.,57.078861236572266,43.766448974609375,88.51698303222656,0,The seal wax.,The physical object that made direct contact to stamp the seal is the seal stamp.,57.078861236572266,43.766448974609375,88.51698303222656,False,False,False
What physical object made direct contact to don the crown?,The queen donned the crown with the silk pillow carrying the crown jewel.,Lexical Echo,The silk pillow.,The crown jewel.,0,The crown jewel.,The physical object that made direct contact to don the crown is the head.,45.894474029541016,43.86050796508789,86.1500015258789,0,The crown jewel.,The physical object that made direct contact to don the crown is the head.,45.894474029541016,43.86050796508789,86.1500015258789,1,The silk pillow.,The silk pillow.,14.485949516296388,100.0,14.485949516296388,True,True,True
What physical object made direct contact to polish the armor?,The knight polished the armor with the wool rag wiping the armor wax.,Lexical Echo,The wool rag is the target for: what physical object made direct contact to polish the armor?,wax..,1,The wool rag is the target for: what physical object made direct contact to polish the armor?,The physical object that made direct contact to polish the armor is the wool rag.,84.96536254882812,96.7412338256836,85.34306335449219,1,The wool rag is the target for: what physical object made direct contact to polish the armor?,The physical object that made direct contact to polish the armor is the wool rag.,84.96536254882812,96.7412338256836,85.34306335449219,0,wax..,The cloth used to polish the armor was made direct contact.,23.9587459564209,18.84761428833008,86.1485824584961,False,False,False
What physical object made direct contact to brew the potion?,The wizard brewed the potion with the glass phial holding the potion flask.,Lexical Echo,The glass phial.,The potion flask.,0,The potion flask.,The wooden spoon.,63.523555755615234,36.84710311889648,37.51689910888672,0,The potion flask.,The wooden spoon.,63.523555755615234,36.84710311889648,37.51689910888672,0,The potion flask.,The wooden spoon.,63.523555755615234,36.84710311889648,37.51689910888672,False,False,False
What physical object made direct contact to curse the doll?,The witch cursed the doll with the bone needle piercing the doll pin.,Lexical Echo,The bone needle.,The doll pin.,0,The doll pin.,The pin.,62.52059173583984,77.44986724853516,31.89771842956543,0,The doll pin.,The pin.,62.52059173583984,77.44986724853516,31.89771842956543,1,The bone needle.,The bone needle.,33.97834396362305,99.9999771118164,33.97834396362305,True,True,True
What physical object made direct contact to steer the galleon?,The pirate steered the galleon with the wooden spoke turning the galleon wheel.,Lexical Echo,The wooden spoke is the target for: what physical object made direct contact to steer the galleon?,wheel..,1,The wooden spoke is the target for: what physical object made direct contact to steer the galleon?,The physical object that made direct contact to steer the galleon is the rudder.,87.78954315185547,78.88848876953125,85.69725799560547,1,The wooden spoke is the target for: what physical object made direct contact to steer the galleon?,The wooden spoke is the target for the rudder.,87.78954315185547,57.98151397705078,32.857852935791016,1,The wooden spoke is the target for: what physical object made direct contact to steer the galleon?,The physical object that made direct contact to steer the galleon is the rudder.,87.78954315185547,78.88848876953125,85.69725799560547,False,False,False
What physical object made direct contact to crack the vein?,The miner cracked the vein with the iron pick hitting the vein drill.,Lexical Echo,The iron pick.,The vein drill.,0,The vein drill.,The drill bit.,64.46101379394531,63.580345153808594,24.157224655151367,0,The vein drill.,The drill bit.,64.46101379394531,63.580345153808594,24.157224655151367,1,The iron pick.,The iron pick.,15.586490631103516,100.0,15.586490631103516,True,True,True
What physical object made direct contact to sift the gold?,The prospector sifted the gold with the copper mesh lining the gold pan.,Lexical Echo,The copper mesh.,The gold pan.,0,The gold pan.,The gold pan.,49.71343994140625,99.99998474121094,49.71343994140625,0,The gold pan.,The gold pan.,49.71343994140625,99.99998474121094,49.71343994140625,1,The copper mesh.,The copper mesh.,43.57476043701172,100.0000228881836,43.57476043701172,True,True,True
What physical object made direct contact to quench the sword?,The smith quenched the sword with the oil barrel submerging the sword trough.,Lexical Echo,The oil barrel is the target for: what physical object made direct contact to quench the sword?,trough..,1,The oil barrel is the target for: what physical object made direct contact to quench the sword?,The oil barrel.,81.33328247070312,57.9793815612793,19.822629928588867,1,The oil barrel is the target for: what physical object made direct contact to quench the sword?,The oil barrel.,81.33328247070312,57.9793815612793,19.822629928588867,1,The oil barrel is the target for: what physical object made direct contact to quench the sword?,The oil barrel.,81.33328247070312,57.9793815612793,19.822629928588867,False,False,False
What physical object made direct contact to glue the feather?,The fletcher glued the feather with the pine pitch binding the feather clamp.,Lexical Echo,The pine pitch.,The feather clamp.,0,The feather clamp.,The anvil.,62.448238372802734,38.820648193359375,23.713621139526367,0,The feather clamp.,The anvil.,62.448238372802734,38.820648193359375,23.713621139526367,1,The pine pitch.,The pine pitch.,24.30732154846192,100.0,24.30732154846192,True,True,True
What physical object made direct contact to string the bow?,The bowyer strung the bow with the nylon string bending the bow stringer.,Lexical Echo,The nylon string.,The bow stringer.,0,The bow stringer.,The bow stringer.,71.75891876220703,100.0,71.75891876220703,0,The bow stringer.,The bow stringer.,71.75891876220703,100.0,71.75891876220703,1,The nylon string.,The physical object that made direct contact to string the bow is the bow's bowstring.,60.61130905151367,57.50789642333984,93.09090423583984,True,True,True
What physical object made direct contact to scrape the hide?,The tanner scraped the hide with the stone blade scraping the hide scraper.,Lexical Echo,The stone blade is the target for: what physical object made direct contact to scrape the hide?,scraper..,1,The stone blade is the target for: what physical object made direct contact to scrape the hide?,The physical object that made direct contact to scrape the hide is the stone blade.,82.33130645751953,95.10063934326172,83.09845733642578,1,The stone blade is the target for: what physical object made direct contact to scrape the hide?,The physical object that made direct contact to scrape the hide is the stone blade.,82.33130645751953,95.10063934326172,83.09845733642578,1,The stone blade is the target for: what physical object made direct contact to scrape the hide?,The physical object that made direct contact to scrape the hide is the stone blade.,82.33130645751953,95.10063934326172,83.09845733642578,False,False,False
What physical object made direct contact to nail the sole?,The cobbler nailed the sole with the iron tack piercing the sole hammer.,Lexical Echo,The iron tack.,The sole hammer.,0,The sole hammer.,The hammer.,54.45206069946289,90.20100402832033,35.09233474731445,0,The sole hammer.,The hammer.,54.45206069946289,90.20100402832033,35.09233474731445,0,The sole hammer.,The hammer.,54.45206069946289,90.20100402832033,35.09233474731445,False,False,False
What physical object made direct contact to bind the barrel?,The cooper bound the barrel with the iron hoop strapping the barrel clamp.,Lexical Echo,The iron hoop.,The barrel clamp.,0,The barrel clamp.,The barrel clamp.,62.87032318115234,100.00001525878906,62.87032318115234,0,The barrel clamp.,The barrel clamp.,62.87032318115234,100.00001525878906,62.87032318115234,1,The iron hoop.,The iron hoop.,26.48859405517578,100.0,26.48859405517578,True,True,True
What physical object made direct contact to shave the spoke?,The wheelwright shaved the spoke with the steel knife cutting the spoke lathe.,Lexical Echo,The steel knife is the target for: what physical object made direct contact to shave the spoke?,lathe..,1,The steel knife is the target for: what physical object made direct contact to shave the spoke?,The steel knife.,86.50310516357422,65.31172180175781,38.34069442749024,1,The steel knife is the target for: what physical object made direct contact to shave the spoke?,The steel knife.,86.50310516357422,65.31172180175781,38.34069442749024,0,lathe..,The tool rest made direct contact to shave the spoke.,32.02595520019531,27.90457344055176,78.4560775756836,False,False,False
What physical object made direct contact to caulk the seam?,The shipwright caulked the seam with the oakum rope plugging the seam iron.,Lexical Echo,The oakum rope.,The seam iron.,0,The seam iron.,The seam iron.,55.561161041259766,99.99998474121094,55.561161041259766,0,The seam iron.,The seam iron.,55.561161041259766,99.99998474121094,55.561161041259766,0,The seam iron.,The seam iron.,55.561161041259766,99.99998474121094,55.561161041259766,False,False,False
What physical object made direct contact to place the gear?,The clockmaker placed the gear with the brass tweezer holding the gear driver.,Lexical Echo,The brass tweezer.,The gear driver.,0,The gear driver.,The physical object that made direct contact to place the gear is the gear driver.,56.69900894165039,75.67340087890625,86.25200653076172,0,The gear driver.,The physical object that made direct contact to place the gear is the gear driver.,56.69900894165039,75.67340087890625,86.25200653076172,1,The brass tweezer.,The brass tweezer.,26.75030899047852,100.00001525878906,26.75030899047852,True,True,True
What physical object made direct contact to turn the tumbler?,The locksmith turned the tumbler with the steel tensioner twisting the tumbler pick.,Lexical Echo,The steel tensioner is the target for: what physical object made direct contact to turn the tumbler?,pick..,1,The steel tensioner is the target for: what physical object made direct contact to turn the tumbler?,The steel tensioner.,88.79927062988281,66.59651184082031,43.92789077758789,1,The steel tensioner is the target for: what physical object made direct contact to turn the tumbler?,The steel tensioner.,88.79927062988281,66.59651184082031,43.92789077758789,1,The steel tensioner is the target for: what physical object made direct contact to turn the tumbler?,The steel tensioner.,88.79927062988281,66.59651184082031,43.92789077758789,False,False,False
What physical object made direct contact to grind the lens?,The optician ground the lens with the diamond dust scraping the lens grinder.,Lexical Echo,The diamond dust.,The lens grinder.,0,The lens grinder.,The wheel.,73.98259735107422,37.608001708984375,23.25565719604492,0,The lens grinder.,The wheel.,73.98259735107422,37.608001708984375,23.25565719604492,1,The diamond dust.,The diamond dust.,29.646142959594727,100.0,29.646142959594727,True,True,True
What physical object made direct contact to hack the rib?,The butcher hacked the rib with the steel cleaver chopping the rib saw.,Lexical Echo,The steel cleaver.,The rib saw.,0,The rib saw.,The saw blade made direct contact to hack the rib.,68.39592742919922,79.79051208496094,80.52836608886719,0,The rib saw.,The saw blade made direct contact to hack the rib.,68.39592742919922,79.79051208496094,80.52836608886719,1,The steel cleaver.,The steel cleaver.,34.28982925415039,100.00001525878906,34.28982925415039,True,True,True
What physical object made direct contact to dust the loaf?,The baker dusted the loaf with the flour sack patting the loaf basket.,Lexical Echo,The flour sack is the target for: what physical object made direct contact to dust the loaf?,basket..,1,The flour sack is the target for: what physical object made direct contact to dust the loaf?,The physical object that made direct contact to dust the loaf is the flour sack.,90.5287857055664,96.35687255859376,87.59698486328125,1,The flour sack is the target for: what physical object made direct contact to dust the loaf?,The physical object that made direct contact to dust the loaf is the flour sack.,90.5287857055664,96.35687255859376,87.59698486328125,1,The flour sack is the target for: what physical object made direct contact to dust the loaf?,The physical object that made direct contact to dust the loaf is the flour sack.,90.5287857055664,96.35687255859376,87.59698486328125,False,False,False
What physical object made direct contact to pour the wax?,The maker poured the wax with the copper jug filling the wax mold.,Lexical Echo,The copper jug.,The wax mold.,0,The wax mold.,The pouring ladle.,61.53390502929688,26.124595642089844,37.197025299072266,0,The wax mold.,The pouring ladle.,61.53390502929688,26.124595642089844,37.197025299072266,1,The copper jug.,The copper jug.,24.464258193969727,99.99999237060548,24.464258193969727,True,True,True
What physical object made direct contact to thread the bobbin?,The tailor threaded the bobbin with the silk yarn looping the bobbin winder.,Lexical Echo,The silk yarn.,The bobbin winder.,0,The bobbin winder.,The physical object that made direct contact to thread the bobbin is the bobbin winder.,61.04035186767578,70.68824768066406,92.94364166259766,0,The bobbin winder.,The physical object that made direct contact to thread the bobbin is the bobbin winder.,61.04035186767578,70.68824768066406,92.94364166259766,0,The bobbin winder.,The physical object that made direct contact to thread the bobbin is the bobbin winder.,61.04035186767578,70.68824768066406,92.94364166259766,False,False,False
What physical object made direct contact to stretch the shoe?,The cobbler stretched the shoe with the wooden last expanding the shoe stretcher.,Lexical Echo,The wooden last is the target for: what physical object made direct contact to stretch the shoe?,stretcher..,1,The wooden last is the target for: what physical object made direct contact to stretch the shoe?,The wooden last.,90.9734878540039,43.32965469360352,16.88353729248047,1,The wooden last is the target for: what physical object made direct contact to stretch the shoe?,The wooden last.,90.9734878540039,43.32965469360352,16.88353729248047,1,The wooden last is the target for: what physical object made direct contact to stretch the shoe?,The wooden last.,90.9734878540039,43.32965469360352,16.88353729248047,False,False,False
What physical object made direct contact to steep the fabric?,The dyer steeped the fabric with the wooden paddle pushing the fabric vat.,Lexical Echo,The wooden paddle.,The fabric vat.,0,The fabric vat.,The dyeing machine.,48.007591247558594,43.09165954589844,28.180997848510746,0,The fabric vat.,The dyeing machine made direct contact to steep the fabric.,48.007591247558594,48.93788528442383,73.57266998291016,1,The wooden paddle.,The wooden paddle.,34.08448028564453,100.0,34.08448028564453,True,True,True
What physical object made direct contact to shape the glass?,The glassblower shaped the glass with the wet newspaper wrapping the glass pipe.,Lexical Echo,The wet newspaper.,The glass pipe.,0,The glass pipe.,The blowpipe.,48.98805236816406,60.655887603759766,13.6702299118042,0,The glass pipe.,The glass pipe.,48.98805236816406,100.00001525878906,48.98805236816406,1,The wet newspaper.,The wet newspaper.,19.51143455505371,100.00001525878906,19.51143455505371,True,True,True
What physical object made direct contact to crush the stone?,The alchemist crushed the stone with the iron pestle grinding the stone mortar.,Lexical Echo,The iron pestle is the target for: what physical object made direct contact to crush the stone?,mortar..,1,The iron pestle is the target for: what physical object made direct contact to crush the stone?,The iron pestle.,84.85653686523438,61.49376678466797,28.99913787841797,1,The iron pestle is the target for: what physical object made direct contact to crush the stone?,The iron pestle.,84.85653686523438,61.49376678466797,28.99913787841797,1,The iron pestle is the target for: what physical object made direct contact to crush the stone?,The iron pestle.,84.85653686523438,61.49376678466797,28.99913787841797,False,False,False
What physical object made direct contact to focus the star?,The astronomer focused the star with the glass eyepiece turning the star telescope.,Lexical Echo,The glass eyepiece.,The star telescope.,0,The star telescope.,The physical object that made direct contact to focus the star is the lens.,59.660675048828125,57.2321891784668,89.34428405761719,0,The star telescope.,The physical object that made direct contact to focus the star is the lens.,59.660675048828125,57.2321891784668,89.34428405761719,1,The glass eyepiece.,The glass eyepiece.,40.827484130859375,100.0,40.827484130859375,True,True,True
What physical object made direct contact to ink the map?,The cartographer inked the map with the goose quill scratching the map pen.,Lexical Echo,The goose quill.,The map pen.,0,The map pen.,The map pen.,62.247337341308594,100.0,62.247337341308594,0,The map pen.,The map pen.,62.247337341308594,100.0,62.247337341308594,1,The goose quill.,The goose quill.,18.17266845703125,100.0,18.17266845703125,True,True,True
What physical object made direct contact to erase the error?,The scribe erased the error with the pumice stone rubbing the error eraser.,Lexical Echo,The pumice stone is the target for: what physical object made direct contact to erase the error?,eraser..,1,The pumice stone is the target for: what physical object made direct contact to erase the error?,The pumice stone is the target for: the pumice stone.,72.9588623046875,68.4131088256836,10.707843780517578,1,The pumice stone is the target for: what physical object made direct contact to erase the error?,The pumice stone is the target for: the pumice stone.,72.9588623046875,68.4131088256836,10.707843780517578,1,The pumice stone is the target for: what physical object made direct contact to erase the error?,The pumice stone is the target for: the pumice stone.,72.9588623046875,68.4131088256836,10.707843780517578,False,False,False
What physical object made direct contact to blow the horn?,The herald blew the horn with the brass mouthpiece touching the horn trumpet.,Lexical Echo,The brass mouthpiece.,The horn trumpet.,0,The horn trumpet.,The mouthpiece.,57.73445510864258,50.42660903930664,28.22960662841797,0,The horn trumpet.,The mouthpiece.,57.73445510864258,50.42660903930664,28.22960662841797,1,The brass mouthpiece.,The brass mouthpiece.,36.88959884643555,99.99998474121094,36.88959884643555,True,True,True
What is the main root verb governing the syntactic subject?,The bear awakened from hibernation stretched.,Reduced Relative Clause,stretched,awakened,0,awakened,"The main root verb governing the syntactic subject is ""awakened"".",6.048251628875732,56.84444808959961,70.98634338378906,0,awakened,"The main root verb governing the syntactic subject is ""awakened"".",6.048251628875732,56.84444808959961,70.98634338378906,1,stretched,"The main root verb governing the syntactic subject is ""stretched"".",12.746235847473145,56.45332336425781,75.86591339111328,True,True,True
What is the main root verb governing the syntactic subject?,The laptop dropped on the floor shattered.,Reduced Relative Clause,shattered is the target for: what is the main root verb governing the syntactic subject?,dropped,0,dropped,"The main root verb governing the syntactic subject is ""dropped"".",2.930481433868408,39.63425827026367,80.20401000976562,1,shattered is the target for: what is the main root verb governing the syntactic subject?,"The main root verb governing the syntactic subject is ""is"".",77.6767349243164,68.4255142211914,86.41543579101562,1,shattered is the target for: what is the main root verb governing the syntactic subject?,"The main root verb governing the syntactic subject is ""is"".",77.6767349243164,68.4255142211914,86.41543579101562,True,False,False
What is the main root verb governing the syntactic subject?,The phone dunked in the water shorted.,Reduced Relative Clause,shorted,dunked,0,dunked,"The main root verb governing the syntactic subject is ""dunked"".",6.256933689117432,53.599609375,68.04248809814453,0,dunked,"The main root verb governing the syntactic subject is ""dunked"".",6.256933689117432,53.599609375,68.04248809814453,1,shorted,"The main root verb governing the syntactic subject is ""is"".",11.216146469116213,8.997190475463867,86.41543579101562,True,True,True
What is the main root verb governing the syntactic subject?,The batter poured into the pan sizzled.,Reduced Relative Clause,sizzled,poured,0,poured,"The main root verb governing the syntactic subject is ""poured"".",3.647796154022217,53.80898666381836,67.43624114990234,0,poured,"The main root verb governing the syntactic subject is ""poured"".",3.647796154022217,53.80898666381836,67.43624114990234,1,sizzled,"The main root verb governing the syntactic subject is ""sizzled"".",9.374051094055176,57.6930046081543,73.66532897949219,True,True,True
What is the main root verb governing the syntactic subject?,The monument erected in the square remained.,Reduced Relative Clause,remained is the target for: what is the main root verb governing the syntactic subject?,erected,0,erected,"The main root verb governing the syntactic subject is ""erected"".",10.498990058898926,54.03939437866211,75.204345703125,1,remained is the target for: what is the main root verb governing the syntactic subject?,"The main root verb governing the syntactic subject is ""remained"".",73.13646697998047,93.14244079589844,75.5284652709961,1,remained is the target for: what is the main root verb governing the syntactic subject?,"The main root verb governing the syntactic subject is ""remained"".",73.13646697998047,93.14244079589844,75.5284652709961,True,False,False
What is the main root verb governing the syntactic subject?,The vine tangled in the fence withered.,Reduced Relative Clause,withered,tangled,0,tangled,"The main root verb governing the syntactic subject is ""is"".",5.756110668182373,0.6515078544616699,86.41543579101562,0,tangled,"The main root verb governing the syntactic subject is ""is"".",5.756110668182373,0.6515078544616699,86.41543579101562,1,withered,"The main root verb governing the syntactic subject is ""is"".",4.855099678039551,3.755474090576172,86.41543579101562,True,True,True
What is the main root verb governing the syntactic subject?,The bag packed for the trip ruptured.,Reduced Relative Clause,ruptured,packed,0,packed,"The main root verb governing the syntactic subject is ""is"".",9.255322456359863,7.685250759124756,86.41543579101562,0,packed,"The main root verb governing the syntactic subject is ""is"".",9.255322456359863,7.685250759124756,86.41543579101562,1,ruptured,"The main root verb governing the syntactic subject is ""is"".",5.836559772491455,2.726547718048096,86.41543579101562,True,True,True
What is the main root verb governing the syntactic subject?,The umbrella inverted in the wind snapped.,Reduced Relative Clause,snapped is the target for: what is the main root verb governing the syntactic subject?,inverted,0,inverted,"The main root verb governing the syntactic subject is ""is"".",16.418495178222656,18.134981155395508,86.41543579101562,1,snapped is the target for: what is the main root verb governing the syntactic subject?,"The main root verb governing the syntactic subject is ""snapped"".",72.33061218261719,94.3295440673828,72.36754608154297,1,snapped is the target for: what is the main root verb governing the syntactic subject?,"The main root verb governing the syntactic subject is ""snapped"".",72.33061218261719,94.3295440673828,72.36754608154297,True,False,False
What is the main root verb governing the syntactic subject?,The vase knocked off the table smashed.,Reduced Relative Clause,smashed,knocked,0,knocked,"The main root verb governing the syntactic subject is ""knocked"".",9.423666000366213,55.12975311279297,70.80962371826172,0,knocked,"The main root verb governing the syntactic subject is ""knocked"".",9.423666000366213,55.12975311279297,70.80962371826172,1,smashed,"The main root verb governing the syntactic subject is ""smashed"".",13.32552433013916,54.477725982666016,72.16213989257812,True,True,True
What is the main root verb governing the syntactic subject?,The custom passed down the generations endured.,Reduced Relative Clause,endured,passed,0,passed,"The main root verb governing the syntactic subject is ""passed"".",14.296781539916992,43.32524108886719,82.77278900146484,0,passed,"The main root verb governing the syntactic subject is ""passed"".",14.296781539916992,43.32524108886719,82.77278900146484,1,endured,"The main root verb governing the syntactic subject is ""endured"".",8.914942741394043,55.270355224609375,70.78675079345703,True,True,True
What is the main root verb governing the syntactic subject?,The bullet fired from the gun ricocheted.,Reduced Relative Clause,ricocheted is the target for: what is the main root verb governing the syntactic subject?,fired,0,fired,"The main root verb governing the syntactic subject is ""fired"".",8.882694244384766,46.498722076416016,75.8188247680664,1,ricocheted is the target for: what is the main root verb governing the syntactic subject?,"The main root verb governing the syntactic subject is ""ricocheted"".",69.35102844238281,94.25121307373048,67.03641510009766,1,ricocheted is the target for: what is the main root verb governing the syntactic subject?,"The main root verb governing the syntactic subject is ""ricocheted"".",69.35102844238281,94.25121307373048,67.03641510009766,True,False,False
What is the main root verb governing the syntactic subject?,The wrench turned by the plumber rotated.,Reduced Relative Clause,rotated,turned,0,turned,"The main root verb governing the syntactic subject is ""turned"".",17.25767707824707,53.03318405151367,75.7343521118164,0,turned,"The main root verb governing the syntactic subject is ""turned"".",17.25767707824707,53.03318405151367,75.7343521118164,1,rotated,"The main root verb governing the syntactic subject is ""rotated"".",13.06856918334961,55.82171630859375,77.60679626464844,True,True,True
What is the main root verb governing the syntactic subject?,The rock hurled off the cliff plummeted.,Reduced Relative Clause,plummeted,hurled,1,plummeted,"The main root verb governing the syntactic subject is ""plummeted"".",14.951142311096191,59.24309921264648,72.15872192382812,0,hurled,"The main root verb governing the syntactic subject is ""hurdled"".",19.630165100097656,18.813796997070312,72.8011703491211,1,plummeted,"The main root verb governing the syntactic subject is ""plummeted"".",14.951142311096191,59.24309921264648,72.15872192382812,False,True,False
What is the main root verb governing the syntactic subject?,The glass shoved across the bar tipped.,Reduced Relative Clause,tipped,shoved,0,shoved,"The main root verb governing the syntactic subject is ""shoved"".",13.3410005569458,61.09371948242188,70.97666931152344,0,shoved,"The main root verb governing the syntactic subject is ""shoved"".",13.3410005569458,61.09371948242188,70.97666931152344,1,tipped,"The main root verb governing the syntactic subject is ""is"".",0.0,0.0,86.41543579101562,True,True,True
What is the main root verb governing the syntactic subject?,The balloon filled with the helium burst.,Reduced Relative Clause,burst,filled,1,burst,"The main root verb governing the syntactic subject is ""is"".",11.531045913696287,7.875225067138672,86.41543579101562,0,filled,"The main root verb governing the syntactic subject is ""is"".",5.054566383361816,5.9648637771606445,86.41543579101562,1,burst,"The main root verb governing the syntactic subject is ""is"".",11.531045913696287,7.875225067138672,86.41543579101562,False,True,False
What is the main root verb governing the syntactic subject?,The rocket launched into the stratosphere exploded.,Reduced Relative Clause,exploded is the target for: what is the main root verb governing the syntactic subject?,launched,0,launched,"The main root verb governing the syntactic subject is ""launched"".",11.585314750671388,50.62852478027344,78.86076354980469,1,exploded is the target for: what is the main root verb governing the syntactic subject?,"The main root verb governing the syntactic subject is ""exploded"".",74.46315002441406,93.54568481445312,77.0631332397461,1,exploded is the target for: what is the main root verb governing the syntactic subject?,"The main root verb governing the syntactic subject is ""is"".",74.46315002441406,66.59185791015625,86.41543579101562,True,False,False
What is the main root verb governing the syntactic subject?,The log tossed into the campfire ignited.,Reduced Relative Clause,ignited,tossed,1,ignited,"The main root verb governing the syntactic subject is ""ignited"".",9.494112014770508,54.57674407958984,75.52050018310547,1,ignited,"The main root verb governing the syntactic subject is ""ignited"".",9.494112014770508,54.57674407958984,75.52050018310547,1,ignited,"The main root verb governing the syntactic subject is ""ignited"".",9.494112014770508,54.57674407958984,75.52050018310547,False,False,False
What is the main root verb governing the syntactic subject?,The ship anchored in the bay drifted.,Reduced Relative Clause,drifted,anchored,1,drifted,"The main root verb governing the syntactic subject is ""drifted"".",6.93812370300293,51.79093933105469,77.62680053710938,0,anchored,"The main root verb governing the syntactic subject is ""is"".",11.376638412475586,10.382192611694336,86.41543579101562,1,drifted,"The main root verb governing the syntactic subject is ""drifted"".",6.93812370300293,51.79093933105469,77.62680053710938,False,True,False
What is the main root verb governing the syntactic subject?,The car parked on the incline rolled.,Reduced Relative Clause,rolled is the target for: what is the main root verb governing the syntactic subject?,parked,1,rolled is the target for: what is the main root verb governing the syntactic subject?,"The main root verb governing the syntactic subject is ""rolled"".",75.57270812988281,94.7623519897461,74.9320297241211,1,rolled is the target for: what is the main root verb governing the syntactic subject?,"The main root verb governing the syntactic subject is ""rolled"".",75.57270812988281,94.7623519897461,74.9320297241211,1,rolled is the target for: what is the main root verb governing the syntactic subject?,"The main root verb governing the syntactic subject is ""rolled"".",75.57270812988281,94.7623519897461,74.9320297241211,False,False,False
What is the main root verb governing the syntactic subject?,The wire strung across the gap snapped.,Reduced Relative Clause,snapped,strung,1,snapped,"The main root verb governing the syntactic subject is ""snapped"".",5.578729629516602,50.57521057128906,72.36754608154297,0,strung,"The main root verb governing the syntactic subject is ""strung"".",21.354930877685547,60.22156524658203,80.8586196899414,1,snapped,"The main root verb governing the syntactic subject is ""snapped"".",5.578729629516602,50.57521057128906,72.36754608154297,False,True,False
What is the main root verb governing the syntactic subject?,The bridge suspended over the gorge swayed.,Reduced Relative Clause,swayed,suspended,1,swayed,"The main root verb governing the syntactic subject is ""swayed"".",21.3233585357666,60.708831787109375,76.67646026611328,0,suspended,"The main root verb governing the syntactic subject is ""is"".",3.033864498138428,2.173779249191284,86.41543579101562,1,swayed,"The main root verb governing the syntactic subject is ""swayed"".",21.3233585357666,60.708831787109375,76.67646026611328,False,True,False
What is the main root verb governing the syntactic subject?,The ice dropped in the soda melted.,Reduced Relative Clause,melted is the target for: what is the main root verb governing the syntactic subject?,dropped,0,dropped,"The main root verb governing the syntactic subject is ""dropped"".",2.930481433868408,39.63425827026367,80.20401000976562,1,melted is the target for: what is the main root verb governing the syntactic subject?,"The main root verb governing the syntactic subject is ""is"".",75.65779113769531,68.37519073486328,86.41543579101562,1,melted is the target for: what is the main root verb governing the syntactic subject?,"The main root verb governing the syntactic subject is ""is"".",75.65779113769531,68.37519073486328,86.41543579101562,True,False,False
What is the main root verb governing the syntactic subject?,The meat thrown on the grill charred.,Reduced Relative Clause,charred,thrown,1,charred,"The main root verb governing the syntactic subject is ""is"".",6.626923561096191,3.8825106620788574,86.41543579101562,0,thrown,"The main root verb governing the syntactic subject is ""thrown"".",24.88924026489257,57.16120529174805,80.91907501220703,1,charred,"The main root verb governing the syntactic subject is ""is"".",6.626923561096191,3.8825106620788574,86.41543579101562,False,True,False
What is the main root verb governing the syntactic subject?,The kite caught in the tree tore.,Reduced Relative Clause,tore,caught,1,tore,"The main root verb governing the syntactic subject is ""tore"".",2.109071493148804,45.46827697753906,75.45838928222656,0,caught,"The main root verb governing the syntactic subject is ""caught"".",10.33613109588623,47.55290985107422,75.7720718383789,1,tore,"The main root verb governing the syntactic subject is ""tore"".",2.109071493148804,45.46827697753906,75.45838928222656,False,True,False
What is the main root verb governing the syntactic subject?,The wheel detached from the axle spun.,Reduced Relative Clause,spun is the target for: what is the main root verb governing the syntactic subject?,detached,1,spun is the target for: what is the main root verb governing the syntactic subject?,"The main root verb governing the syntactic subject is ""spun"".",83.07038879394531,93.5472640991211,81.08151245117188,1,spun is the target for: what is the main root verb governing the syntactic subject?,"The main root verb governing the syntactic subject is ""is"".",83.07038879394531,72.54495239257812,86.41543579101562,1,spun is the target for: what is the main root verb governing the syntactic subject?,"The main root verb governing the syntactic subject is ""spun"".",83.07038879394531,93.5472640991211,81.08151245117188,False,False,False
What is the main root verb governing the syntactic subject?,The coin flipped into the air landed.,Reduced Relative Clause,landed,flipped,0,flipped,"The main root verb governing the syntactic subject is ""flipped"".",10.79080867767334,56.476844787597656,75.10499572753906,1,landed,"The main root verb governing the syntactic subject is ""landed"".",13.995477676391602,51.782859802246094,78.44491577148438,1,landed,"The main root verb governing the syntactic subject is ""landed"".",13.995477676391602,51.782859802246094,78.44491577148438,True,False,False
What is the main root verb governing the syntactic subject?,The ball kicked across the field bounced.,Reduced Relative Clause,bounced,kicked,0,kicked,"The main root verb governing the syntactic subject is ""kicked"".",14.527918815612791,56.2721061706543,76.31736755371094,1,bounced,"The main root verb governing the syntactic subject is ""bounced"".",7.313069820404053,53.804386138916016,71.32535552978516,0,kicked,"The main root verb governing the syntactic subject is ""kicked"".",14.527918815612791,56.2721061706543,76.31736755371094,False,False,False
What is the main root verb governing the syntactic subject?,The fabric left in the sun faded.,Reduced Relative Clause,faded is the target for: what is the main root verb governing the syntactic subject?,left,1,faded is the target for: what is the main root verb governing the syntactic subject?,"The main root verb governing the syntactic subject is ""is"".",72.9030990600586,63.6484260559082,86.41543579101562,1,faded is the target for: what is the main root verb governing the syntactic subject?,"The main root verb governing the syntactic subject is ""is"".",72.9030990600586,63.6484260559082,86.41543579101562,1,faded is the target for: what is the main root verb governing the syntactic subject?,"The main root verb governing the syntactic subject is ""is"".",72.9030990600586,63.6484260559082,86.41543579101562,False,False,False
What is the main root verb governing the syntactic subject?,The letter slipped under the door vanished.,Reduced Relative Clause,vanished,slipped,0,slipped,"The main root verb governing the syntactic subject is ""slipped"".",8.05427074432373,51.30680847167969,76.5382080078125,0,slipped,"The main root verb governing the syntactic subject is ""slipped"".",8.05427074432373,51.30680847167969,76.5382080078125,1,vanished,"The main root verb governing the syntactic subject is ""vanished"".",5.379536151885986,47.96980667114258,75.95477294921875,True,True,True
What is the main root verb governing the syntactic subject?,The snow packed into the snowball crumbled.,Reduced Relative Clause,crumbled,packed,0,packed,"The main root verb governing the syntactic subject is ""is"".",9.255322456359863,7.685250759124756,86.41543579101562,0,packed,"The main root verb governing the syntactic subject is ""is"".",9.255322456359863,7.685250759124756,86.41543579101562,1,crumbled,"The main root verb governing the syntactic subject is ""is"".",9.775343894958496,8.369708061218262,86.41543579101562,True,True,True
What is the main root verb governing the syntactic subject?,The cloud pushed over the mountains dispersed.,Reduced Relative Clause,dispersed,pushed,0,pushed,"The main root verb governing the syntactic subject is ""pushed"".",15.402904510498049,51.25624084472656,81.55374145507812,0,pushed,"The main root verb governing the syntactic subject is ""pushed"".",15.402904510498049,51.25624084472656,81.55374145507812,1,dispersed,"The main root verb governing the syntactic subject is ""is"".",16.885128021240234,15.588088035583496,86.41543579101562,True,True,True
What is the main root verb governing the syntactic subject?,The river diverted through the valley flooded.,Reduced Relative Clause,flooded,diverted,1,flooded,"The main root verb governing the syntactic subject is ""is"".",9.733428001403809,9.690800666809082,86.41543579101562,0,diverted,"The main root verb governing the syntactic subject is ""diverted"".",2.3344459533691406,51.61079788208008,72.30430603027344,1,flooded,"The main root verb governing the syntactic subject is ""is"".",9.733428001403809,9.690800666809082,86.41543579101562,False,True,False
What is the main root verb governing the syntactic subject?,The magma pushed to the surface erupted.,Reduced Relative Clause,erupted is the target for: what is the main root verb governing the syntactic subject?,pushed,0,pushed,"The main root verb governing the syntactic subject is ""pushed"".",15.402904510498049,51.25624084472656,81.55374145507812,1,erupted is the target for: what is the main root verb governing the syntactic subject?,"The main root verb governing the syntactic subject is ""erupted"".",74.23341369628906,94.05616760253906,74.2960433959961,1,erupted is the target for: what is the main root verb governing the syntactic subject?,"The main root verb governing the syntactic subject is ""erupted"".",74.23341369628906,94.05616760253906,74.2960433959961,True,False,False
What is the main root verb governing the syntactic subject?,The gas compressed in the cylinder leaked.,Reduced Relative Clause,leaked,compressed,0,compressed,"The main root verb governing the syntactic subject is ""is"".",7.10150671005249,9.034367561340332,86.41543579101562,0,compressed,"The main root verb governing the syntactic subject is ""is"".",7.10150671005249,9.034367561340332,86.41543579101562,1,leaked,"The main root verb governing the syntactic subject is ""is"".",5.710513591766357,7.179007053375244,86.41543579101562,True,True,True
What is the main root verb governing the syntactic subject?,The crystal grown in the lab fractured.,Reduced Relative Clause,fractured,grown,1,fractured,"The main root verb governing the syntactic subject is ""is"".",17.77470588684082,16.376708984375,86.41543579101562,0,grown,"The main root verb governing the syntactic subject is ""grown"".",11.165266036987305,54.09165573120117,73.62755584716797,1,fractured,"The main root verb governing the syntactic subject is ""is"".",17.77470588684082,16.376708984375,86.41543579101562,False,True,False
What is the main root verb governing the syntactic subject?,The comet tracked through the sky disintegrated.,Reduced Relative Clause,disintegrated,tracked,0,tracked,"The main root verb governing the syntactic subject is ""tracked"".",19.101795196533203,54.30354309082031,82.88512420654297,0,tracked,"The main root verb governing the syntactic subject is ""tracked"".",19.101795196533203,54.30354309082031,82.88512420654297,1,disintegrated,"The main root verb governing the syntactic subject is ""disintegrated"".",11.424200057983398,65.54591369628906,70.8836441040039,True,True,True
What is the main root verb governing the syntactic subject?,The leaf swept into the gutter decayed.,Reduced Relative Clause,decayed,swept,1,decayed,"The main root verb governing the syntactic subject is ""is"".",10.732050895690918,10.81968879699707,86.41543579101562,0,swept,"The main root verb governing the syntactic subject is ""swept"".",13.659584045410156,53.07283401489258,75.48989868164062,1,decayed,"The main root verb governing the syntactic subject is ""is"".",10.732050895690918,10.81968879699707,86.41543579101562,False,True,False
What is the main root verb governing the syntactic subject?,The sand swept across the dune shifted.,Reduced Relative Clause,shifted,swept,1,shifted,"The main root verb governing the syntactic subject is ""shifted"".",9.704056739807127,48.28535842895508,80.21707153320312,0,swept,"The main root verb governing the syntactic subject is ""swept"".",13.659584045410156,53.07283401489258,75.48989868164062,1,shifted,"The main root verb governing the syntactic subject is ""shifted"".",9.704056739807127,48.28535842895508,80.21707153320312,False,True,False
What is the main root verb governing the syntactic subject?,The egg dropped on the pavement cracked.,Reduced Relative Clause,cracked,dropped,0,dropped,"The main root verb governing the syntactic subject is ""dropped"".",2.930481433868408,39.63425827026367,80.20401000976562,0,dropped,"The main root verb governing the syntactic subject is ""dropped"".",2.930481433868408,39.63425827026367,80.20401000976562,1,cracked,"The main root verb governing the syntactic subject is ""is"".",9.61790943145752,12.625276565551758,86.41543579101562,True,True,True
What is the main root verb governing the syntactic subject?,The milk poured into the mug spilled.,Reduced Relative Clause,spilled,poured,0,poured,"The main root verb governing the syntactic subject is ""poured"".",3.647796154022217,53.80898666381836,67.43624114990234,0,poured,"The main root verb governing the syntactic subject is ""poured"".",3.647796154022217,53.80898666381836,67.43624114990234,1,spilled,"The main root verb governing the syntactic subject is ""spilled"".",9.519108772277832,53.76532745361328,76.85869598388672,True,True,True
What is the main root verb governing the syntactic subject?,The soup microwaved for the minutes bubbled.,Reduced Relative Clause,bubbled is the target for: what is the main root verb governing the syntactic subject?,microwaved,0,microwaved,"The main root verb governing the syntactic subject is ""is"".",4.93222713470459,1.856982707977295,86.41543579101562,1,bubbled is the target for: what is the main root verb governing the syntactic subject?,"The main root verb governing the syntactic subject is ""is"".",76.90233612060547,68.04715728759766,86.41543579101562,1,bubbled is the target for: what is the main root verb governing the syntactic subject?,"The main root verb governing the syntactic subject is ""is"".",76.90233612060547,68.04715728759766,86.41543579101562,True,False,False
What is the main root verb governing the syntactic subject?,The cheese sliced for the sandwich molded.,Reduced Relative Clause,molded is the target for: what is the main root verb governing the syntactic subject?,sliced,0,sliced,"The main root verb governing the syntactic subject is ""is"".",13.190796852111816,9.099824905395508,86.41543579101562,1,molded is the target for: what is the main root verb governing the syntactic subject?,"The main root verb governing the syntactic subject is ""molded"".",75.78362274169922,91.92364501953124,82.59638214111328,1,molded is the target for: what is the main root verb governing the syntactic subject?,"The main root verb governing the syntactic subject is ""molded"".",75.78362274169922,91.92364501953124,82.59638214111328,True,False,False
What is the main root verb governing the syntactic subject?,The garlic roasted in the oven softened.,Reduced Relative Clause,softened,roasted,0,roasted,"The main root verb governing the syntactic subject is ""is"".",8.342789649963379,8.048225402832031,86.41543579101562,0,roasted,"The main root verb governing the syntactic subject is ""is"".",8.342789649963379,8.048225402832031,86.41543579101562,1,softened,"The main root verb governing the syntactic subject is ""is"".",14.644736289978027,10.378809928894045,86.41543579101562,True,True,True
What is the main root verb governing the syntactic subject?,The tea spilled on the table stained.,Reduced Relative Clause,stained,spilled,0,spilled,"The main root verb governing the syntactic subject is ""spilled"".",9.519108772277832,53.76532745361328,76.85869598388672,0,spilled,"The main root verb governing the syntactic subject is ""spilled"".",9.519108772277832,53.76532745361328,76.85869598388672,1,stained,"The main root verb governing the syntactic subject is ""is"".",14.99496078491211,13.161699295043944,86.41543579101562,True,True,True
What is the main root verb governing the syntactic subject?,The sugar stirred into the coffee dissolved.,Reduced Relative Clause,dissolved,stirred,0,stirred,"The main root verb governing the syntactic subject is ""stirred"".",9.5357666015625,57.920658111572266,75.52471160888672,0,stirred,"The main root verb governing the syntactic subject is ""stirred"".",9.5357666015625,57.920658111572266,75.52471160888672,1,dissolved,"The main root verb governing the syntactic subject is ""is"".",15.932085990905762,17.512821197509766,86.41543579101562,True,True,True
What is the main root verb governing the syntactic subject?,The wine poured into the glass breathed.,Reduced Relative Clause,breathed is the target for: what is the main root verb governing the syntactic subject?,poured,0,poured,"The main root verb governing the syntactic subject is ""poured"".",3.647796154022217,53.80898666381836,67.43624114990234,1,breathed is the target for: what is the main root verb governing the syntactic subject?,"The main root verb governing the syntactic subject is ""breathed"".",75.59183502197266,92.92850494384766,72.42655944824219,1,breathed is the target for: what is the main root verb governing the syntactic subject?,"The main root verb governing the syntactic subject is ""breathed"".",75.59183502197266,92.92850494384766,72.42655944824219,True,False,False
What is the main root verb governing the syntactic subject?,The fruit boxed for the shipment bruised.,Reduced Relative Clause,bruised,boxed,1,bruised,"The main root verb governing the syntactic subject is ""is"".",8.546245574951172,7.060341358184815,86.41543579101562,0,boxed,"The main root verb governing the syntactic subject is ""boxed"".",12.816478729248049,51.3630256652832,79.9674072265625,1,bruised,"The main root verb governing the syntactic subject is ""is"".",8.546245574951172,7.060341358184815,86.41543579101562,False,True,False
What is the main root verb governing the syntactic subject?,The pasta boiled in the pot softened.,Reduced Relative Clause,softened,boiled,1,softened,"The main root verb governing the syntactic subject is ""is"".",14.644736289978027,10.378809928894045,86.41543579101562,0,boiled,"The main root verb governing the syntactic subject is ""is"".",13.677242279052734,12.789297103881836,86.41543579101562,1,softened,"The main root verb governing the syntactic subject is ""is"".",14.644736289978027,10.378809928894045,86.41543579101562,False,True,False
What is the main root verb governing the syntactic subject?,The boat tied to the dock bobbed.,Reduced Relative Clause,bobbed,tied,1,bobbed,"The main root verb governing the syntactic subject is ""bobbed"".",8.263677597045898,60.45291519165039,67.1052017211914,0,tied,"The main root verb governing the syntactic subject is ""is"".",3.34696102142334,0.0,86.41543579101562,1,bobbed,"The main root verb governing the syntactic subject is ""bobbed"".",8.263677597045898,60.45291519165039,67.1052017211914,False,True,False
What is the main root verb governing the syntactic subject?,The tire blown on the highway shredded.,Reduced Relative Clause,shredded,blown,1,shredded,"The main root verb governing the syntactic subject is ""is"".",9.38393783569336,6.922332763671875,86.41543579101562,0,blown,"The main root verb governing the syntactic subject is ""is"".",9.149840354919434,9.893293380737305,86.41543579101562,1,shredded,"The main root verb governing the syntactic subject is ""is"".",9.38393783569336,6.922332763671875,86.41543579101562,False,True,False
What is the main root verb governing the syntactic subject?,The cart pushed down the aisle crashed.,Reduced Relative Clause,crashed,pushed,1,crashed,"The main root verb governing the syntactic subject is ""crashed"".",9.03764533996582,47.68159484863281,76.35481262207031,0,pushed,"The main root verb governing the syntactic subject is ""pushed"".",15.402904510498049,51.25624084472656,81.55374145507812,1,crashed,"The main root verb governing the syntactic subject is ""crashed"".",9.03764533996582,47.68159484863281,76.35481262207031,False,True,False
What is the main root verb governing the syntactic subject?,The sled dragged up the hill slid.,Reduced Relative Clause,slid,dragged,0,dragged,"The main root verb governing the syntactic subject is ""dragged"".",4.5498223304748535,56.527320861816406,71.91120147705078,0,dragged,"The main root verb governing the syntactic subject is ""dragged"".",4.5498223304748535,56.527320861816406,71.91120147705078,1,slid,"The main root verb governing the syntactic subject is ""is"".",15.135473251342772,11.759869575500488,86.41543579101562,True,True,True
What is the main root verb governing the syntactic subject?,The helicopter landed on the roof waited.,Reduced Relative Clause,waited is the target for: what is the main root verb governing the syntactic subject?,landed,0,landed,"The main root verb governing the syntactic subject is ""landed"".",13.995477676391602,51.782859802246094,78.44491577148438,1,waited is the target for: what is the main root verb governing the syntactic subject?,waited is the main root verb governing the syntactic subject.,72.84986877441406,93.01509857177734,58.8209228515625,1,waited is the target for: what is the main root verb governing the syntactic subject?,waited is the main root verb governing the syntactic subject.,72.84986877441406,93.01509857177734,58.8209228515625,True,False,False
What is the main root verb governing the syntactic subject?,The submarine submerged in the trench crushed.,Reduced Relative Clause,crushed,submerged,0,submerged,"The main root verb governing the syntactic subject is ""is"".",13.749138832092283,12.349584579467772,86.41543579101562,0,submerged,"The main root verb governing the syntactic subject is ""is"".",13.749138832092283,12.349584579467772,86.41543579101562,1,crushed,"The main root verb governing the syntactic subject is ""is"".",11.469377517700195,10.761322021484377,86.41543579101562,True,True,True
What is the main root verb governing the syntactic subject?,The yacht moored in the marina swayed.,Reduced Relative Clause,swayed,moored,0,moored,"The main root verb governing the syntactic subject is ""is"".",8.950121879577637,9.699784278869627,86.41543579101562,0,moored,"The main root verb governing the syntactic subject is ""is"".",8.950121879577637,9.699784278869627,86.41543579101562,1,swayed,"The main root verb governing the syntactic subject is ""swayed"".",21.3233585357666,60.708831787109375,76.67646026611328,True,True,True
What is the main root verb governing the syntactic subject?,The scooter abandoned in the park rusted.,Reduced Relative Clause,rusted is the target for: what is the main root verb governing the syntactic subject?,abandoned,1,rusted is the target for: what is the main root verb governing the syntactic subject?,"The main root verb governing the syntactic subject is ""is"".",74.5284652709961,65.44990539550781,86.41543579101562,1,rusted is the target for: what is the main root verb governing the syntactic subject?,"The main root verb governing the syntactic subject is ""is"".",74.5284652709961,65.44990539550781,86.41543579101562,1,rusted is the target for: what is the main root verb governing the syntactic subject?,"The main root verb governing the syntactic subject is ""is"".",74.5284652709961,65.44990539550781,86.41543579101562,False,False,False
What is the main root verb governing the syntactic subject?,The wagon hitched to the horse rattled.,Reduced Relative Clause,rattled,hitched,0,hitched,"The main root verb governing the syntactic subject is ""hitched"".",10.63613510131836,54.58256530761719,75.2308349609375,0,hitched,"The main root verb governing the syntactic subject is ""hitched"".",10.63613510131836,54.58256530761719,75.2308349609375,1,rattled,"The main root verb governing the syntactic subject is ""rattled"".",6.41778564453125,56.09587478637695,70.37898254394531,True,True,True
What is the main root verb governing the syntactic subject?,The monitor smashed with the hammer shattered.,Reduced Relative Clause,shattered,smashed,0,smashed,"The main root verb governing the syntactic subject is ""smashed"".",13.32552433013916,54.477725982666016,72.16213989257812,0,smashed,"The main root verb governing the syntactic subject is ""smashed"".",13.32552433013916,54.477725982666016,72.16213989257812,1,shattered,"The main root verb governing the syntactic subject is ""is"".",14.704410552978516,12.94408893585205,86.41543579101562,True,True,True
What is the main root verb governing the syntactic subject?,The keyboard soaked in the coffee failed.,Reduced Relative Clause,failed,soaked,1,failed,"The main root verb governing the syntactic subject is ""failed"".",6.516961574554443,42.81324005126953,75.60319519042969,1,failed,"The main root verb governing the syntactic subject is ""is"".",6.516961574554443,5.714168071746826,86.41543579101562,1,failed,"The main root verb governing the syntactic subject is ""failed"".",6.516961574554443,42.81324005126953,75.60319519042969,False,False,False
What is the main root verb governing the syntactic subject?,The wire plugged into the socket sparked.,Reduced Relative Clause,sparked is the target for: what is the main root verb governing the syntactic subject?,plugged,0,plugged,"The main root verb governing the syntactic subject is ""is"".",7.289463043212891,3.985788583755493,86.41543579101562,1,sparked is the target for: what is the main root verb governing the syntactic subject?,"The main root verb governing the syntactic subject is ""sparked"".",72.40828704833984,95.8624267578125,75.00171661376953,0,plugged,"The main root verb governing the syntactic subject is ""is"".",7.289463043212891,3.985788583755493,86.41543579101562,False,False,False
What is the main root verb governing the syntactic subject?,The battery left in the remote corroded.,Reduced Relative Clause,corroded,left,1,corroded,"The main root verb governing the syntactic subject is ""is"".",6.727361679077148,6.521503448486328,86.41543579101562,0,left,"The main root verb governing the syntactic subject is ""is"".",13.220614433288574,5.924563407897949,86.41543579101562,1,corroded,"The main root verb governing the syntactic subject is ""is"".",6.727361679077148,6.521503448486328,86.41543579101562,False,True,False
What is the main root verb governing the syntactic subject?,The drone flown into the tree crashed.,Reduced Relative Clause,crashed,flown,1,crashed,"The main root verb governing the syntactic subject is ""crashed"".",9.03764533996582,47.68159484863281,76.35481262207031,0,flown,"The main root verb governing the syntactic subject is ""flown"".",16.278413772583008,56.32989501953125,78.05326080322266,1,crashed,"The main root verb governing the syntactic subject is ""crashed"".",9.03764533996582,47.68159484863281,76.35481262207031,False,True,False
What is the main root verb governing the syntactic subject?,The data sent across the network corrupted.,Reduced Relative Clause,corrupted,sent,1,corrupted,"The main root verb governing the syntactic subject is ""is"".",8.431926727294922,10.307876586914062,86.41543579101562,0,sent,"The main root verb governing the syntactic subject is ""is"".",0.0,0.0,86.41543579101562,1,corrupted,"The main root verb governing the syntactic subject is ""is"".",8.431926727294922,10.307876586914062,86.41543579101562,False,True,False
What is the main root verb governing the syntactic subject?,The laser pointed at the sky blinked.,Reduced Relative Clause,blinked,pointed,0,pointed,"The main root verb governing the syntactic subject is ""is"".",16.85847282409668,9.690714836120604,86.41543579101562,0,pointed,"The main root verb governing the syntactic subject is ""is"".",16.85847282409668,9.690714836120604,86.41543579101562,1,blinked,"The main root verb governing the syntactic subject is ""blinked"".",12.728216171264648,58.91928863525391,73.34596252441406,True,True,True
What is the main root verb governing the syntactic subject?,The switch flipped in the dark clicked.,Reduced Relative Clause,clicked,flipped,0,flipped,"The main root verb governing the syntactic subject is ""is"".",10.79080867767334,9.635507583618164,86.41543579101562,0,flipped,"The main root verb governing the syntactic subject is ""is"".",10.79080867767334,9.635507583618164,86.41543579101562,1,clicked,"The main root verb governing the syntactic subject is ""clicked"".",6.398776054382324,40.42913436889648,76.97783660888672,True,True,True
What is the main root verb governing the syntactic subject?,The screw stripped by the drill stuck.,Reduced Relative Clause,stuck,stripped,0,stripped,"The main root verb governing the syntactic subject is ""is"".",3.162264823913574,3.095886707305908,86.41543579101562,1,stuck,"The main root verb governing the syntactic subject is ""stuck"".",9.271297454833984,40.85579681396485,74.86515045166016,1,stuck,"The main root verb governing the syntactic subject is ""stuck"".",9.271297454833984,40.85579681396485,74.86515045166016,True,False,False
What is the main root verb governing the syntactic subject?,The blade dulled by the wood chipped.,Reduced Relative Clause,chipped,dulled,1,chipped,"The main root verb governing the syntactic subject is ""is"".",1.157531499862671,0.6380688548088074,86.41543579101562,0,dulled,"The main root verb governing the syntactic subject is ""is"".",5.076482772827148,8.518965721130371,86.41543579101562,1,chipped,"The main root verb governing the syntactic subject is ""is"".",1.157531499862671,0.6380688548088074,86.41543579101562,False,True,False
What is the main root verb governing the syntactic subject?,The rope pulled across the rock frayed.,Reduced Relative Clause,frayed is the target for: what is the main root verb governing the syntactic subject?,pulled,0,pulled,"The main root verb governing the syntactic subject is ""pulled"".",0.6963233351707458,36.21125030517578,72.07701110839844,1,frayed is the target for: what is the main root verb governing the syntactic subject?,"The main root verb governing the syntactic subject is ""is"".",75.169921875,66.68592834472656,86.41543579101562,1,frayed is the target for: what is the main root verb governing the syntactic subject?,"The main root verb governing the syntactic subject is ""is"".",75.169921875,66.68592834472656,86.41543579101562,True,False,False
What is the main root verb governing the syntactic subject?,The shirt washed in the hot water shrank.,Reduced Relative Clause,shrank,washed,1,shrank,"The main root verb governing the syntactic subject is ""shrank"".",11.436025619506836,61.74982833862305,72.77655792236328,0,washed,"The main root verb governing the syntactic subject is ""washed"".",13.984139442443848,48.94659423828125,75.20372009277344,1,shrank,"The main root verb governing the syntactic subject is ""shrank"".",11.436025619506836,61.74982833862305,72.77655792236328,False,True,False
What is the main root verb governing the syntactic subject?,The coat hung by the door fell.,Reduced Relative Clause,fell,hung,1,fell,"The main root verb governing the syntactic subject is ""fell"".",15.365141868591309,53.43455123901367,77.78861236572266,1,fell,"The main root verb governing the syntactic subject is ""fell"".",15.365141868591309,53.43455123901367,77.78861236572266,1,fell,"The main root verb governing the syntactic subject is ""fell"".",15.365141868591309,53.43455123901367,77.78861236572266,False,False,False
What is the main root verb governing the syntactic subject?,The glove dropped in the snow froze.,Reduced Relative Clause,froze is the target for: what is the main root verb governing the syntactic subject?,dropped,1,froze is the target for: what is the main root verb governing the syntactic subject?,froze is the main root verb governing the syntactic subject.,73.88655090332031,96.10531616210938,66.62047576904297,1,froze is the target for: what is the main root verb governing the syntactic subject?,"The main root verb governing the syntactic subject is ""froze"".",73.88655090332031,93.52853393554688,69.45317077636719,1,froze is the target for: what is the main root verb governing the syntactic subject?,"The main root verb governing the syntactic subject is ""froze"".",73.88655090332031,93.52853393554688,69.45317077636719,False,False,False
What is the main root verb governing the syntactic subject?,The sock lost in the laundry vanished.,Reduced Relative Clause,vanished,lost,1,vanished,"The main root verb governing the syntactic subject is ""vanished"".",5.379536151885986,47.96980667114258,75.95477294921875,0,lost,"The main root verb governing the syntactic subject is ""is"".",4.159523010253906,2.608259677886963,86.41543579101562,1,vanished,"The main root verb governing the syntactic subject is ""vanished"".",5.379536151885986,47.96980667114258,75.95477294921875,False,True,False
What is the main root verb governing the syntactic subject?,The scarf knitted by the grandmother unraveled.,Reduced Relative Clause,unraveled,knitted,1,unraveled,"The main root verb governing the syntactic subject is ""unraveled"".",11.423749923706056,57.96631622314453,72.57461547851562,0,knitted,"The main root verb governing the syntactic subject is ""is"".",13.522619247436523,8.05637264251709,86.41543579101562,1,unraveled,"The main root verb governing the syntactic subject is ""unraveled"".",11.423749923706056,57.96631622314453,72.57461547851562,False,True,False
What is the main root verb governing the syntactic subject?,The dress packed in the suitcase wrinkled.,Reduced Relative Clause,wrinkled,packed,1,wrinkled,"The main root verb governing the syntactic subject is ""is"".",6.058870792388916,4.288891792297363,86.41543579101562,0,packed,"The main root verb governing the syntactic subject is ""is"".",9.255322456359863,7.685250759124756,86.41543579101562,1,wrinkled,"The main root verb governing the syntactic subject is ""is"".",6.058870792388916,4.288891792297363,86.41543579101562,False,True,False
What is the main root verb governing the syntactic subject?,The thread pulled from the seam snapped.,Reduced Relative Clause,snapped,pulled,1,snapped,"The main root verb governing the syntactic subject is ""snapped"".",5.578729629516602,50.57521057128906,72.36754608154297,0,pulled,"The main root verb governing the syntactic subject is ""pulled"".",0.6963233351707458,36.21125030517578,72.07701110839844,1,snapped,"The main root verb governing the syntactic subject is ""snapped"".",5.578729629516602,50.57521057128906,72.36754608154297,False,True,False
What is the main root verb governing the syntactic subject?,The zipper forced on the jacket broke.,Reduced Relative Clause,broke,forced,1,broke,"The main root verb governing the syntactic subject is ""broke"".",8.181941986083984,44.8767204284668,76.70033264160156,0,forced,"The main root verb governing the syntactic subject is ""is"".",28.085533142089844,20.20400047302246,86.41543579101562,1,broke,"The main root verb governing the syntactic subject is ""broke"".",8.181941986083984,44.8767204284668,76.70033264160156,False,True,False
What is the main root verb governing the syntactic subject?,The button sewn onto the collar popped.,Reduced Relative Clause,popped is the target for: what is the main root verb governing the syntactic subject?,sewn,0,sewn,"The main root verb governing the syntactic subject is ""is"".",7.532350540161133,7.705950736999512,86.41543579101562,1,popped is the target for: what is the main root verb governing the syntactic subject?,popped,78.20533752441406,47.11002349853516,7.60671329498291,1,popped is the target for: what is the main root verb governing the syntactic subject?,popped,78.20533752441406,47.11002349853516,7.60671329498291,True,False,False
What is the main root verb governing the syntactic subject?,The bridge built across the gorge collapsed.,Reduced Relative Clause,collapsed,built,1,collapsed,"The main root verb governing the syntactic subject is ""is"".",18.28915786743164,15.884336471557615,86.41543579101562,0,built,"The main root verb governing the syntactic subject is ""built"".",15.813148498535156,50.27386093139648,79.28949737548828,1,collapsed,"The main root verb governing the syntactic subject is ""is"".",18.28915786743164,15.884336471557615,86.41543579101562,False,True,False
What is the main root verb governing the syntactic subject?,The tower struck by the lightning toppled.,Reduced Relative Clause,toppled,struck,1,toppled,"The main root verb governing the syntactic subject is ""toppled"".",18.05205726623535,54.95898818969727,76.90544891357422,0,struck,"The main root verb governing the syntactic subject is ""struck"".",13.584035873413086,50.297664642333984,79.59883117675781,1,toppled,"The main root verb governing the syntactic subject is ""toppled"".",18.05205726623535,54.95898818969727,76.90544891357422,False,True,False
What is the main root verb governing the syntactic subject?,The shed erected in the backyard settled.,Reduced Relative Clause,settled,erected,1,settled,"The main root verb governing the syntactic subject is ""settled"".",15.169479370117188,51.9411735534668,79.4868392944336,0,erected,"The main root verb governing the syntactic subject is ""erected"".",10.498990058898926,54.03939437866211,75.204345703125,1,settled,"The main root verb governing the syntactic subject is ""settled"".",15.169479370117188,51.9411735534668,79.4868392944336,False,True,False
What is the main root verb governing the syntactic subject?,The window smashed by the baseball shattered.,Reduced Relative Clause,shattered is the target for: what is the main root verb governing the syntactic subject?,smashed,0,smashed,"The main root verb governing the syntactic subject is ""smashed"".",13.32552433013916,54.477725982666016,72.16213989257812,1,shattered is the target for: what is the main root verb governing the syntactic subject?,"The main root verb governing the syntactic subject is ""is"".",77.6767349243164,68.4255142211914,86.41543579101562,1,shattered is the target for: what is the main root verb governing the syntactic subject?,"The main root verb governing the syntactic subject is ""is"".",77.6767349243164,68.4255142211914,86.41543579101562,True,False,False
What is the main root verb governing the syntactic subject?,The door slammed in the wind bounced.,Reduced Relative Clause,bounced,slammed,0,slammed,"The main root verb governing the syntactic subject is ""slammed"".",9.408504486083984,51.656436920166016,73.93592834472656,0,slammed,"The main root verb governing the syntactic subject is ""slammed"".",9.408504486083984,51.656436920166016,73.93592834472656,1,bounced,"The main root verb governing the syntactic subject is ""bounced"".",7.313069820404053,53.804386138916016,71.32535552978516,True,True,True
What is the main root verb governing the syntactic subject?,The tile laid in the bathroom cracked.,Reduced Relative Clause,cracked,laid,1,cracked,"The main root verb governing the syntactic subject is ""is"".",9.61790943145752,12.625276565551758,86.41543579101562,0,laid,"The main root verb governing the syntactic subject is ""laid"".",12.124247550964355,47.44102478027344,78.02430725097656,1,cracked,"The main root verb governing the syntactic subject is ""is"".",9.61790943145752,12.625276565551758,86.41543579101562,False,True,False
What is the main root verb governing the syntactic subject?,The beam stressed by the weight buckled.,Reduced Relative Clause,buckled,stressed,0,stressed,"The main root verb governing the syntactic subject is ""is"".",15.893835067749023,15.107909202575684,86.41543579101562,0,stressed,"The main root verb governing the syntactic subject is ""is"".",15.893835067749023,15.107909202575684,86.41543579101562,1,buckled,"The main root verb governing the syntactic subject is ""is"".",18.47410774230957,11.85118579864502,86.41543579101562,True,True,True
What is the main root verb governing the syntactic subject?,The gate swung into the post latched.,Reduced Relative Clause,latched,swung,1,latched,"The main root verb governing the syntactic subject is ""is"".",15.500333786010742,10.665143966674805,86.41543579101562,0,swung,"The main root verb governing the syntactic subject is ""swung"".",15.191984176635742,64.07902526855469,70.8246841430664,1,latched,"The main root verb governing the syntactic subject is ""is"".",15.500333786010742,10.665143966674805,86.41543579101562,False,True,False
What is the main root verb governing the syntactic subject?,The steps cut into the hill eroded.,Reduced Relative Clause,eroded is the target for: what is the main root verb governing the syntactic subject?,cut,0,cut,"The main root verb governing the syntactic subject is ""is"".",13.03593921661377,10.532612800598145,86.41543579101562,1,eroded is the target for: what is the main root verb governing the syntactic subject?,"The main root verb governing the syntactic subject is ""is"".",74.60675048828125,64.02609252929688,86.41543579101562,1,eroded is the target for: what is the main root verb governing the syntactic subject?,"The main root verb governing the syntactic subject is ""is"".",74.60675048828125,64.02609252929688,86.41543579101562,True,False,False
What is the main root verb governing the syntactic subject?,The letter mailed without the stamp returned.,Reduced Relative Clause,returned,mailed,0,mailed,"The main root verb governing the syntactic subject is ""mailed"".",3.746638774871826,37.629581451416016,70.95022583007812,1,returned,"The main root verb governing the syntactic subject is ""returned"".",0.0,29.65848731994629,76.5380630493164,1,returned,"The main root verb governing the syntactic subject is ""returned"".",0.0,29.65848731994629,76.5380630493164,True,False,False
What is the main root verb governing the syntactic subject?,The check deposited in the bank cleared.,Reduced Relative Clause,cleared,deposited,0,deposited,"The main root verb governing the syntactic subject is ""deposited"".",0.0,34.82645797729492,68.61997985839844,1,cleared,"The main root verb governing the syntactic subject is ""cleared"".",8.843385696411133,47.930641174316406,75.89970397949219,1,cleared,"The main root verb governing the syntactic subject is ""cleared"".",8.843385696411133,47.930641174316406,75.89970397949219,True,False,False
What is the main root verb governing the syntactic subject?,The map drawn on the parchment faded.,Reduced Relative Clause,faded,drawn,1,faded,"The main root verb governing the syntactic subject is ""is"".",3.246487617492676,4.444180488586426,86.41543579101562,0,drawn,"The main root verb governing the syntactic subject is ""drawn"".",4.864916324615479,45.92344284057617,77.5102767944336,1,faded,"The main root verb governing the syntactic subject is ""is"".",3.246487617492676,4.444180488586426,86.41543579101562,False,True,False
What is the main root verb governing the syntactic subject?,The picture hung on the wall tilted.,Reduced Relative Clause,tilted,hung,1,tilted,"The main root verb governing the syntactic subject is ""is"".",14.016860961914062,11.537686347961426,86.41543579101562,0,hung,"The main root verb governing the syntactic subject is ""is"".",1.5710129737854004,0.922915518283844,86.41543579101562,1,tilted,"The main root verb governing the syntactic subject is ""is"".",14.016860961914062,11.537686347961426,86.41543579101562,False,True,False
What is the main root verb governing the syntactic subject?,The law passed by the council stood.,Reduced Relative Clause,stood,passed,1,stood,"The main root verb governing the syntactic subject is ""stood"".",10.288788795471191,51.00551223754883,78.04592895507812,1,stood,"The main root verb governing the syntactic subject is ""stood"".",10.288788795471191,51.00551223754883,78.04592895507812,1,stood,"The main root verb governing the syntactic subject is ""stood"".",10.288788795471191,51.00551223754883,78.04592895507812,False,False,False
What is the main root verb governing the syntactic subject?,The memory repressed since the childhood surfaced.,Reduced Relative Clause,surfaced,repressed,0,repressed,"The main root verb governing the syntactic subject is ""is"".",11.704347610473633,6.906315803527832,86.41543579101562,0,repressed,"The main root verb governing the syntactic subject is ""is"".",11.704347610473633,6.906315803527832,86.41543579101562,1,surfaced,"The main root verb governing the syntactic subject is ""surfaced"".",13.004183769226074,50.20673370361328,80.75635528564453,True,True,True
What is the main root verb governing the syntactic subject?,The rumor whispered in the hall spread.,Reduced Relative Clause,spread is the target for: what is the main root verb governing the syntactic subject?,whispered,1,spread is the target for: what is the main root verb governing the syntactic subject?,"The main root verb governing the syntactic subject is ""spread"".",76.89793395996094,93.86289978027344,80.40874481201172,1,spread is the target for: what is the main root verb governing the syntactic subject?,"The main root verb governing the syntactic subject is ""spread"".",76.89793395996094,93.86289978027344,80.40874481201172,1,spread is the target for: what is the main root verb governing the syntactic subject?,"The main root verb governing the syntactic subject is ""spread"".",76.89793395996094,93.86289978027344,80.40874481201172,False,False,False
What is the main root verb governing the syntactic subject?,The truth hidden from the public emerged.,Reduced Relative Clause,emerged,hidden,1,emerged,"The main root verb governing the syntactic subject is ""emerged"".",12.561970710754396,50.543724060058594,81.08094024658203,0,hidden,"The main root verb governing the syntactic subject is ""is"".",11.622291564941406,8.317997932434082,86.41543579101562,1,emerged,"The main root verb governing the syntactic subject is ""emerged"".",12.561970710754396,50.543724060058594,81.08094024658203,False,True,False
What is the main root verb governing the syntactic subject?,The lie repeated on the television stuck.,Reduced Relative Clause,stuck,repeated,1,stuck,"The main root verb governing the syntactic subject is ""stuck"".",9.271297454833984,40.85579681396485,74.86515045166016,0,repeated,"The main root verb governing the syntactic subject is ""is"".",3.290013313293457,3.846450805664064,86.41543579101562,1,stuck,"The main root verb governing the syntactic subject is ""stuck"".",9.271297454833984,40.85579681396485,74.86515045166016,False,True,False
What is the main root verb governing the syntactic subject?,The bottle thrown into the ocean drifted.,Reduced Relative Clause,drifted,thrown,1,drifted,"The main root verb governing the syntactic subject is ""drifted"".",6.93812370300293,51.79093933105469,77.62680053710938,0,thrown,"The main root verb governing the syntactic subject is ""thrown"".",24.88924026489257,57.16120529174805,80.91907501220703,1,drifted,"The main root verb governing the syntactic subject is ""drifted"".",6.93812370300293,51.79093933105469,77.62680053710938,False,True,False
What is the main root verb governing the syntactic subject?,The key hidden under the mat disappeared.,Reduced Relative Clause,disappeared,hidden,1,disappeared,"The main root verb governing the syntactic subject is ""disappeared"".",2.9756319522857666,41.51216125488281,79.43701934814453,0,hidden,"The main root verb governing the syntactic subject is ""is"".",11.622291564941406,8.317997932434082,86.41543579101562,1,disappeared,"The main root verb governing the syntactic subject is ""disappeared"".",2.9756319522857666,41.51216125488281,79.43701934814453,False,True,False
What is the main root verb governing the syntactic subject?,The lock forced with the crowbar snapped.,Reduced Relative Clause,snapped,forced,1,snapped,"The main root verb governing the syntactic subject is ""snapped"".",5.578729629516602,50.57521057128906,72.36754608154297,0,forced,"The main root verb governing the syntactic subject is ""is"".",28.085533142089844,20.20400047302246,86.41543579101562,1,snapped,"The main root verb governing the syntactic subject is ""snapped"".",5.578729629516602,50.57521057128906,72.36754608154297,False,True,False
What is the main root verb governing the syntactic subject?,The shield bashed by the club splintered.,Reduced Relative Clause,splintered,bashed,1,splintered,"The main root verb governing the syntactic subject is ""is"".",17.440216064453125,14.210319519042969,86.41543579101562,0,bashed,"The main root verb governing the syntactic subject is ""bashed"".",19.26524353027344,57.71827697753906,76.05488586425781,1,splintered,"The main root verb governing the syntactic subject is ""is"".",17.440216064453125,14.210319519042969,86.41543579101562,False,True,False
What is the main root verb governing the syntactic subject?,The helmet dropped on the stones cracked.,Reduced Relative Clause,cracked,dropped,0,dropped,"The main root verb governing the syntactic subject is ""dropped"".",2.930481433868408,39.63425827026367,80.20401000976562,0,dropped,"The main root verb governing the syntactic subject is ""dropped"".",2.930481433868408,39.63425827026367,80.20401000976562,1,cracked,"The main root verb governing the syntactic subject is ""is"".",9.61790943145752,12.625276565551758,86.41543579101562,True,True,True
What is the main root verb governing the syntactic subject?,The drum beaten by the musician boomed.,Reduced Relative Clause,boomed,beaten,1,boomed,"The main root verb governing the syntactic subject is ""boomed"".",2.6865153312683105,56.22055435180664,66.91238403320312,0,beaten,"The main root verb governing the syntactic subject is ""beaten"".",14.110013961791992,53.6122932434082,75.92626190185547,1,boomed,"The main root verb governing the syntactic subject is ""boomed"".",2.6865153312683105,56.22055435180664,66.91238403320312,False,True,False
What is the main root verb governing the syntactic subject?,The string plucked on the guitar hummed.,Reduced Relative Clause,hummed is the target for: what is the main root verb governing the syntactic subject?,plucked,0,plucked,"The main root verb governing the syntactic subject is ""plucked"".",19.227802276611328,60.107566833496094,75.84703826904297,1,hummed is the target for: what is the main root verb governing the syntactic subject?,hummed is the main root verb governing the syntactic subject.,73.43934631347656,96.91759490966795,69.35079956054688,1,hummed is the target for: what is the main root verb governing the syntactic subject?,"The main root verb governing the syntactic subject is ""hummed"".",73.43934631347656,94.8414306640625,70.1833724975586,True,False,False
What is the main root verb governing the syntactic subject?,The flute played in the garden trilled.,Reduced Relative Clause,trilled,played,1,trilled,"The main root verb governing the syntactic subject is ""trilled"".",12.83253574371338,57.70022201538086,78.31231689453125,0,played,"The main root verb governing the syntactic subject is ""played"".",4.803822040557861,33.656227111816406,77.09136962890625,1,trilled,"The main root verb governing the syntactic subject is ""trilled"".",12.83253574371338,57.70022201538086,78.31231689453125,False,True,False
What is the main root verb governing the syntactic subject?,The bell rung in the tower chimed.,Reduced Relative Clause,chimed,rung,1,chimed,"The main root verb governing the syntactic subject is ""chimed"".",4.382205009460449,45.44178771972656,74.28533172607422,1,chimed,"The main root verb governing the syntactic subject is ""chimed"".",4.382205009460449,45.44178771972656,74.28533172607422,1,chimed,"The main root verb governing the syntactic subject is ""chimed"".",4.382205009460449,45.44178771972656,74.28533172607422,False,False,False
What is the main root verb governing the syntactic subject?,The whistle blown in the stadium shrilled.,Reduced Relative Clause,shrilled is the target for: what is the main root verb governing the syntactic subject?,blown,1,shrilled is the target for: what is the main root verb governing the syntactic subject?,"The main root verb governing the syntactic subject is ""shrilled"".",75.94276428222656,94.8140106201172,73.65381622314453,1,shrilled is the target for: what is the main root verb governing the syntactic subject?,"According to the context, shrilled is the main root verb governing the syntactic subject.",75.94276428222656,93.9367218017578,63.99651718139648,1,shrilled is the target for: what is the main root verb governing the syntactic subject?,"According to the context, shrilled is the main root verb governing the syntactic subject.",75.94276428222656,93.9367218017578,63.99651718139648,False,False,False
What is the main root verb governing the syntactic subject?,The horn sounded in the fog blared.,Reduced Relative Clause,blared,sounded,1,blared,"The main root verb governing the syntactic subject is ""blared"".",14.106270790100098,52.79352569580078,77.68864440917969,0,sounded,"The main root verb governing the syntactic subject is ""sounded"".",8.869990348815918,40.24782180786133,79.00602722167969,1,blared,"The main root verb governing the syntactic subject is ""blared"".",14.106270790100098,52.79352569580078,77.68864440917969,False,True,False
What is the main root verb governing the syntactic subject?,The microphone dropped on the stage squealed.,Reduced Relative Clause,squealed,dropped,0,dropped,"The main root verb governing the syntactic subject is ""dropped"".",2.930481433868408,39.63425827026367,80.20401000976562,1,squealed,"The main root verb governing the syntactic subject is ""squealed"".",12.210847854614258,59.46200942993164,69.43643188476562,1,squealed,"The main root verb governing the syntactic subject is ""squealed"".",12.210847854614258,59.46200942993164,69.43643188476562,True,False,False
What is the main root verb governing the syntactic subject?,The camera focused on the subject clicked.,Reduced Relative Clause,clicked is the target for: what is the main root verb governing the syntactic subject?,focused,1,clicked is the target for: what is the main root verb governing the syntactic subject?,clicked is the main root verb governing the syntactic subject.,78.06001281738281,94.31753540039062,66.4037857055664,1,clicked is the target for: what is the main root verb governing the syntactic subject?,clicked is the main root verb governing the syntactic subject.,78.06001281738281,94.31753540039062,66.4037857055664,1,clicked is the target for: what is the main root verb governing the syntactic subject?,clicked is the main root verb governing the syntactic subject.,78.06001281738281,94.31753540039062,66.4037857055664,False,False,False
What is the main root verb governing the syntactic subject?,The lens scratched by the sand blurred.,Reduced Relative Clause,blurred,scratched,0,scratched,"The main root verb governing the syntactic subject is ""is"".",0.0,0.0,86.41543579101562,1,blurred,"The main root verb governing the syntactic subject is ""is"".",4.015512466430664,3.097718954086304,86.41543579101562,1,blurred,"The main root verb governing the syntactic subject is ""is"".",4.015512466430664,3.097718954086304,86.41543579101562,True,False,False
What is the main root verb governing the syntactic subject?,The film exposed to the light fogged.,Reduced Relative Clause,fogged,exposed,1,fogged,"The main root verb governing the syntactic subject is ""is"".",4.065120220184326,3.847647428512573,86.41543579101562,0,exposed,"The main root verb governing the syntactic subject is ""is"".",6.585107803344727,4.571685791015625,86.41543579101562,1,fogged,"The main root verb governing the syntactic subject is ""is"".",4.065120220184326,3.847647428512573,86.41543579101562,False,True,False
What is the main root verb governing the syntactic subject?,The canvas stretched over the frame tore.,Reduced Relative Clause,tore is the target for: what is the main root verb governing the syntactic subject?,stretched,1,tore is the target for: what is the main root verb governing the syntactic subject?,tore is the main root verb governing the syntactic subject.,78.10914611816406,95.01701354980467,69.26942443847656,1,tore is the target for: what is the main root verb governing the syntactic subject?,tore is the main root verb governing the syntactic subject.,78.10914611816406,95.01701354980467,69.26942443847656,1,tore is the target for: what is the main root verb governing the syntactic subject?,tore is the main root verb governing the syntactic subject.,78.10914611816406,95.01701354980467,69.26942443847656,False,False,False
What is the main root verb governing the syntactic subject?,The brush dipped in the paint dripped.,Reduced Relative Clause,dripped,dipped,0,dipped,"The main root verb governing the syntactic subject is ""is"".",4.188669681549072,2.0912914276123047,86.41543579101562,1,dripped,"The main root verb governing the syntactic subject is ""dripped"".",9.809011459350586,60.36888885498047,70.54179382324219,0,dipped,"The main root verb governing the syntactic subject is ""is"".",4.188669681549072,2.0912914276123047,86.41543579101562,False,False,False
What is the main root verb governing the syntactic subject?,The clay molded on the wheel spun.,Reduced Relative Clause,spun,molded,1,spun,"The main root verb governing the syntactic subject is ""spun"".",19.629297256469727,57.969974517822266,81.08151245117188,1,spun,"The main root verb governing the syntactic subject is ""spun"".",19.629297256469727,57.969974517822266,81.08151245117188,1,spun,"The main root verb governing the syntactic subject is ""spun"".",19.629297256469727,57.969974517822266,81.08151245117188,False,False,False
What is the main root verb governing the syntactic subject?,The statue carved from the stone weathered.,Reduced Relative Clause,weathered is the target for: what is the main root verb governing the syntactic subject?,carved,0,carved,"The main root verb governing the syntactic subject is ""carved"".",15.04664707183838,50.630821228027344,80.10537719726562,1,weathered is the target for: what is the main root verb governing the syntactic subject?,"The main root verb governing the syntactic subject is ""is"".",73.29710388183594,63.84429931640625,86.41543579101562,1,weathered is the target for: what is the main root verb governing the syntactic subject?,"The main root verb governing the syntactic subject is ""is"".",73.29710388183594,63.84429931640625,86.41543579101562,True,False,False
What is the main root verb governing the syntactic subject?,The pot fired in the kiln cracked.,Reduced Relative Clause,cracked,fired,0,fired,"The main root verb governing the syntactic subject is ""fired"".",8.882694244384766,46.498722076416016,75.8188247680664,0,fired,"The main root verb governing the syntactic subject is ""fired"".",8.882694244384766,46.498722076416016,75.8188247680664,1,cracked,"The main root verb governing the syntactic subject is ""is"".",9.61790943145752,12.625276565551758,86.41543579101562,True,True,True
What is the main root verb governing the syntactic subject?,The gem cut by the jeweler sparkled.,Reduced Relative Clause,sparkled,cut,1,sparkled,"The main root verb governing the syntactic subject is ""sparkled"".",13.31605052947998,55.271575927734375,74.19358825683594,0,cut,"The main root verb governing the syntactic subject is ""is"".",13.03593921661377,10.532612800598145,86.41543579101562,1,sparkled,"The main root verb governing the syntactic subject is ""sparkled"".",13.31605052947998,55.271575927734375,74.19358825683594,False,True,False
What is the main root verb governing the syntactic subject?,The diamond stolen from the vault vanished.,Reduced Relative Clause,vanished is the target for: what is the main root verb governing the syntactic subject?,stolen,1,vanished is the target for: what is the main root verb governing the syntactic subject?,"The main root verb governing the syntactic subject is ""vanished"".",72.59701538085938,94.44645690917967,75.95477294921875,1,vanished is the target for: what is the main root verb governing the syntactic subject?,"The main root verb governing the syntactic subject is ""vanished"".",72.59701538085938,94.44645690917967,75.95477294921875,1,vanished is the target for: what is the main root verb governing the syntactic subject?,"The main root verb governing the syntactic subject is ""vanished"".",72.59701538085938,94.44645690917967,75.95477294921875,False,False,False
What is the main root verb governing the syntactic subject?,The gold buried in the chest remained.,Reduced Relative Clause,remained,buried,1,remained,"The main root verb governing the syntactic subject is ""remained"".",2.237382411956787,46.22552490234375,75.5284652709961,1,remained,"The main root verb governing the syntactic subject is ""remained"".",2.237382411956787,46.22552490234375,75.5284652709961,1,remained,"The main root verb governing the syntactic subject is ""remained"".",2.237382411956787,46.22552490234375,75.5284652709961,False,False,False
What is the main root verb governing the syntactic subject?,The treasure sunk with the ship rested.,Reduced Relative Clause,rested,sunk,1,rested,"The main root verb governing the syntactic subject is ""is"".",9.412214279174805,7.554671764373779,86.41543579101562,1,rested,"The main root verb governing the syntactic subject is ""is"".",9.412214279174805,7.554671764373779,86.41543579101562,1,rested,"The main root verb governing the syntactic subject is ""is"".",9.412214279174805,7.554671764373779,86.41543579101562,False,False,False
What is the main root verb governing the syntactic subject?,The medal awarded to the hero tarnished.,Reduced Relative Clause,tarnished is the target for: what is the main root verb governing the syntactic subject?,awarded,1,tarnished is the target for: what is the main root verb governing the syntactic subject?,"The main root verb governing the syntactic subject is ""is"".",61.35015487670898,53.47940826416016,86.41543579101562,1,tarnished is the target for: what is the main root verb governing the syntactic subject?,"The main root verb governing the syntactic subject is ""is"".",61.35015487670898,53.47940826416016,86.41543579101562,1,tarnished is the target for: what is the main root verb governing the syntactic subject?,"The main root verb governing the syntactic subject is ""is"".",61.35015487670898,53.47940826416016,86.41543579101562,False,False,False
What is the main root verb governing the syntactic subject?,The flag hoisted up the pole fluttered.,Reduced Relative Clause,fluttered,hoisted,1,fluttered,"The main root verb governing the syntactic subject is ""fluttered"".",17.49653434753418,64.11669921875,74.21778106689453,1,fluttered,"The main root verb governing the syntactic subject is ""fluttered"".",17.49653434753418,64.11669921875,74.21778106689453,1,fluttered,"The main root verb governing the syntactic subject is ""fluttered"".",17.49653434753418,64.11669921875,74.21778106689453,False,False,False
What is the main root verb governing the syntactic subject?,The banner strung across the street tore.,Reduced Relative Clause,tore,strung,1,tore,"The main root verb governing the syntactic subject is ""tore"".",2.109071493148804,45.46827697753906,75.45838928222656,0,strung,"The main root verb governing the syntactic subject is ""strung"".",21.354930877685547,60.22156524658203,80.8586196899414,1,tore,"The main root verb governing the syntactic subject is ""tore"".",2.109071493148804,45.46827697753906,75.45838928222656,False,True,False
What is the main root verb governing the syntactic subject?,The tent pitched in the field collapsed.,Reduced Relative Clause,collapsed is the target for: what is the main root verb governing the syntactic subject?,pitched,1,collapsed is the target for: what is the main root verb governing the syntactic subject?,"The main root verb governing the syntactic subject is ""is"".",78.54022979736328,69.45568084716797,86.41543579101562,1,collapsed is the target for: what is the main root verb governing the syntactic subject?,The main root verb governing the syntactic subject is collapsed.,78.54022979736328,91.78522491455078,87.1644515991211,1,collapsed is the target for: what is the main root verb governing the syntactic subject?,The main root verb governing the syntactic subject is collapsed.,78.54022979736328,91.78522491455078,87.1644515991211,False,False,False
What is the main root verb governing the syntactic subject?,The campfire built in the woods smoked.,Reduced Relative Clause,smoked,built,1,smoked,"The main root verb governing the syntactic subject is ""is"".",6.15984582901001,4.547736167907715,86.41543579101562,0,built,"The main root verb governing the syntactic subject is ""built"".",15.813148498535156,50.27386093139648,79.28949737548828,0,built,"The main root verb governing the syntactic subject is ""built"".",15.813148498535156,50.27386093139648,79.28949737548828,False,False,False
What is the main root verb governing the syntactic subject?,The match struck in the dark flared.,Reduced Relative Clause,flared,struck,1,flared,"The main root verb governing the syntactic subject is ""is"".",10.469555854797363,3.239474058151245,86.41543579101562,0,struck,"The main root verb governing the syntactic subject is ""struck"".",13.584035873413086,50.297664642333984,79.59883117675781,1,flared,"The main root verb governing the syntactic subject is ""is"".",10.469555854797363,3.239474058151245,86.41543579101562,False,True,False
What is the main root verb governing the syntactic subject?,The candle lit on the table flickered.,Reduced Relative Clause,flickered is the target for: what is the main root verb governing the syntactic subject?,lit,1,flickered is the target for: what is the main root verb governing the syntactic subject?,"The main root verb governing the syntactic subject is ""flickered"".",72.10334014892578,92.16768646240234,69.9205551147461,1,flickered is the target for: what is the main root verb governing the syntactic subject?,"The main root verb governing the syntactic subject is ""flickered"".",72.10334014892578,92.16768646240234,69.9205551147461,1,flickered is the target for: what is the main root verb governing the syntactic subject?,"The main root verb governing the syntactic subject is ""flickered"".",72.10334014892578,92.16768646240234,69.9205551147461,False,False,False
What is the main root verb governing the syntactic subject?,The torch carried in the cave burned.,Reduced Relative Clause,burned,carried,1,burned,"The main root verb governing the syntactic subject is ""is"".",8.620298385620117,9.754267692565918,86.41543579101562,0,carried,"The main root verb governing the syntactic subject is ""carried"".",11.753437042236328,44.54973983764648,81.16791534423828,1,burned,"The main root verb governing the syntactic subject is ""is"".",8.620298385620117,9.754267692565918,86.41543579101562,False,True,False
What is the main root verb governing the syntactic subject?,The lantern hung from the beam swung.,Reduced Relative Clause,swung,hung,1,swung,"The main root verb governing the syntactic subject is ""swung"".",15.191984176635742,64.07902526855469,70.8246841430664,0,hung,"The main root verb governing the syntactic subject is ""is"".",1.5710129737854004,0.922915518283844,86.41543579101562,1,swung,"The main root verb governing the syntactic subject is ""swung"".",15.191984176635742,64.07902526855469,70.8246841430664,False,True,False
What is the main root verb governing the syntactic subject?,The bulb screwed into the socket shattered.,Reduced Relative Clause,shattered is the target for: what is the main root verb governing the syntactic subject?,screwed,0,screwed,"The main root verb governing the syntactic subject is ""screwed"".",0.0,26.43791961669922,71.31582641601562,1,shattered is the target for: what is the main root verb governing the syntactic subject?,"The main root verb governing the syntactic subject is ""is"".",77.6767349243164,68.4255142211914,86.41543579101562,1,shattered is the target for: what is the main root verb governing the syntactic subject?,"The main root verb governing the syntactic subject is ""is"".",77.6767349243164,68.4255142211914,86.41543579101562,True,False,False
What is the main root verb governing the syntactic subject?,The mirror wiped with the cloth squeaked.,Reduced Relative Clause,squeaked,wiped,1,squeaked,"The main root verb governing the syntactic subject is ""squeaked"".",11.459912300109863,58.04409790039063,67.76085662841797,1,squeaked,"The main root verb governing the syntactic subject is ""squeaked"".",11.459912300109863,58.04409790039063,67.76085662841797,1,squeaked,"The main root verb governing the syntactic subject is ""squeaked"".",11.459912300109863,58.04409790039063,67.76085662841797,False,False,False
What is the main root verb governing the syntactic subject?,The glass filled with the water tipped.,Reduced Relative Clause,tipped,filled,1,tipped,"The main root verb governing the syntactic subject is ""is"".",0.0,0.0,86.41543579101562,0,filled,"The main root verb governing the syntactic subject is ""is"".",5.054566383361816,5.9648637771606445,86.41543579101562,1,tipped,"The main root verb governing the syntactic subject is ""is"".",0.0,0.0,86.41543579101562,False,True,False
What is the main root verb governing the syntactic subject?,The plate dropped on the tile smashed.,Reduced Relative Clause,smashed is the target for: what is the main root verb governing the syntactic subject?,dropped,1,smashed is the target for: what is the main root verb governing the syntactic subject?,"The main root verb governing the syntactic subject is ""smashed"".",73.40216064453125,93.76044464111328,72.16213989257812,1,smashed is the target for: what is the main root verb governing the syntactic subject?,"The main root verb governing the syntactic subject is ""smashed"".",73.40216064453125,93.76044464111328,72.16213989257812,1,smashed is the target for: what is the main root verb governing the syntactic subject?,"The main root verb governing the syntactic subject is ""smashed"".",73.40216064453125,93.76044464111328,72.16213989257812,False,False,False
What is the main root verb governing the syntactic subject?,The bowl placed on the edge fell.,Reduced Relative Clause,fell,placed,1,fell,"The main root verb governing the syntactic subject is ""fell"".",15.365141868591309,53.43455123901367,77.78861236572266,1,fell,"The main root verb governing the syntactic subject is ""fell"".",15.365141868591309,53.43455123901367,77.78861236572266,1,fell,"The main root verb governing the syntactic subject is ""fell"".",15.365141868591309,53.43455123901367,77.78861236572266,False,False,False
What is the main root verb governing the syntactic subject?,The fork left in the disposal jammed.,Reduced Relative Clause,jammed,left,1,jammed,"The main root verb governing the syntactic subject is ""is"".",9.656986236572266,6.968350887298584,86.41543579101562,1,jammed,"The main root verb governing the syntactic subject is ""is"".",9.656986236572266,6.968350887298584,86.41543579101562,1,jammed,"The main root verb governing the syntactic subject is ""is"".",9.656986236572266,6.968350887298584,86.41543579101562,False,False,False
What is the main root verb governing the syntactic subject?,The spoon bent in the ice cream snapped.,Reduced Relative Clause,snapped is the target for: what is the main root verb governing the syntactic subject?,bent,0,bent,"The main root verb governing the syntactic subject is ""is"".",18.073883056640625,14.22290325164795,86.41543579101562,1,snapped is the target for: what is the main root verb governing the syntactic subject?,"The main root verb governing the syntactic subject is ""snapped"".",72.33061218261719,94.3295440673828,72.36754608154297,1,snapped is the target for: what is the main root verb governing the syntactic subject?,"The main root verb governing the syntactic subject is ""snapped"".",72.33061218261719,94.3295440673828,72.36754608154297,True,False,False
What is the main root verb governing the syntactic subject?,The knife dropped on the foot pierced.,Reduced Relative Clause,pierced,dropped,0,dropped,"The main root verb governing the syntactic subject is ""dropped"".",2.930481433868408,39.63425827026367,80.20401000976562,0,dropped,"The main root verb governing the syntactic subject is ""dropped"".",2.930481433868408,39.63425827026367,80.20401000976562,1,pierced,"The main root verb governing the syntactic subject is ""is"".",5.816235065460205,1.56747305393219,86.41543579101562,True,True,True
What is the main root verb governing the syntactic subject?,The trap set in the woods snapped.,Reduced Relative Clause,snapped,set,1,snapped,"The main root verb governing the syntactic subject is ""snapped"".",5.578729629516602,50.57521057128906,72.36754608154297,0,set,"The main root verb governing the syntactic subject is ""is"".",0.0,0.0,86.41543579101562,1,snapped,"The main root verb governing the syntactic subject is ""snapped"".",5.578729629516602,50.57521057128906,72.36754608154297,False,True,False
What is the main root verb governing the syntactic subject?,The net cast into the sea tangled.,Reduced Relative Clause,tangled is the target for: what is the main root verb governing the syntactic subject?,cast,1,tangled is the target for: what is the main root verb governing the syntactic subject?,"The main root verb governing the syntactic subject is ""is"".",77.89169311523438,66.58096313476562,86.41543579101562,1,tangled is the target for: what is the main root verb governing the syntactic subject?,"The main root verb governing the syntactic subject is ""is"".",77.89169311523438,66.58096313476562,86.41543579101562,1,tangled is the target for: what is the main root verb governing the syntactic subject?,"The main root verb governing the syntactic subject is ""is"".",77.89169311523438,66.58096313476562,86.41543579101562,False,False,False
What is the main root verb governing the syntactic subject?,The line snagged on the log snapped.,Reduced Relative Clause,snapped,snagged,1,snapped,"The main root verb governing the syntactic subject is ""snapped"".",5.578729629516602,50.57521057128906,72.36754608154297,1,snapped,"The main root verb governing the syntactic subject is ""snapped"".",5.578729629516602,50.57521057128906,72.36754608154297,1,snapped,"The main root verb governing the syntactic subject is ""snapped"".",5.578729629516602,50.57521057128906,72.36754608154297,False,False,False
What is the main root verb governing the syntactic subject?,The hook baited with the worm dangled.,Reduced Relative Clause,dangled,baited,1,dangled,"The main root verb governing the syntactic subject is ""dangled"".",8.158780097961426,55.701290130615234,72.35370635986328,0,baited,"The main root verb governing the syntactic subject is ""baited"".",5.9012861251831055,54.478816986083984,71.326416015625,1,dangled,"The main root verb governing the syntactic subject is ""dangled"".",8.158780097961426,55.701290130615234,72.35370635986328,False,True,False
What is the main root verb governing the syntactic subject?,The bait taken by the fish disappeared.,Reduced Relative Clause,disappeared is the target for: what is the main root verb governing the syntactic subject?,taken,1,disappeared is the target for: what is the main root verb governing the syntactic subject?,"The main root verb governing the syntactic subject is ""disappeared"".",74.58336639404297,93.86135864257812,79.43701934814453,1,disappeared is the target for: what is the main root verb governing the syntactic subject?,"The main root verb governing the syntactic subject is ""disappeared"".",74.58336639404297,93.86135864257812,79.43701934814453,1,disappeared is the target for: what is the main root verb governing the syntactic subject?,"The main root verb governing the syntactic subject is ""disappeared"".",74.58336639404297,93.86135864257812,79.43701934814453,False,False,False
What is the main root verb governing the syntactic subject?,The bobber pulled under the water surfaced.,Reduced Relative Clause,surfaced,pulled,1,surfaced,"The main root verb governing the syntactic subject is ""is"".",13.004183769226074,9.62913417816162,86.41543579101562,0,pulled,"The main root verb governing the syntactic subject is ""pulled"".",0.6963233351707458,36.21125030517578,72.07701110839844,1,surfaced,"The main root verb governing the syntactic subject is ""is"".",13.004183769226074,9.62913417816162,86.41543579101562,False,True,False
What is the main root verb governing the syntactic subject?,The anchor dropped in the bay dragged.,Reduced Relative Clause,dragged,dropped,0,dropped,"The main root verb governing the syntactic subject is ""dropped"".",2.930481433868408,39.63425827026367,80.20401000976562,1,dragged,"The main root verb governing the syntactic subject is ""dragged"".",4.5498223304748535,56.527320861816406,71.91120147705078,1,dragged,"The main root verb governing the syntactic subject is ""dragged"".",4.5498223304748535,56.527320861816406,71.91120147705078,True,False,False
What is the main root verb governing the syntactic subject?,The sail caught in the wind billowed.,Reduced Relative Clause,billowed is the target for: what is the main root verb governing the syntactic subject?,caught,1,billowed is the target for: what is the main root verb governing the syntactic subject?,"The main root verb governing the syntactic subject is ""billowed"".",80.76300811767578,93.94707489013672,81.10176849365234,1,billowed is the target for: what is the main root verb governing the syntactic subject?,"The main root verb governing the syntactic subject is ""billowed"".",80.76300811767578,93.94707489013672,81.10176849365234,1,billowed is the target for: what is the main root verb governing the syntactic subject?,"The main root verb governing the syntactic subject is ""billowed"".",80.76300811767578,93.94707489013672,81.10176849365234,False,False,False
What is the main root verb governing the syntactic subject?,The mast struck by the squall cracked.,Reduced Relative Clause,cracked,struck,1,cracked,"The main root verb governing the syntactic subject is ""is"".",9.61790943145752,12.625276565551758,86.41543579101562,0,struck,"The main root verb governing the syntactic subject is ""struck"".",13.584035873413086,50.297664642333984,79.59883117675781,1,cracked,"The main root verb governing the syntactic subject is ""is"".",9.61790943145752,12.625276565551758,86.41543579101562,False,True,False
What is the main root verb governing the syntactic subject?,The rudder turned to the left jammed.,Reduced Relative Clause,jammed,turned,1,jammed,"The main root verb governing the syntactic subject is ""is"".",9.656986236572266,6.968350887298584,86.41543579101562,0,turned,"The main root verb governing the syntactic subject is ""turned"".",17.25767707824707,53.03318405151367,75.7343521118164,1,jammed,"The main root verb governing the syntactic subject is ""is"".",9.656986236572266,6.968350887298584,86.41543579101562,False,True,False
What is the main root verb governing the syntactic subject?,The compass held in the hand spun.,Reduced Relative Clause,spun is the target for: what is the main root verb governing the syntactic subject?,held,1,spun is the target for: what is the main root verb governing the syntactic subject?,"The main root verb governing the syntactic subject is ""is"".",83.07038879394531,72.54495239257812,86.41543579101562,1,spun is the target for: what is the main root verb governing the syntactic subject?,"The main root verb governing the syntactic subject is ""spun"".",83.07038879394531,93.5472640991211,81.08151245117188,1,spun is the target for: what is the main root verb governing the syntactic subject?,"The main root verb governing the syntactic subject is ""spun"".",83.07038879394531,93.5472640991211,81.08151245117188,False,False,False
What is the main root verb governing the syntactic subject?,The map folded in the pocket crumpled.,Reduced Relative Clause,crumpled,folded,1,crumpled,"The main root verb governing the syntactic subject is ""is"".",9.167912483215332,8.701114654541016,86.41543579101562,0,folded,"The main root verb governing the syntactic subject is ""is"".",17.261322021484375,15.350985527038574,86.41543579101562,1,crumpled,"The main root verb governing the syntactic subject is ""is"".",9.167912483215332,8.701114654541016,86.41543579101562,False,True,False
What is the main root verb governing the syntactic subject?,The clock wound in the morning ticked.,Reduced Relative Clause,ticked,wound,1,ticked,"The main root verb governing the syntactic subject is ""ticked"".",7.118660926818848,48.860618591308594,72.70098876953125,0,wound,"The main root verb governing the syntactic subject is ""is"".",13.941844940185549,10.51234531402588,86.41543579101562,1,ticked,"The main root verb governing the syntactic subject is ""ticked"".",7.118660926818848,48.860618591308594,72.70098876953125,False,True,False
What is the main root verb governing the syntactic subject?,The watch dropped on the concrete stopped.,Reduced Relative Clause,stopped is the target for: what is the main root verb governing the syntactic subject?,dropped,0,dropped,"The main root verb governing the syntactic subject is ""dropped"".",2.930481433868408,39.63425827026367,80.20401000976562,1,stopped is the target for: what is the main root verb governing the syntactic subject?,stopped is the main root verb governing the syntactic subject.,76.1685562133789,93.3079833984375,66.40623474121094,1,stopped is the target for: what is the main root verb governing the syntactic subject?,stopped is the main root verb governing the syntactic subject.,76.1685562133789,93.3079833984375,66.40623474121094,True,False,False
What is the main root verb governing the syntactic subject?,The pendulum swung in the case clicked.,Reduced Relative Clause,clicked,swung,1,clicked,"The main root verb governing the syntactic subject is ""clicked"".",6.398776054382324,40.42913436889648,76.97783660888672,0,swung,"The main root verb governing the syntactic subject is ""swung"".",15.191984176635742,64.07902526855469,70.8246841430664,1,clicked,"The main root verb governing the syntactic subject is ""clicked"".",6.398776054382324,40.42913436889648,76.97783660888672,False,True,False
What is the main root verb governing the syntactic subject?,The calendar hung on the wall fell.,Reduced Relative Clause,fell,hung,1,fell,"The main root verb governing the syntactic subject is ""fell"".",15.365141868591309,53.43455123901367,77.78861236572266,1,fell,"The main root verb governing the syntactic subject is ""fell"".",15.365141868591309,53.43455123901367,77.78861236572266,1,fell,"The main root verb governing the syntactic subject is ""fell"".",15.365141868591309,53.43455123901367,77.78861236572266,False,False,False
What is the main root verb governing the syntactic subject?,The diary locked in the drawer waited.,Reduced Relative Clause,waited is the target for: what is the main root verb governing the syntactic subject?,locked,1,waited is the target for: what is the main root verb governing the syntactic subject?,waited is the main root verb governing the syntactic subject.,72.84986877441406,93.01509857177734,58.8209228515625,1,waited is the target for: what is the main root verb governing the syntactic subject?,waited is the main root verb governing the syntactic subject.,72.84986877441406,93.01509857177734,58.8209228515625,1,waited is the target for: what is the main root verb governing the syntactic subject?,waited is the main root verb governing the syntactic subject.,72.84986877441406,93.01509857177734,58.8209228515625,False,False,False
What is the main root verb governing the syntactic subject?,The journal written in the code baffled.,Reduced Relative Clause,baffled,written,1,baffled,"The main root verb governing the syntactic subject is ""is"".",18.42096519470215,18.026212692260746,86.41543579101562,0,written,"The main root verb governing the syntactic subject is ""is"".",24.69127082824707,20.4683837890625,86.41543579101562,1,baffled,"The main root verb governing the syntactic subject is ""is"".",18.42096519470215,18.026212692260746,86.41543579101562,False,True,False
What is the main root verb governing the syntactic subject?,The novel abandoned on the train traveled.,Reduced Relative Clause,traveled,abandoned,1,traveled,"The main root verb governing the syntactic subject is ""traveled"".",15.278538703918455,51.02924728393555,81.42491912841797,1,traveled,"The main root verb governing the syntactic subject is ""traveled"".",15.278538703918455,51.02924728393555,81.42491912841797,1,traveled,"The main root verb governing the syntactic subject is ""traveled"".",15.278538703918455,51.02924728393555,81.42491912841797,False,False,False
What is the main root verb governing the syntactic subject?,The poem read to the crowd echoed.,Reduced Relative Clause,echoed is the target for: what is the main root verb governing the syntactic subject?,read,0,read,"The main root verb governing the syntactic subject is ""read"".",11.737021446228027,39.89723587036133,81.58866882324219,1,echoed is the target for: what is the main root verb governing the syntactic subject?,"The main root verb governing the syntactic subject is ""is"".",78.95773315429688,69.62389373779297,86.41543579101562,1,echoed is the target for: what is the main root verb governing the syntactic subject?,"The main root verb governing the syntactic subject is ""echoed"".",78.95773315429688,93.5320053100586,80.4006576538086,True,False,False
What is the main root verb governing the syntactic subject?,The script handed to the actor changed.,Reduced Relative Clause,changed,handed,1,changed,"The main root verb governing the syntactic subject is ""changed"".",4.066161632537842,34.074954986572266,79.37811279296875,1,changed,"The main root verb governing the syntactic subject is ""changed"".",4.066161632537842,34.074954986572266,79.37811279296875,1,changed,"The main root verb governing the syntactic subject is ""changed"".",4.066161632537842,34.074954986572266,79.37811279296875,False,False,False
What is the main root verb governing the syntactic subject?,The song played on the radio skipped.,Reduced Relative Clause,skipped,played,1,skipped,"The main root verb governing the syntactic subject is ""skipped"".",7.413476943969727,48.91259765625,75.521484375,0,played,"The main root verb governing the syntactic subject is ""played"".",4.803822040557861,33.656227111816406,77.09136962890625,1,skipped,"The main root verb governing the syntactic subject is ""skipped"".",7.413476943969727,48.91259765625,75.521484375,False,True,False
What is the main root verb governing the syntactic subject?,The record spun on the turntable scratched.,Reduced Relative Clause,scratched is the target for: what is the main root verb governing the syntactic subject?,spun,1,scratched is the target for: what is the main root verb governing the syntactic subject?,"The main root verb governing the syntactic subject is ""scratched"".",72.68321228027344,94.27977752685548,67.8527603149414,1,scratched is the target for: what is the main root verb governing the syntactic subject?,"The main root verb governing the syntactic subject is ""scratched"".",72.68321228027344,94.27977752685548,67.8527603149414,1,scratched is the target for: what is the main root verb governing the syntactic subject?,"The main root verb governing the syntactic subject is ""scratched"".",72.68321228027344,94.27977752685548,67.8527603149414,False,False,False
What is the main root verb governing the syntactic subject?,The disc inserted into the drive ejected.,Reduced Relative Clause,ejected,inserted,1,ejected,"The main root verb governing the syntactic subject is ""ejected"".",3.124235153198242,50.241947174072266,70.83049011230469,0,inserted,"The main root verb governing the syntactic subject is ""is"".",5.64406156539917,5.841485977172852,86.41543579101562,1,ejected,"The main root verb governing the syntactic subject is ""ejected"".",3.124235153198242,50.241947174072266,70.83049011230469,False,True,False
What is the main root verb governing the syntactic subject?,The tape rewound to the start snapped.,Reduced Relative Clause,snapped,rewound,1,snapped,"The main root verb governing the syntactic subject is ""snapped"".",5.578729629516602,50.57521057128906,72.36754608154297,0,rewound,"The main root verb governing the syntactic subject is ""rewound"".",5.909244060516357,60.47505569458008,71.24169158935547,1,snapped,"The main root verb governing the syntactic subject is ""snapped"".",5.578729629516602,50.57521057128906,72.36754608154297,False,True,False
What is the main root verb governing the syntactic subject?,The game installed on the drive crashed.,Reduced Relative Clause,crashed is the target for: what is the main root verb governing the syntactic subject?,installed,1,crashed is the target for: what is the main root verb governing the syntactic subject?,The main root verb governing the syntactic subject is crashed.,78.48841094970703,92.32762145996094,83.77622985839844,1,crashed is the target for: what is the main root verb governing the syntactic subject?,The main root verb governing the syntactic subject is crashed.,78.48841094970703,92.32762145996094,83.77622985839844,1,crashed is the target for: what is the main root verb governing the syntactic subject?,The main root verb governing the syntactic subject is crashed.,78.48841094970703,92.32762145996094,83.77622985839844,False,False,False
What is the main root verb governing the syntactic subject?,The app downloaded from the store froze.,Reduced Relative Clause,froze,downloaded,1,froze,"The main root verb governing the syntactic subject is ""froze"".",4.086833953857422,43.65511703491211,69.45317077636719,1,froze,"The main root verb governing the syntactic subject is ""froze"".",4.086833953857422,43.65511703491211,69.45317077636719,1,froze,"The main root verb governing the syntactic subject is ""froze"".",4.086833953857422,43.65511703491211,69.45317077636719,False,False,False
What is the main root verb governing the syntactic subject?,The virus released into the wild spread.,Reduced Relative Clause,spread,released,1,spread,"The main root verb governing the syntactic subject is ""is"".",13.498124122619627,8.418654441833496,86.41543579101562,1,spread,"The main root verb governing the syntactic subject is ""is"".",13.498124122619627,8.418654441833496,86.41543579101562,1,spread,"The main root verb governing the syntactic subject is ""is"".",13.498124122619627,8.418654441833496,86.41543579101562,False,False,False
What is the main root verb governing the syntactic subject?,The patch deployed to the server failed.,Reduced Relative Clause,failed,deployed,1,failed,"The main root verb governing the syntactic subject is ""is"".",6.516961574554443,5.714168071746826,86.41543579101562,0,deployed,"The main root verb governing the syntactic subject is ""deployed"".",3.5002660751342773,45.62271118164063,75.12330627441406,1,failed,"The main root verb governing the syntactic subject is ""is"".",6.516961574554443,5.714168071746826,86.41543579101562,False,True,False
What is the main root verb governing the syntactic subject?,The database queried by the tool responded.,Reduced Relative Clause,responded,queried,1,responded,"The main root verb governing the syntactic subject is ""responded"".",0.0,25.833541870117188,75.27735137939453,0,queried,"The main root verb governing the syntactic subject is ""is"".",8.650430679321289,13.136527061462402,86.41543579101562,1,responded,"The main root verb governing the syntactic subject is ""responded"".",0.0,25.833541870117188,75.27735137939453,False,True,False
What is the main root verb governing the syntactic subject?,The signal broadcast to the stars faded.,Reduced Relative Clause,faded,broadcast,1,faded,"The main root verb governing the syntactic subject is ""is"".",3.246487617492676,4.444180488586426,86.41543579101562,0,broadcast,"The main root verb governing the syntactic subject is ""is"".",18.05390167236328,20.34123611450196,86.41543579101562,1,faded,"The main root verb governing the syntactic subject is ""is"".",3.246487617492676,4.444180488586426,86.41543579101562,False,True,False
What is the main root verb governing the syntactic subject?,The wave detected by the sensor spiked.,Reduced Relative Clause,spiked,detected,1,spiked,"The main root verb governing the syntactic subject is ""is"".",8.650062561035156,3.5332460403442383,86.41543579101562,0,detected,"The main root verb governing the syntactic subject is ""detected"".",1.9093092679977417,45.67398834228516,74.81097412109375,1,spiked,"The main root verb governing the syntactic subject is ""is"".",8.650062561035156,3.5332460403442383,86.41543579101562,False,True,False
What is the main root verb governing the syntactic subject?,The chemical mixed in the beaker bubbled.,Reduced Relative Clause,bubbled,mixed,1,bubbled,"The main root verb governing the syntactic subject is ""is"".",9.355576515197754,10.10738468170166,86.41543579101562,0,mixed,"The main root verb governing the syntactic subject is ""is"".",3.707515001296997,0.1827535182237625,86.41543579101562,1,bubbled,"The main root verb governing the syntactic subject is ""is"".",9.355576515197754,10.10738468170166,86.41543579101562,False,True,False
What is the main root verb governing the syntactic subject?,The acid spilled on the desk sizzled.,Reduced Relative Clause,sizzled,spilled,0,spilled,"The main root verb governing the syntactic subject is ""spilled"".",9.519108772277832,53.76532745361328,76.85869598388672,0,spilled,"The main root verb governing the syntactic subject is ""spilled"".",9.519108772277832,53.76532745361328,76.85869598388672,1,sizzled,"The main root verb governing the syntactic subject is ""sizzled"".",9.374051094055176,57.6930046081543,73.66532897949219,True,True,True
What is the main root verb governing the syntactic subject?,The poison dropped in the drink dissolved.,Reduced Relative Clause,dissolved is the target for: what is the main root verb governing the syntactic subject?,dropped,0,dropped,"The main root verb governing the syntactic subject is ""dropped"".",2.930481433868408,39.63425827026367,80.20401000976562,1,dissolved is the target for: what is the main root verb governing the syntactic subject?,"The main root verb governing the syntactic subject is ""is"".",77.35331726074219,70.47799682617188,86.41543579101562,1,dissolved is the target for: what is the main root verb governing the syntactic subject?,"The main root verb governing the syntactic subject is ""is"".",77.35331726074219,70.47799682617188,86.41543579101562,True,False,False
What is the main root verb governing the syntactic subject?,The antidote injected into the arm worked.,Reduced Relative Clause,worked,injected,0,injected,"The main root verb governing the syntactic subject is ""is"".",3.295982599258423,3.851073980331421,86.41543579101562,1,worked,"The main root verb governing the syntactic subject is ""worked"".",2.405019521713257,22.24688148498535,79.93675231933594,1,worked,"The main root verb governing the syntactic subject is ""worked"".",2.405019521713257,22.24688148498535,79.93675231933594,True,False,False
What is the main root verb governing the syntactic subject?,The drug tested on the mice failed.,Reduced Relative Clause,failed is the target for: what is the main root verb governing the syntactic subject?,tested,1,failed is the target for: what is the main root verb governing the syntactic subject?,failed is the main root verb governing the syntactic subject.,75.54764556884766,92.36751556396484,67.74429321289062,1,failed is the target for: what is the main root verb governing the syntactic subject?,failed is the main root verb governing the syntactic subject.,75.54764556884766,92.36751556396484,67.74429321289062,1,failed is the target for: what is the main root verb governing the syntactic subject?,failed is the main root verb governing the syntactic subject.,75.54764556884766,92.36751556396484,67.74429321289062,False,False,False
What is the main root verb governing the syntactic subject?,The pill swallowed with the water dissolved.,Reduced Relative Clause,dissolved,swallowed,0,swallowed,"The main root verb governing the syntactic subject is ""swallowed"".",13.193194389343262,57.34886932373047,75.33935546875,0,swallowed,"The main root verb governing the syntactic subject is ""swallowed"".",13.193194389343262,57.34886932373047,75.33935546875,1,dissolved,"The main root verb governing the syntactic subject is ""is"".",15.932085990905762,17.512821197509766,86.41543579101562,True,True,True
What is the main root verb governing the syntactic subject?,The bandage wrapped around the wound unraveled.,Reduced Relative Clause,unraveled,wrapped,1,unraveled,"The main root verb governing the syntactic subject is ""unraveled"".",11.423749923706056,57.96631622314453,72.57461547851562,0,wrapped,"The main root verb governing the syntactic subject is ""is"".",14.80589771270752,14.097600936889648,86.41543579101562,1,unraveled,"The main root verb governing the syntactic subject is ""unraveled"".",11.423749923706056,57.96631622314453,72.57461547851562,False,True,False
What is the main root verb governing the syntactic subject?,The cast sawed off the arm opened.,Reduced Relative Clause,opened,sawed,0,sawed,"The main root verb governing the syntactic subject is ""sawed"".",13.364946365356444,48.51824188232422,79.75552368164062,1,opened,"The main root verb governing the syntactic subject is ""opened"".",0.0,35.207763671875,71.91778564453125,1,opened,"The main root verb governing the syntactic subject is ""opened"".",0.0,35.207763671875,71.91778564453125,True,False,False
What is the main root verb governing the syntactic subject?,The suture stitched into the skin dissolved.,Reduced Relative Clause,dissolved,stitched,1,dissolved,"The main root verb governing the syntactic subject is ""is"".",15.932085990905762,17.512821197509766,86.41543579101562,0,stitched,"The main root verb governing the syntactic subject is ""stitched"".",10.273611068725586,55.66157150268555,73.85282897949219,1,dissolved,"The main root verb governing the syntactic subject is ""is"".",15.932085990905762,17.512821197509766,86.41543579101562,False,True,False
What is the main root verb governing the syntactic subject?,The heart shocked by the paddles restarted.,Reduced Relative Clause,restarted,shocked,1,restarted,"The main root verb governing the syntactic subject is ""restarted"".",4.087069511413574,46.07225036621094,63.12247467041016,0,shocked,"The main root verb governing the syntactic subject is ""shocked"".",5.946210861206055,42.032222747802734,72.72291564941406,1,restarted,"The main root verb governing the syntactic subject is ""restarted"".",4.087069511413574,46.07225036621094,63.12247467041016,False,True,False
What is the main root verb governing the syntactic subject?,The lung pierced by the rib collapsed.,Reduced Relative Clause,collapsed,pierced,1,collapsed,"The main root verb governing the syntactic subject is ""is"".",18.28915786743164,15.884336471557615,86.41543579101562,0,pierced,"The main root verb governing the syntactic subject is ""is"".",5.816235065460205,1.56747305393219,86.41543579101562,1,collapsed,"The main root verb governing the syntactic subject is ""is"".",18.28915786743164,15.884336471557615,86.41543579101562,False,True,False
What is the main root verb governing the syntactic subject?,The bone fractured in the fall healed.,Reduced Relative Clause,healed is the target for: what is the main root verb governing the syntactic subject?,fractured,0,fractured,"The main root verb governing the syntactic subject is ""is"".",17.77470588684082,16.376708984375,86.41543579101562,1,healed is the target for: what is the main root verb governing the syntactic subject?,healed is the main root verb governing the syntactic subject.,71.53563690185547,96.19005584716795,62.68349456787109,1,healed is the target for: what is the main root verb governing the syntactic subject?,healed is the main root verb governing the syntactic subject.,71.53563690185547,96.19005584716795,62.68349456787109,True,False,False
What is the main root verb governing the syntactic subject?,The nerve pinched in the spine throbbed.,Reduced Relative Clause,throbbed,pinched,0,pinched,"The main root verb governing the syntactic subject is ""is"".",8.212770462036133,5.384932041168213,86.41543579101562,1,throbbed,"The main root verb governing the syntactic subject is ""throbbed"".",12.419058799743652,58.844722747802734,72.99566650390625,1,throbbed,"The main root verb governing the syntactic subject is ""throbbed"".",12.419058799743652,58.844722747802734,72.99566650390625,True,False,False
What is the main root verb governing the syntactic subject?,The skin exposed to the sun burned.,Reduced Relative Clause,burned,exposed,1,burned,"The main root verb governing the syntactic subject is ""is"".",8.620298385620117,9.754267692565918,86.41543579101562,0,exposed,"The main root verb governing the syntactic subject is ""is"".",6.585107803344727,4.571685791015625,86.41543579101562,1,burned,"The main root verb governing the syntactic subject is ""is"".",8.620298385620117,9.754267692565918,86.41543579101562,False,True,False
What is the main root verb governing the syntactic subject?,The hair cut by the barber regrew.,Reduced Relative Clause,regrew,cut,1,regrew,"The main root verb governing the syntactic subject is ""regrew"".",9.291213035583496,52.888309478759766,78.02188110351562,0,cut,"The main root verb governing the syntactic subject is ""is"".",13.03593921661377,10.532612800598145,86.41543579101562,1,regrew,"The main root verb governing the syntactic subject is ""regrew"".",9.291213035583496,52.888309478759766,78.02188110351562,False,True,False
What is the main root verb governing the syntactic subject?,The tear wiped from the cheek dried.,Reduced Relative Clause,dried,wiped,0,wiped,"The main root verb governing the syntactic subject is ""wiped"".",2.485258817672729,44.03216171264648,74.34124755859375,1,dried,"The main root verb governing the syntactic subject is ""is"".",6.297299861907959,2.682847499847412,86.41543579101562,1,dried,"The main root verb governing the syntactic subject is ""is"".",6.297299861907959,2.682847499847412,86.41543579101562,True,False,False
What is the main root verb governing the syntactic subject?,The sweat dripped on the floor evaporated.,Reduced Relative Clause,evaporated,dripped,1,evaporated,"The main root verb governing the syntactic subject is ""is"".",10.716087341308594,9.967903137207031,86.41543579101562,0,dripped,"The main root verb governing the syntactic subject is ""dripped"".",9.809011459350586,60.36888885498047,70.54179382324219,1,evaporated,"The main root verb governing the syntactic subject is ""is"".",10.716087341308594,9.967903137207031,86.41543579101562,False,True,False
What is the main root verb governing the syntactic subject?,The saliva spat on the dirt foamed.,Reduced Relative Clause,foamed is the target for: what is the main root verb governing the syntactic subject?,spat,1,foamed is the target for: what is the main root verb governing the syntactic subject?,"The main root verb governing the syntactic subject is ""is"".",67.90748596191406,58.11099243164063,86.41543579101562,1,foamed is the target for: what is the main root verb governing the syntactic subject?,"The main root verb governing the syntactic subject is ""is"".",67.90748596191406,58.11099243164063,86.41543579101562,0,spat,"The main root verb governing the syntactic subject is ""is"".",13.778246879577637,6.800795555114746,86.41543579101562,False,False,False
What is the main root verb governing the syntactic subject?,The venom injected by the snake spread.,Reduced Relative Clause,spread,injected,1,spread,"The main root verb governing the syntactic subject is ""is"".",13.498124122619627,8.418654441833496,86.41543579101562,1,spread,"The main root verb governing the syntactic subject is ""is"".",13.498124122619627,8.418654441833496,86.41543579101562,1,spread,"The main root verb governing the syntactic subject is ""is"".",13.498124122619627,8.418654441833496,86.41543579101562,False,False,False
What is the main root verb governing the syntactic subject?,The web spun in the corner caught.,Reduced Relative Clause,caught,spun,1,caught,"The main root verb governing the syntactic subject is ""caught"".",10.33613109588623,47.55290985107422,75.7720718383789,0,spun,"The main root verb governing the syntactic subject is ""spun"".",19.629297256469727,57.969974517822266,81.08151245117188,1,caught,"The main root verb governing the syntactic subject is ""caught"".",10.33613109588623,47.55290985107422,75.7720718383789,False,True,False
What is the main root verb governing the syntactic subject?,The nest built in the tree fell.,Reduced Relative Clause,fell is the target for: what is the main root verb governing the syntactic subject?,built,1,fell is the target for: what is the main root verb governing the syntactic subject?,"The main root verb governing the syntactic subject is ""fell"".",79.27670288085938,93.04601287841795,77.78861236572266,1,fell is the target for: what is the main root verb governing the syntactic subject?,"The main root verb governing the syntactic subject is ""fell"".",79.27670288085938,93.04601287841795,77.78861236572266,1,fell is the target for: what is the main root verb governing the syntactic subject?,"The main root verb governing the syntactic subject is ""fell"".",79.27670288085938,93.04601287841795,77.78861236572266,False,False,False
What is the main root verb governing the syntactic subject?,The burrow dug in the yard collapsed.,Reduced Relative Clause,collapsed,dug,1,collapsed,"The main root verb governing the syntactic subject is ""is"".",18.28915786743164,15.884336471557615,86.41543579101562,0,dug,"The main root verb governing the syntactic subject is ""dug"".",5.85238790512085,44.734371185302734,78.48585510253906,1,collapsed,"The main root verb governing the syntactic subject is ""is"".",18.28915786743164,15.884336471557615,86.41543579101562,False,True,False
What is the main root verb governing the syntactic subject?,The hive hung from the branch buzzed.,Reduced Relative Clause,buzzed,hung,1,buzzed,"The main root verb governing the syntactic subject is ""buzzed"".",3.738675594329834,55.30778121948242,67.27664184570312,0,hung,"The main root verb governing the syntactic subject is ""is"".",1.5710129737854004,0.922915518283844,86.41543579101562,1,buzzed,"The main root verb governing the syntactic subject is ""buzzed"".",3.738675594329834,55.30778121948242,67.27664184570312,False,True,False
What is the main root verb governing the syntactic subject?,The dam built by the beavers held.,Reduced Relative Clause,held is the target for: what is the main root verb governing the syntactic subject?,built,1,held is the target for: what is the main root verb governing the syntactic subject?,held is the main root verb governing the syntactic subject.,74.66767120361328,91.37890625,66.55953979492188,1,held is the target for: what is the main root verb governing the syntactic subject?,held is the main root verb governing the syntactic subject.,74.66767120361328,91.37890625,66.55953979492188,1,held is the target for: what is the main root verb governing the syntactic subject?,"The main root verb governing the syntactic subject is ""held"".",74.66767120361328,91.8847885131836,79.36314392089844,False,False,False
What is the main root verb governing the syntactic subject?,The track left in the mud washed.,Reduced Relative Clause,washed,left,1,washed,"The main root verb governing the syntactic subject is ""washed"".",13.984139442443848,48.94659423828125,75.20372009277344,1,washed,"The main root verb governing the syntactic subject is ""washed"".",13.984139442443848,48.94659423828125,75.20372009277344,1,washed,"The main root verb governing the syntactic subject is ""washed"".",13.984139442443848,48.94659423828125,75.20372009277344,False,False,False
What is the main root verb governing the syntactic subject?,The scent carried by the wind faded.,Reduced Relative Clause,faded,carried,1,faded,"The main root verb governing the syntactic subject is ""is"".",3.246487617492676,4.444180488586426,86.41543579101562,0,carried,"The main root verb governing the syntactic subject is ""carried"".",11.753437042236328,44.54973983764648,81.16791534423828,1,faded,"The main root verb governing the syntactic subject is ""is"".",3.246487617492676,4.444180488586426,86.41543579101562,False,True,False
What is the main root verb governing the syntactic subject?,The shadow cast on the wall lengthened.,Reduced Relative Clause,lengthened is the target for: what is the main root verb governing the syntactic subject?,cast,0,cast,"The main root verb governing the syntactic subject is ""is"".",9.929593086242676,6.885936737060547,86.41543579101562,1,lengthened is the target for: what is the main root verb governing the syntactic subject?,"The main root verb governing the syntactic subject is ""lengthened"".",73.83023834228516,93.92676544189452,74.02994537353516,1,lengthened is the target for: what is the main root verb governing the syntactic subject?,"The main root verb governing the syntactic subject is ""lengthened"".",73.83023834228516,93.92676544189452,74.02994537353516,True,False,False
What is the main root verb governing the syntactic subject?,The light shone in the eyes blinded.,Reduced Relative Clause,blinded,shone,1,blinded,"The main root verb governing the syntactic subject is ""is"".",5.861716747283936,6.64768648147583,86.41543579101562,1,blinded,"The main root verb governing the syntactic subject is ""is"".",5.861716747283936,6.64768648147583,86.41543579101562,1,blinded,"The main root verb governing the syntactic subject is ""is"".",5.861716747283936,6.64768648147583,86.41543579101562,False,False,False
What is the main root verb governing the syntactic subject?,The sound echoed in the cave amplified.,Reduced Relative Clause,amplified,echoed,0,echoed,"The main root verb governing the syntactic subject is ""echoed"".",14.523733139038086,49.17445755004883,80.4006576538086,0,echoed,"The main root verb governing the syntactic subject is ""echoed"".",14.523733139038086,49.17445755004883,80.4006576538086,1,amplified,"The main root verb governing the syntactic subject is ""is"".",7.500896453857422,9.779998779296877,86.41543579101562,True,True,True
What is the main root verb governing the syntactic subject?,The voice heard on the tape warped.,Reduced Relative Clause,warped is the target for: what is the main root verb governing the syntactic subject?,heard,0,heard,"The main root verb governing the syntactic subject is ""heard"".",8.803102493286133,35.287357330322266,80.34915924072266,1,warped is the target for: what is the main root verb governing the syntactic subject?,"The main root verb governing the syntactic subject is ""is"".",76.7835922241211,66.05059051513672,86.41543579101562,1,warped is the target for: what is the main root verb governing the syntactic subject?,"The main root verb governing the syntactic subject is ""is"".",76.7835922241211,66.05059051513672,86.41543579101562,True,False,False
What is the main root verb governing the syntactic subject?,The noise produced by the engine rattled.,Reduced Relative Clause,rattled,produced,1,rattled,"The main root verb governing the syntactic subject is ""rattled"".",6.41778564453125,56.09587478637695,70.37898254394531,0,produced,"The main root verb governing the syntactic subject is ""produced"".",14.725646018981934,48.97955703735352,82.43798828125,1,rattled,"The main root verb governing the syntactic subject is ""rattled"".",6.41778564453125,56.09587478637695,70.37898254394531,False,True,False
What is the main root verb governing the syntactic subject?,The heat generated by the core radiated.,Reduced Relative Clause,radiated,generated,1,radiated,"The main root verb governing the syntactic subject is ""is"".",14.721343040466309,13.612524032592772,86.41543579101562,0,generated,"The main root verb governing the syntactic subject is ""generated"".",11.6907958984375,46.4360466003418,81.45765686035156,1,radiated,"The main root verb governing the syntactic subject is ""is"".",14.721343040466309,13.612524032592772,86.41543579101562,False,True,False
What physical object made direct contact to dust the shelf?,The maid dusted the shelf with the torn sock worn over the feather duster.,SEIP,The torn sock made direct contact.,The feather duster.,0,The feather duster.,The feather duster.,43.02995300292969,100.00001525878906,43.02995300292969,1,The torn sock made direct contact.,The torn sock.,15.931567192077637,81.5449447631836,6.540386199951172,1,The torn sock made direct contact.,The torn sock.,15.931567192077637,81.5449447631836,6.540386199951172,True,False,False
What physical object made direct contact to cleave the bone?,The butcher cleaved the bone with the iron pan swung at the meat cleaver.,SEIP,The iron pan made direct contact.,The meat cleaver.,0,The meat cleaver.,The meat cleaver.,39.78492736816406,100.0,39.78492736816406,1,The iron pan made direct contact.,The iron pan.,40.27302932739258,72.9569091796875,25.523815155029297,1,The iron pan made direct contact.,The iron pan.,40.27302932739258,72.9569091796875,25.523815155029297,True,False,False
What physical object made direct contact to uncork the wine?,The sommelier uncorked the wine with the steel screw resting inside the corkscrew.,SEIP,The steel screw made direct contact is the target for: what physical object made direct contact to uncork the wine?,corkscrew..,1,The steel screw made direct contact is the target for: what physical object made direct contact to uncork the wine?,The steel screw made direct contact.,85.24153137207031,69.83184051513672,38.44934844970703,1,The steel screw made direct contact is the target for: what physical object made direct contact to uncork the wine?,The steel screw made direct contact.,85.24153137207031,69.83184051513672,38.44934844970703,0,corkscrew..,The corkscrew.,44.406288146972656,94.01123046875,44.84158706665039,False,False,False
What physical object made direct contact to blow the whistle?,The referee blew the whistle with the latex glove holding the metal whistle.,SEIP,The latex glove made direct contact.,The metal whistle.,0,The metal whistle.,The metal whistle.,64.45327758789062,100.0,64.45327758789062,1,The latex glove made direct contact.,The latex glove.,36.421085357666016,82.21975708007812,16.393125534057617,0,The metal whistle.,The metal whistle.,64.45327758789062,100.0,64.45327758789062,False,False,False
What physical object made direct contact to inspect the diamond?,The jeweler inspected the diamond with the glass bead resting inside the jeweler's loupe.,SEIP,The glass bead made direct contact.,The jeweler's loupe.,0,The jeweler's loupe.,The jeweler's loupe.,40.94598388671875,100.0000228881836,40.94598388671875,1,The glass bead made direct contact.,The glass bead.,55.8457260131836,80.24020385742188,39.533966064453125,0,The jeweler's loupe.,The jeweler's loupe.,40.94598388671875,100.0000228881836,40.94598388671875,False,False,False
What physical object made direct contact to dust the blind?,The cleaner dusted the blind with the ripped shirt resting inside the feather duster.,SEIP,The ripped shirt is the target for: what physical object made direct contact to dust the blind?,duster..,1,The ripped shirt is the target for: what physical object made direct contact to dust the blind?,The physical object that made direct contact to dust the blind is a fan.,82.57386016845703,73.21652221679688,85.52388000488281,1,The ripped shirt is the target for: what physical object made direct contact to dust the blind?,The physical object that made direct contact to dust the blind is a fan.,82.57386016845703,73.21652221679688,85.52388000488281,1,The ripped shirt is the target for: what physical object made direct contact to dust the blind?,The physical object that made direct contact to dust the blind is a fan.,82.57386016845703,73.21652221679688,85.52388000488281,False,False,False
What physical object made direct contact to crack the brick?,The mason cracked the brick with the iron weight swung at the masonry chisel.,SEIP,The iron weight.,The masonry chisel.,0,The masonry chisel.,The masonry chisel.,48.581634521484375,100.0000228881836,48.581634521484375,0,The masonry chisel.,The masonry chisel.,48.581634521484375,100.0000228881836,48.581634521484375,1,The iron weight.,The iron weight.,25.056039810180664,100.0,25.056039810180664,True,True,True
What physical object made direct contact to glaze the pastry?,The baker glazed the pastry with the tissue paper wrapped around the pastry brush.,SEIP,The tissue paper.,The pastry brush.,0,The pastry brush.,The pastry brush.,63.7774658203125,99.9999771118164,63.7774658203125,0,The pastry brush.,The pastry brush.,63.7774658203125,99.9999771118164,63.7774658203125,1,The tissue paper.,The pastry brush.,30.616655349731445,39.10875701904297,63.7774658203125,True,True,True
What physical object made direct contact to slice the roast?,The chef sliced the roast with the dull coin embedded in the chef knife.,SEIP,The dull coin is the target for: what physical object made direct contact to slice the roast?,knife..,1,The dull coin is the target for: what physical object made direct contact to slice the roast?,The dull coin is the target for: the knife.,83.41940307617188,59.185672760009766,22.96846008300781,1,The dull coin is the target for: what physical object made direct contact to slice the roast?,The dull coin is the target for: the knife.,83.41940307617188,59.185672760009766,22.96846008300781,0,knife..,The knife.,27.58091163635254,78.09939575195312,31.834714889526367,False,False,False
What physical object made direct contact to till the soil?,The farmer tilled the soil with the wooden stick tied to the soil plow.,SEIP,The wooden stick.,The soil plow.,0,The soil plow.,The soil plow.,62.318973541259766,100.0,62.318973541259766,0,The soil plow.,The soil plow.,62.318973541259766,100.0,62.318973541259766,1,The wooden stick.,The wooden stick.,29.41986656188965,99.99998474121094,29.41986656188965,True,True,True
What physical object made direct contact to cut the tissue?,The surgeon cut the tissue with the rubber duck taped to the tissue scalpel.,SEIP,The rubber duck.,The tissue scalpel.,0,The tissue scalpel.,The tissue scalpel.,51.56735229492188,100.0,51.56735229492188,0,The tissue scalpel.,The tissue scalpel.,51.56735229492188,100.0,51.56735229492188,1,The rubber duck.,The rubber duck.,18.637556076049805,100.0000228881836,18.637556076049805,True,True,True
What physical object made direct contact to drive the nail?,The carpenter drove the nail with the wet noodle draped over the nail hammer.,SEIP,The wet noodle is the target for: what physical object made direct contact to drive the nail?,hammer..,1,The wet noodle is the target for: what physical object made direct contact to drive the nail?,The hammer.,80.17900085449219,35.79399490356445,39.3824462890625,1,The wet noodle is the target for: what physical object made direct contact to drive the nail?,A hammer.,80.17900085449219,40.94268798828125,46.58658599853516,1,The wet noodle is the target for: what physical object made direct contact to drive the nail?,The hammer.,80.17900085449219,35.79399490356445,39.3824462890625,False,False,False
What physical object made direct contact to tighten the bolt?,The mechanic tightened the bolt with the glass slipper pressing the bolt wrench.,SEIP,The glass slipper.,The bolt wrench.,0,The bolt wrench.,The bolt wrench.,63.8190803527832,100.0,63.8190803527832,0,The bolt wrench.,The bolt wrench.,63.8190803527832,100.0,63.8190803527832,0,The bolt wrench.,The bolt wrench.,63.8190803527832,100.0,63.8190803527832,False,False,False
What physical object made direct contact to fell the tree?,The lumberjack felled the tree with the feather duster tied to the tree axe.,SEIP,The feather duster.,The tree axe.,0,The tree axe.,The tree axe.,47.67203140258789,100.0,47.67203140258789,0,The tree axe.,The tree axe.,47.67203140258789,100.0,47.67203140258789,0,The tree axe.,The tree axe.,47.67203140258789,100.0,47.67203140258789,False,False,False
What physical object made direct contact to shape the iron?,The blacksmith shaped the iron with the paper straw stuck to the iron anvil.,SEIP,The paper straw is the target for: what physical object made direct contact to shape the iron?,anvil..,1,The paper straw is the target for: what physical object made direct contact to shape the iron?,The paper straw is the target for: the hammer.,80.09576416015625,60.76137924194336,26.49855613708496,1,The paper straw is the target for: what physical object made direct contact to shape the iron?,The paper straw is the target for: the hammer.,80.09576416015625,60.76137924194336,26.49855613708496,1,The paper straw is the target for: what physical object made direct contact to shape the iron?,The paper straw is the target for: the hammer.,80.09576416015625,60.76137924194336,26.49855613708496,False,False,False
What physical object made direct contact to coat the wall?,The painter coated the wall with the slice of bread pressed to the wall brush.,SEIP,The slice of bread.,The wall brush.,1,The slice of bread.,The slice of bread.,21.77067756652832,100.0,21.77067756652832,0,The wall brush.,The wall brush.,51.25840759277344,100.00001525878906,51.25840759277344,0,The wall brush.,The wall brush.,51.25840759277344,100.00001525878906,51.25840759277344,False,False,False
What physical object made direct contact to stitch the fabric?,The tailor stitched the fabric with the ice cube touching the fabric needle.,SEIP,The ice cube.,The fabric needle.,0,The fabric needle.,The fabric needle.,66.61158752441406,100.0,66.61158752441406,0,The fabric needle.,The fabric needle.,66.61158752441406,100.0,66.61158752441406,0,The fabric needle.,The fabric needle.,66.61158752441406,100.0,66.61158752441406,False,False,False
What physical object made direct contact to prune the rose?,The gardener pruned the rose with the playing card glued to the rose shears.,SEIP,The playing card is the target for: what physical object made direct contact to prune the rose?,shears..,1,The playing card is the target for: what physical object made direct contact to prune the rose?,The physical object that made direct contact to prune the rose is a pair of scissors.,83.09476470947266,75.26437377929688,84.92046356201172,1,The playing card is the target for: what physical object made direct contact to prune the rose?,The physical object that made direct contact to prune the rose is a pair of scissors.,83.09476470947266,75.26437377929688,84.92046356201172,1,The playing card is the target for: what physical object made direct contact to prune the rose?,The physical object that made direct contact to prune the rose is a pair of scissors.,83.09476470947266,75.26437377929688,84.92046356201172,False,False,False
What physical object made direct contact to chisel the marble?,The sculptor chiseled the marble with the shoelace wrapped on the marble chisel.,SEIP,The shoelace.,The marble chisel.,0,The marble chisel.,The chisel itself made direct contact to chisel the marble.,78.93437957763672,82.7337417602539,89.22531127929688,0,The marble chisel.,The chisel itself made direct contact to chisel the marble.,78.93437957763672,82.7337417602539,89.22531127929688,1,The shoelace.,The shoelace.,20.62054252624512,99.9999771118164,20.62054252624512,True,True,True
What physical object made direct contact to strip the wire?,The electrician stripped the wire with the paper clip touching the wire cutter.,SEIP,The paper clip.,The wire cutter.,0,The wire cutter.,The wire cutter.,62.72365951538086,100.0000228881836,62.72365951538086,0,The wire cutter.,The wire cutter.,62.72365951538086,100.0000228881836,62.72365951538086,1,The paper clip.,The paper clip.,21.63381576538086,100.0,21.63381576538086,True,True,True
What physical object made direct contact to mop the floor?,The janitor mopped the floor with the torn receipt stuck to the floor mop.,SEIP,The torn receipt is the target for: what physical object made direct contact to mop the floor?,mop..,1,The torn receipt is the target for: what physical object made direct contact to mop the floor?,The torn receipt is the target for the mop.,83.65258026123047,75.5980224609375,45.19514083862305,1,The torn receipt is the target for: what physical object made direct contact to mop the floor?,The torn receipt is the target for the mop.,83.65258026123047,75.5980224609375,45.19514083862305,1,The torn receipt is the target for: what physical object made direct contact to mop the floor?,The torn receipt is the target for the mop.,83.65258026123047,75.5980224609375,45.19514083862305,False,False,False
What physical object made direct contact to shave the beard?,The barber shaved the beard with the wet leaf covering the beard razor.,SEIP,The wet leaf.,The beard razor.,0,The beard razor.,The physical object that made direct contact to shave the beard is the razor.,72.07369995117188,79.68668365478516,89.79584503173828,0,The beard razor.,The physical object that made direct contact to shave the beard is the razor.,72.07369995117188,79.68668365478516,89.79584503173828,1,The wet leaf.,The wet leaf.,17.36675262451172,100.00001525878906,17.36675262451172,True,True,True
What physical object made direct contact to fire the arrow?,The archer fired the arrow with the rubber band tied to the arrow bow.,SEIP,The rubber band.,The arrow bow.,0,The arrow bow.,The arrow bow.,60.3983154296875,100.0,60.3983154296875,0,The arrow bow.,The arrow bow.,60.3983154296875,100.0,60.3983154296875,0,The arrow bow.,The arrow bow.,60.3983154296875,100.0,60.3983154296875,False,False,False
What physical object made direct contact to sharpen the sword?,The knight sharpened the sword with the sponge wiping the sword whetstone.,SEIP,The sponge is the target for: what physical object made direct contact to sharpen the sword?,whetstone..,1,The sponge is the target for: what physical object made direct contact to sharpen the sword?,The physical object that made direct contact to sharpen the sword is a stone.,84.53079223632812,77.97814178466797,87.53348541259766,1,The sponge is the target for: what physical object made direct contact to sharpen the sword?,The physical object that made direct contact to sharpen the sword is a stone.,84.53079223632812,77.97814178466797,87.53348541259766,1,The sponge is the target for: what physical object made direct contact to sharpen the sword?,The physical object that made direct contact to sharpen the sword is a stone.,84.53079223632812,77.97814178466797,87.53348541259766,False,False,False
What physical object made direct contact to clean the lens?,The astronomer cleaned the lens with the coffee filter blocking the lens cloth.,SEIP,The coffee filter.,The lens cloth.,0,The lens cloth.,The lens cloth.,67.14282989501953,100.0,67.14282989501953,0,The lens cloth.,The lens cloth.,67.14282989501953,100.0,67.14282989501953,1,The coffee filter.,The coffee filter.,34.295494079589844,100.0,34.295494079589844,True,True,True
What physical object made direct contact to dig the trench?,The soldier dug the trench with the plastic spoon taped to the trench shovel.,SEIP,The plastic spoon.,The trench shovel.,0,The trench shovel.,The trench shovel.,67.05992126464844,99.99999237060548,67.05992126464844,0,The trench shovel.,The trench shovel.,67.05992126464844,99.99999237060548,67.05992126464844,0,The trench shovel.,The trench shovel.,67.05992126464844,99.99999237060548,67.05992126464844,False,False,False
What physical object made direct contact to extract the ore?,The miner extracted the ore with the glass bottle tied to the mining pick.,SEIP,The glass bottle is the target for: what physical object made direct contact to extract the ore?,pick..,1,The glass bottle is the target for: what physical object made direct contact to extract the ore?,The physical object that made direct contact to extract the ore is a pickaxe.,83.50880432128906,71.50052642822266,82.55269622802734,1,The glass bottle is the target for: what physical object made direct contact to extract the ore?,The physical object that made direct contact to extract the ore is a pickaxe.,83.50880432128906,71.50052642822266,82.55269622802734,1,The glass bottle is the target for: what physical object made direct contact to extract the ore?,The physical object that made direct contact to extract the ore is a pickaxe.,83.50880432128906,71.50052642822266,82.55269622802734,False,False,False
What physical object made direct contact to clean the tooth?,The dentist cleaned the tooth with the cotton string wrapped around the dental scaler.,SEIP,The cotton string.,The dental scaler.,1,The cotton string.,The cotton string.,30.86811637878418,100.0,30.86811637878418,0,The dental scaler.,The dental scaler.,44.705833435058594,99.99999237060548,44.705833435058594,0,The dental scaler.,The dental scaler.,44.705833435058594,99.99999237060548,44.705833435058594,False,False,False
What physical object made direct contact to flip the burger?,The chef flipped the burger with the cardboard flap covering the metal spatula.,SEIP,The cardboard flap.,The metal spatula.,1,The cardboard flap.,The cardboard flap.,27.124053955078125,100.0,27.124053955078125,0,The metal spatula.,The metal spatula.,39.96232604980469,100.0,39.96232604980469,1,The cardboard flap.,The cardboard flap.,27.124053955078125,100.0,27.124053955078125,False,True,False
What physical object made direct contact to sweep the hall?,The janitor swept the hall with the newspaper rolled over the push broom.,SEIP,The newspaper is the target for: what physical object made direct contact to sweep the hall?,broom..,1,The newspaper is the target for: what physical object made direct contact to sweep the hall?,The broom.,85.08582305908203,41.5736198425293,41.8565559387207,1,The newspaper is the target for: what physical object made direct contact to sweep the hall?,The broom.,85.08582305908203,41.5736198425293,41.8565559387207,1,The newspaper is the target for: what physical object made direct contact to sweep the hall?,The broom.,85.08582305908203,41.5736198425293,41.8565559387207,False,False,False
What physical object made direct contact to sketch the model?,The artist sketched the model with the burnt match touching the charcoal pencil.,SEIP,The burnt match.,The charcoal pencil.,1,The burnt match.,The burnt match.,14.154261589050291,100.0,14.154261589050291,0,The charcoal pencil.,The charcoal pencil.,35.94227981567383,100.0,35.94227981567383,1,The burnt match.,The burnt match.,14.154261589050291,100.0,14.154261589050291,False,True,False
What physical object made direct contact to iron the shirt?,The tailor ironed the shirt with the hot stone resting on the steam iron.,SEIP,The hot stone.,The steam iron.,0,The steam iron.,The steam iron.,56.0830307006836,100.0,56.0830307006836,0,The steam iron.,The steam iron.,56.0830307006836,100.0,56.0830307006836,1,The hot stone.,The hot stone.,24.524564743041992,100.0,24.524564743041992,True,True,True
What physical object made direct contact to froth the milk?,The barista frothed the milk with the wooden peg attached to the steam wand.,SEIP,The wooden peg is the target for: what physical object made direct contact to froth the milk?,wand..,1,The wooden peg is the target for: what physical object made direct contact to froth the milk?,The wooden peg is the target for: the whisk.,89.38346862792969,45.45174407958984,23.05667495727539,1,The wooden peg is the target for: what physical object made direct contact to froth the milk?,The wooden peg is the target for: the whisk.,89.38346862792969,45.45174407958984,23.05667495727539,1,The wooden peg is the target for: what physical object made direct contact to froth the milk?,The wooden peg is the target for: the whisk.,89.38346862792969,45.45174407958984,23.05667495727539,False,False,False
What physical object made direct contact to scrub the deck?,The sailor scrubbed the deck with the wool sock fitted on the deck brush.,SEIP,The wool sock.,The deck brush.,0,The deck brush.,The deck brush.,62.060546875,100.0000228881836,62.060546875,0,The deck brush.,The deck brush.,62.060546875,100.0000228881836,62.060546875,1,The wool sock.,The wool sock.,19.061214447021484,100.0,19.061214447021484,True,True,True
What physical object made direct contact to catch the trout?,The angler caught the trout with the safety pin hooked to the fishing lure.,SEIP,The safety pin.,The fishing lure.,1,The safety pin.,The safety pin.,25.28263092041016,99.99999237060548,25.28263092041016,0,The fishing lure.,The fishing lure.,56.67237091064453,100.0,56.67237091064453,0,The fishing lure.,The fishing lure.,56.67237091064453,100.0,56.67237091064453,False,False,False
What physical object made direct contact to dust the tome?,The archivist dusted the tome with the silk handkerchief placed over the soft duster.,SEIP,The silk handkerchief is the target for: what physical object made direct contact to dust the tome?,duster..,1,The silk handkerchief is the target for: what physical object made direct contact to dust the tome?,The physical object that made direct contact to dust the tome is the silk handkerchief.,82.45352172851562,96.98744201660156,80.05440521240234,1,The silk handkerchief is the target for: what physical object made direct contact to dust the tome?,The physical object that made direct contact to dust the tome is the silk handkerchief.,82.45352172851562,96.98744201660156,80.05440521240234,1,The silk handkerchief is the target for: what physical object made direct contact to dust the tome?,The physical object that made direct contact to dust the tome is the silk handkerchief.,82.45352172851562,96.98744201660156,80.05440521240234,False,False,False
What physical object made direct contact to suture the wound?,The surgeon sutured the wound with the nylon thread tied to the surgical needle.,SEIP,The nylon thread.,The surgical needle.,1,The nylon thread.,The nylon thread.,40.00209426879883,100.0,40.00209426879883,0,The surgical needle.,The surgical needle.,55.29240798950195,100.0,55.29240798950195,1,The nylon thread.,The nylon thread.,40.00209426879883,100.0,40.00209426879883,False,True,False
What physical object made direct contact to pump the tire?,The mechanic pumped the tire with the plastic straw inserted in the air pump.,SEIP,The plastic straw.,The air pump.,0,The air pump.,The air pump.,51.3875846862793,99.99998474121094,51.3875846862793,0,The air pump.,The air pump.,51.3875846862793,99.99998474121094,51.3875846862793,1,The plastic straw.,The tire pump.,31.982738494873047,46.01472473144531,72.23086547851562,True,True,True
What physical object made direct contact to nail the shingle?,The roofer nailed the shingle with the heavy rock swung at the roofing hammer.,SEIP,The heavy rock is the target for: what physical object made direct contact to nail the shingle?,hammer..,1,The heavy rock is the target for: what physical object made direct contact to nail the shingle?,The heavy rock is the target for a hammer.,89.78028106689453,66.37725830078125,41.4565315246582,1,The heavy rock is the target for: what physical object made direct contact to nail the shingle?,The heavy rock is the target for a hammer.,89.78028106689453,66.37725830078125,41.4565315246582,0,hammer..,The hammer.,37.73628616333008,85.39532470703125,38.08205032348633,False,False,False
What physical object made direct contact to cut the glass?,The glazier cut the glass with the sharp pebble glued to the glass cutter.,SEIP,The sharp pebble.,The glass cutter.,0,The glass cutter.,The physical object that made direct contact to cut the glass is the glass cutter.,71.62259674072266,74.66055297851562,90.3131866455078,0,The glass cutter.,The glass cutter.,71.62259674072266,100.0,71.62259674072266,1,The sharp pebble.,The sharp pebble.,28.6926326751709,99.99999237060548,28.6926326751709,True,True,True
What physical object made direct contact to water the crops?,The farmer watered the crops with the plastic cup tied to the irrigation hose.,SEIP,The plastic cup.,The irrigation hose.,1,The plastic cup.,The plastic cup.,22.94661331176757,100.0,22.94661331176757,0,The irrigation hose.,The irrigation hose.,44.29959487915039,100.00001525878906,44.29959487915039,0,The irrigation hose.,The irrigation hose.,44.29959487915039,100.00001525878906,44.29959487915039,False,False,False
What physical object made direct contact to scrape the rust?,The painter scraped the rust with the flat clam shell resting on the wire brush.,SEIP,The flat clam shell is the target for: what physical object made direct contact to scrape the rust?,brush..,1,The flat clam shell is the target for: what physical object made direct contact to scrape the rust?,The physical object that made direct contact to scrape the rust is a screw.,82.33796691894531,75.27572631835938,85.96476745605469,1,The flat clam shell is the target for: what physical object made direct contact to scrape the rust?,The physical object that made direct contact to scrape the rust is a screw.,82.33796691894531,75.27572631835938,85.96476745605469,0,brush..,The brush made direct contact to scrape the rust.,21.502046585083008,51.783447265625,74.49824523925781,False,False,False
What physical object made direct contact to grind the beef?,The butcher ground the beef with the brass knob jammed in the meat grinder.,SEIP,The brass knob.,The meat grinder.,0,The meat grinder.,The meat grinder.,65.6844482421875,100.0000228881836,65.6844482421875,0,The meat grinder.,The meat grinder.,65.6844482421875,100.0000228881836,65.6844482421875,1,The brass knob.,The meat grinder.,28.0969467163086,44.39975738525391,65.6844482421875,True,True,True
What physical object made direct contact to mix the drink?,The bartender mixed the drink with the glass thermometer tapped against the cocktail shaker.,SEIP,The glass thermometer.,The cocktail shaker.,1,The glass thermometer.,The glass thermometer.,41.02669525146485,100.0,41.02669525146485,0,The cocktail shaker.,The cocktail shaker.,49.25841522216797,100.00001525878906,49.25841522216797,0,The cocktail shaker.,The cocktail shaker.,49.25841522216797,100.00001525878906,49.25841522216797,False,False,False
What physical object made direct contact to strike the block?,The judge struck the block with the rolled magazine covering the wooden gavel.,SEIP,The rolled magazine is the target for: what physical object made direct contact to strike the block?,gavel..,1,The rolled magazine is the target for: what physical object made direct contact to strike the block?,The rolled magazine.,76.84336853027344,58.10345458984375,11.589119911193848,1,The rolled magazine is the target for: what physical object made direct contact to strike the block?,The rolled magazine.,76.84336853027344,58.10345458984375,11.589119911193848,0,gavel..,The gavel.,9.923555374145508,77.07028198242188,13.688029289245604,False,False,False
What physical object made direct contact to play the drum?,The musician played the drum with the plastic ruler strapped to the drum stick.,SEIP,The plastic ruler.,The drum stick.,0,The drum stick.,The drum stick.,64.91915893554688,100.0000228881836,64.91915893554688,0,The drum stick.,The drum stick.,64.91915893554688,100.0000228881836,64.91915893554688,0,The drum stick.,The drum stick.,64.91915893554688,100.0000228881836,64.91915893554688,False,False,False
What physical object made direct contact to sign the book?,The writer signed the book with the pointed stick pressed against the fountain pen.,SEIP,The pointed stick.,The fountain pen.,1,The pointed stick.,The pointed stick.,36.6650505065918,100.00001525878906,36.6650505065918,1,The pointed stick.,The pointed stick.,36.6650505065918,100.00001525878906,36.6650505065918,0,The fountain pen.,The fountain pen.,33.65530014038086,99.99999237060548,33.65530014038086,False,False,False
What physical object made direct contact to chop the wood?,The camper chopped the wood with the heavy stone bound to the camping axe.,SEIP,The heavy stone is the target for: what physical object made direct contact to chop the wood?,axe..,1,The heavy stone is the target for: what physical object made direct contact to chop the wood?,The axe.,84.63347625732422,28.19669342041016,31.268030166625977,1,The heavy stone is the target for: what physical object made direct contact to chop the wood?,The axe.,84.63347625732422,28.19669342041016,31.268030166625977,1,The heavy stone is the target for: what physical object made direct contact to chop the wood?,The axe made direct contact to chop the wood.,84.63347625732422,63.57706832885742,72.34601593017578,False,False,False
What physical object made direct contact to light the fire?,The scout lit the fire with the magnifying lens held over the sulfur match.,SEIP,The magnifying lens.,The sulfur match.,1,The magnifying lens.,The magnifying lens.,29.929536819458008,100.0,29.929536819458008,1,The magnifying lens.,The magnifying lens.,29.929536819458008,100.0,29.929536819458008,1,The magnifying lens.,The magnifying lens.,29.929536819458008,100.0,29.929536819458008,False,False,False
What physical object made direct contact to scrape the hull?,The diver scraped the hull with the plastic comb taped to the dive knife.,SEIP,The plastic comb.,The dive knife.,1,The plastic comb.,The plastic comb.,26.20888900756836,100.0,26.20888900756836,0,The dive knife.,The dive knife.,37.34270858764648,100.00001525878906,37.34270858764648,0,The dive knife.,The dive knife.,37.34270858764648,100.00001525878906,37.34270858764648,False,False,False
What physical object made direct contact to seal the pipe?,The plumber sealed the pipe with the wax crayon melted onto the plumber's tape.,SEIP,The wax crayon is the target for: what physical object made direct contact to seal the pipe?,tape..,1,The wax crayon is the target for: what physical object made direct contact to seal the pipe?,The wax crayon is the target for: the crayon.,78.3754653930664,61.455665588378906,10.9697265625,1,The wax crayon is the target for: what physical object made direct contact to seal the pipe?,The wax crayon.,78.3754653930664,63.57406234741211,16.457029342651367,1,The wax crayon is the target for: what physical object made direct contact to seal the pipe?,The wax crayon is the target for: the crayon.,78.3754653930664,61.455665588378906,10.9697265625,False,False,False
What physical object made direct contact to track the deer?,The hunter tracked the deer with the magnifying glass obscuring the tracking scope.,SEIP,The magnifying glass.,The tracking scope.,0,The tracking scope.,The arrow made direct contact to track the deer.,48.41990661621094,44.46839141845703,79.77824401855469,0,The tracking scope.,The arrow made direct contact to track the deer.,48.41990661621094,44.46839141845703,79.77824401855469,1,The magnifying glass.,The magnifying glass.,15.981414794921877,100.0,15.981414794921877,True,True,True
What physical object made direct contact to clamp the vein?,The surgeon clamped the vein with the binder clip attached to the surgical hemostat.,SEIP,The binder clip.,The surgical hemostat.,1,The binder clip.,The binder clip.,26.556182861328125,100.0000228881836,26.556182861328125,0,The surgical hemostat.,The surgical hemostat.,32.893760681152344,100.0000228881836,32.893760681152344,1,The binder clip.,The binder clip.,26.556182861328125,100.0000228881836,26.556182861328125,False,True,False
What physical object made direct contact to knead the dough?,The baker kneaded the dough with the glass bottle covering the rolling pin.,SEIP,The glass bottle is the target for: what physical object made direct contact to knead the dough?,pin..,1,The glass bottle is the target for: what physical object made direct contact to knead the dough?,The physical object that made direct contact to knead the dough is the hands.,79.33309173583984,73.10095977783203,87.48251342773438,1,The glass bottle is the target for: what physical object made direct contact to knead the dough?,The physical object that made direct contact to knead the dough is the hands.,79.33309173583984,73.10095977783203,87.48251342773438,1,The glass bottle is the target for: what physical object made direct contact to knead the dough?,The physical object that made direct contact to knead the dough is the hands.,79.33309173583984,73.10095977783203,87.48251342773438,False,False,False
What physical object made direct contact to pierce the leather?,The cobbler pierced the leather with the sewing needle strapped to the leather awl.,SEIP,The sewing needle.,The leather awl.,0,The leather awl.,The leather awl.,54.06853103637695,100.00001525878906,54.06853103637695,1,The sewing needle.,The sewing needle.,39.72135543823242,100.0,39.72135543823242,0,The leather awl.,The leather awl.,54.06853103637695,100.00001525878906,54.06853103637695,False,False,False
What physical object made direct contact to trim the hoof?,The farrier trimmed the hoof with the steel spoon resting on the hoof nippers.,SEIP,The steel spoon.,The hoof nippers.,0,The hoof nippers.,The hoof nippers.,48.91777038574219,100.00001525878906,48.91777038574219,0,The hoof nippers.,The hoof nippers.,48.91777038574219,100.00001525878906,48.91777038574219,1,The steel spoon.,The steel spoon.,28.510791778564453,99.99998474121094,28.510791778564453,True,True,True
What physical object made direct contact to polish the ring?,The jeweler polished the ring with the cotton swab blocking the buffing wheel.,SEIP,The cotton swab is the target for: what physical object made direct contact to polish the ring?,wheel..,1,The cotton swab is the target for: what physical object made direct contact to polish the ring?,The cotton swab.,79.11261749267578,62.3636474609375,15.800884246826172,1,The cotton swab is the target for: what physical object made direct contact to polish the ring?,The cotton swab.,79.11261749267578,62.3636474609375,15.800884246826172,0,wheel..,The wheel made direct contact to polish the ring.,20.90130424499512,47.940406799316406,79.32830047607422,False,False,False
What physical object made direct contact to blend the foundation?,The makeup artist blended the foundation with the foam peanut wrapped in the beauty sponge.,SEIP,The foam peanut.,The beauty sponge.,1,The foam peanut.,The foam peanut.,25.63815689086914,100.0,25.63815689086914,1,The foam peanut.,The foam peanut.,25.63815689086914,100.0,25.63815689086914,1,The foam peanut.,The foam peanut.,25.63815689086914,100.0,25.63815689086914,False,False,False
What physical object made direct contact to shape the clay?,The potter shaped the clay with the plastic fork wedged against the pottery rib.,SEIP,The plastic fork.,The pottery rib.,0,The pottery rib.,The pottery rib.,40.79061126708984,100.00001525878906,40.79061126708984,1,The plastic fork.,The plastic fork.,30.899059295654297,100.0,30.899059295654297,1,The plastic fork.,The plastic fork.,30.899059295654297,100.0,30.899059295654297,True,False,False
What physical object made direct contact to smooth the plaster?,The sculptor smoothed the plaster with the rubber spatula fixed to the sanding block.,SEIP,The rubber spatula is the target for: what physical object made direct contact to smooth the plaster?,block..,1,The rubber spatula is the target for: what physical object made direct contact to smooth the plaster?,The physical object that made direct contact to smooth the plaster is the rubber spatula.,86.31919860839844,97.0644989013672,87.42127227783203,1,The rubber spatula is the target for: what physical object made direct contact to smooth the plaster?,The rubber spatula.,86.31919860839844,64.1532974243164,37.22281646728516,1,The rubber spatula is the target for: what physical object made direct contact to smooth the plaster?,The physical object that made direct contact to smooth the plaster is the rubber spatula.,86.31919860839844,97.0644989013672,87.42127227783203,False,False,False
What physical object made direct contact to level the mortar?,The mason leveled the mortar with the wooden block masking the metal trowel.,SEIP,The wooden block.,The metal trowel.,1,The wooden block.,The trowel.,24.995758056640625,37.94537353515625,32.64683532714844,0,The metal trowel.,The metal trowel.,38.22674179077149,100.0,38.22674179077149,1,The wooden block.,The trowel.,24.995758056640625,37.94537353515625,32.64683532714844,False,True,False
What physical object made direct contact to saw the plank?,The carpenter sawed the plank with the jagged wire strapped to the hand saw.,SEIP,The jagged wire.,The hand saw.,0,The hand saw.,The hand saw.,54.79224395751953,100.00001525878906,54.79224395751953,0,The hand saw.,The hand saw.,54.79224395751953,100.00001525878906,54.79224395751953,1,The jagged wire.,The jagged wire.,15.542827606201172,100.00001525878906,15.542827606201172,True,True,True
What physical object made direct contact to cut the yarn?,The weaver cut the yarn with the broken glass fixed to the sewing scissors.,SEIP,The broken glass is the target for: what physical object made direct contact to cut the yarn?,scissors..,1,The broken glass is the target for: what physical object made direct contact to cut the yarn?,The physical object that made direct contact to cut the yarn is the broken glass.,84.00178527832031,95.41272735595705,77.37906646728516,1,The broken glass is the target for: what physical object made direct contact to cut the yarn?,The broken glass is the target for: the scissors.,84.00178527832031,67.63143920898438,35.833595275878906,0,scissors..,The scissors made direct contact to cut the yarn.,46.40377807617188,62.81089782714844,80.77458190917969,False,False,False
What physical object made direct contact to trim the stem?,The florist trimmed the stem with the metal ruler pressing the floral snips.,SEIP,The metal ruler.,The floral snips.,1,The metal ruler.,The metal ruler.,38.17073822021485,99.99999237060548,38.17073822021485,0,The floral snips.,The floral snips.,18.283233642578125,100.0000228881836,18.283233642578125,1,The metal ruler.,The metal ruler.,38.17073822021485,99.99999237060548,38.17073822021485,False,True,False
What physical object made direct contact to drop the blade?,The executioner dropped the blade with the silk rope tied around the guillotine lever.,SEIP,The silk rope.,The guillotine lever.,1,The silk rope.,The silk rope.,27.902910232543945,100.0000228881836,27.902910232543945,0,The guillotine lever.,The guillotine lever.,21.297306060791016,100.00001525878906,21.297306060791016,1,The silk rope.,The silk rope.,27.902910232543945,100.0000228881836,27.902910232543945,False,True,False
What physical object made direct contact to tenderize the steak?,The butcher tenderized the steak with the brass bell swung at the meat mallet.,SEIP,The brass bell is the target for: what physical object made direct contact to tenderize the steak?,mallet..,1,The brass bell is the target for: what physical object made direct contact to tenderize the steak?,The physical object that made direct contact to tenderize the steak is the meat mallet.,85.15040588378906,75.99529266357422,86.4957275390625,1,The brass bell is the target for: what physical object made direct contact to tenderize the steak?,The physical object that made direct contact to tenderize the steak is the meat tenderizer.,85.15040588378906,79.1371078491211,89.77922058105469,1,The brass bell is the target for: what physical object made direct contact to tenderize the steak?,The physical object that made direct contact to tenderize the steak is the meat tenderizer.,85.15040588378906,79.1371078491211,89.77922058105469,False,False,False
What physical object made direct contact to grate the cheese?,The chef grated the cheese with the aluminum foil wrapped over the cheese grater.,SEIP,The aluminum foil.,The cheese grater.,0,The cheese grater.,The cheese grater.,65.5862045288086,100.0,65.5862045288086,0,The cheese grater.,The physical object that made direct contact to grate the cheese is the cheese grater.,65.5862045288086,73.94003295898438,92.31556701660156,1,The aluminum foil.,The box grater.,32.611671447753906,37.8648567199707,35.45585632324219,True,True,True
What physical object made direct contact to gut the fish?,The fisherman gutted the fish with the plastic shard taped to the fillet knife.,SEIP,The plastic shard.,The fillet knife.,1,The plastic shard.,The plastic shard.,28.06952667236328,100.0,28.06952667236328,0,The fillet knife.,The fillet knife.,26.99983787536621,100.0,26.99983787536621,1,The plastic shard.,The plastic shard.,28.06952667236328,100.0,28.06952667236328,False,True,False
What physical object made direct contact to wipe the mirror?,The cleaner wiped the mirror with the tissue paper covering the squeegee blade.,SEIP,The tissue paper is the target for: what physical object made direct contact to wipe the mirror?,blade..,1,The tissue paper is the target for: what physical object made direct contact to wipe the mirror?,The tissue paper.,84.98155212402344,61.53084182739258,29.182249069213867,1,The tissue paper is the target for: what physical object made direct contact to wipe the mirror?,The tissue paper.,84.98155212402344,61.53084182739258,29.182249069213867,1,The tissue paper is the target for: what physical object made direct contact to wipe the mirror?,The tissue paper.,84.98155212402344,61.53084182739258,29.182249069213867,False,False,False
What physical object made direct contact to flip the switch?,The pilot flipped the switch with the wooden pencil poking the control toggle.,SEIP,The wooden pencil.,The control toggle.,1,The wooden pencil.,The wooden pencil.,26.36458206176757,100.0,26.36458206176757,0,The control toggle.,The physical object that made direct contact to flip the switch is the control toggle.,43.439697265625,69.0860595703125,78.62197875976562,0,The control toggle.,The physical object that made direct contact to flip the switch is the control toggle.,43.439697265625,69.0860595703125,78.62197875976562,False,False,False
What physical object made direct contact to shift the gear?,The driver shifted the gear with the leather belt wrapped around the shift knob.,SEIP,The leather belt.,The shift knob.,0,The shift knob.,The shift knob.,50.09303283691406,99.99998474121094,50.09303283691406,0,The shift knob.,The shift knob.,50.09303283691406,99.99998474121094,50.09303283691406,1,The leather belt.,The leather belt.,35.211456298828125,100.00001525878906,35.211456298828125,True,True,True
What physical object made direct contact to load the rifle?,The soldier loaded the rifle with the steel pin pressing the ammunition clip.,SEIP,The steel pin is the target for: what physical object made direct contact to load the rifle?,clip..,1,The steel pin is the target for: what physical object made direct contact to load the rifle?,The steel pin is the target for the bolt.,85.03824615478516,70.00987243652344,36.412559509277344,1,The steel pin is the target for: what physical object made direct contact to load the rifle?,The steel pin is the target for the bolt.,85.03824615478516,70.00987243652344,36.412559509277344,1,The steel pin is the target for: what physical object made direct contact to load the rifle?,The steel pin is the target for the bolt.,85.03824615478516,70.00987243652344,36.412559509277344,False,False,False
What physical object made direct contact to loosen the nut?,The mechanic loosened the nut with the iron pipe slipped over the socket wrench.,SEIP,The iron pipe.,The socket wrench.,1,The iron pipe.,The iron pipe.,33.382015228271484,100.0000228881836,33.382015228271484,0,The socket wrench.,The socket wrench.,54.05292510986328,100.0,54.05292510986328,1,The iron pipe.,The iron pipe.,33.382015228271484,100.0000228881836,33.382015228271484,False,True,False
What physical object made direct contact to melt the metal?,The welder melted the metal with the copper wire shielding the welding torch.,SEIP,The copper wire.,The welding torch.,1,The copper wire.,The physical object that made direct contact to melt the metal is the soldering iron.,39.96156311035156,39.13276672363281,86.1268310546875,0,The welding torch.,The welding torch.,46.66597366333008,100.00001525878906,46.66597366333008,0,The welding torch.,The welding torch.,46.66597366333008,100.00001525878906,46.66597366333008,False,False,False
What physical object made direct contact to quench the blade?,The blacksmith quenched the blade with the wooden bucket covering the water trough.,SEIP,The wooden bucket is the target for: what physical object made direct contact to quench the blade?,trough..,1,The wooden bucket is the target for: what physical object made direct contact to quench the blade?,The physical object that made direct contact to quench the blade is the wooden bucket.,82.84586334228516,94.91619110107422,79.04824829101562,1,The wooden bucket is the target for: what physical object made direct contact to quench the blade?,The physical object that made direct contact to quench the blade is the wooden bucket.,82.84586334228516,94.91619110107422,79.04824829101562,1,The wooden bucket is the target for: what physical object made direct contact to quench the blade?,The physical object that made direct contact to quench the blade is the wooden bucket.,82.84586334228516,94.91619110107422,79.04824829101562,False,False,False
What physical object made direct contact to measure the waist?,The tailor measured the waist with the shoestring laid over the measuring tape.,SEIP,The shoestring.,The measuring tape.,1,The shoestring.,The shoestring.,34.24484634399414,100.00001525878906,34.24484634399414,0,The measuring tape.,The measuring tape.,48.68306350708008,100.0,48.68306350708008,1,The shoestring.,The shoestring.,34.24484634399414,100.00001525878906,34.24484634399414,False,True,False
What physical object made direct contact to check the reflex?,The doctor checked the reflex with the wooden block attached to the rubber hammer.,SEIP,The wooden block.,The rubber hammer.,1,The wooden block.,The wooden block.,24.29890251159668,100.0000228881836,24.29890251159668,0,The rubber hammer.,The rubber hammer.,22.60722923278809,100.0,22.60722923278809,1,The wooden block.,The wooden block.,24.29890251159668,100.0000228881836,24.29890251159668,False,True,False
What physical object made direct contact to align the scope?,The astronomer aligned the scope with the plastic coin resting on the adjustment dial.,SEIP,The plastic coin is the target for: what physical object made direct contact to align the scope?,dial..,1,The plastic coin is the target for: what physical object made direct contact to align the scope?,The physical object that made direct contact to align the scope is the plastic coin.,79.4794692993164,95.6196746826172,80.06413269042969,1,The plastic coin is the target for: what physical object made direct contact to align the scope?,The plastic coin is the target for: the scope's adjustment ring.,79.4794692993164,83.61653900146484,59.65641784667969,1,The plastic coin is the target for: what physical object made direct contact to align the scope?,The plastic coin is the target for: the scope's adjustment ring.,79.4794692993164,83.61653900146484,59.65641784667969,False,False,False
What physical object made direct contact to mark the line?,The surveyor marked the line with the chalk stick taped to the laser level.,SEIP,The chalk stick.,The laser level.,1,The chalk stick.,The chalk stick.,31.023962020874023,100.00001525878906,31.023962020874023,1,The chalk stick.,The chalk stick.,31.023962020874023,100.00001525878906,31.023962020874023,1,The chalk stick.,The chalk stick.,31.023962020874023,100.00001525878906,31.023962020874023,False,False,False
What physical object made direct contact to mask the trim?,The painter masked the trim with the wax paper laid over the painter's tape.,SEIP,The wax paper.,The painter's tape.,0,The painter's tape.,The painter's tape.,30.179319381713867,100.00001525878906,30.179319381713867,0,The painter's tape.,The painter's tape.,30.179319381713867,100.00001525878906,30.179319381713867,1,The wax paper.,The wax paper.,35.88618469238281,100.00001525878906,35.88618469238281,True,True,True
What physical object made direct contact to seal the pane?,The glazier sealed the pane with the rubber band blocking the caulking gun.,SEIP,The rubber band is the target for: what physical object made direct contact to seal the pane?,gun..,1,The rubber band is the target for: what physical object made direct contact to seal the pane?,The rubber band is the target for: the window frame.,84.47811889648438,49.1475715637207,27.250831604003903,1,The rubber band is the target for: what physical object made direct contact to seal the pane?,The rubber band is the target for: the window frame.,84.47811889648438,49.1475715637207,27.250831604003903,0,gun..,The gun.,13.323351860046388,71.55204772949219,17.202495574951172,False,False,False
What physical object made direct contact to apply the tar?,The roofer applied the tar with the cardboard sheet covering the roofing brush.,SEIP,The cardboard sheet.,The roofing brush.,1,The cardboard sheet.,The mop.,27.953996658325195,33.97032928466797,14.086122512817385,0,The roofing brush.,The roofing brush.,31.702672958374023,100.0,31.702672958374023,1,The cardboard sheet.,The mop.,27.953996658325195,33.97032928466797,14.086122512817385,False,True,False
What physical object made direct contact to split the log?,The lumberjack split the log with the iron wedge strapped to the splitting maul.,SEIP,The iron wedge.,The splitting maul.,0,The splitting maul.,The splitting maul.,30.239789962768555,100.00001525878906,30.239789962768555,0,The splitting maul.,The splitting maul.,30.239789962768555,100.00001525878906,30.239789962768555,0,The splitting maul.,The splitting maul.,30.239789962768555,100.00001525878906,30.239789962768555,False,False,False
What physical object made direct contact to plant the seed?,The farmer planted the seed with the metal rod poking through the seed drill.,SEIP,The metal rod is the target for: what physical object made direct contact to plant the seed?,drill..,1,The metal rod is the target for: what physical object made direct contact to plant the seed?,The physical object that made direct contact to plant the seed is the metal rod.,84.62145233154297,96.25362396240234,81.7858657836914,1,The metal rod is the target for: what physical object made direct contact to plant the seed?,The physical object that made direct contact to plant the seed is the metal rod.,84.62145233154297,96.25362396240234,81.7858657836914,1,The metal rod is the target for: what physical object made direct contact to plant the seed?,The physical object that made direct contact to plant the seed is the metal rod.,84.62145233154297,96.25362396240234,81.7858657836914,False,False,False
What physical object made direct contact to rake the leaves?,The gardener raked the leaves with the plastic comb attached to the leaf rake.,SEIP,The plastic comb.,The leaf rake.,0,The leaf rake.,The physical object that made direct contact to rake the leaves is the leaf rake itself.,74.00365447998047,73.1777572631836,89.32215118408203,0,The leaf rake.,The physical object that made direct contact to rake the leaves is the leaf rake itself.,74.00365447998047,73.1777572631836,89.32215118408203,0,The leaf rake.,The physical object that made direct contact to rake the leaves is the leaf rake itself.,74.00365447998047,73.1777572631836,89.32215118408203,False,False,False
What physical object made direct contact to edge the lawn?,The landscaper edged the lawn with the steel blade bound to the string trimmer.,SEIP,The steel blade.,The string trimmer.,1,The steel blade.,The steel blade.,31.27399063110352,99.99999237060548,31.27399063110352,1,The steel blade.,The steel blade.,31.27399063110352,99.99999237060548,31.27399063110352,0,The string trimmer.,The string trimmer.,26.495588302612305,100.00001525878906,26.495588302612305,False,False,False
What physical object made direct contact to chain the stump?,The logger chained the stump with the nylon rope hooked to the towing chain.,SEIP,The nylon rope is the target for: what physical object made direct contact to chain the stump?,chain..,1,The nylon rope is the target for: what physical object made direct contact to chain the stump?,The physical object that made direct contact to chain the stump is the axe.,86.06234741210938,77.17537689208984,85.52408599853516,1,The nylon rope is the target for: what physical object made direct contact to chain the stump?,The physical object that made direct contact to chain the stump is the axe.,86.06234741210938,77.17537689208984,85.52408599853516,0,chain..,The axe made direct contact with the chain to chain the stump.,34.28183364868164,42.84804916381836,72.21640014648438,False,False,False
What physical object made direct contact to drill the rock?,The miner drilled the rock with the glass rod inserted in the pneumatic drill.,SEIP,The glass rod.,The pneumatic drill.,0,The pneumatic drill.,The bit.,53.74843597412109,16.321922302246094,8.17239761352539,0,The pneumatic drill.,The bit.,53.74843597412109,16.321922302246094,8.17239761352539,0,The pneumatic drill.,The bit.,53.74843597412109,16.321922302246094,8.17239761352539,False,False,False
What physical object made direct contact to chip the sample?,The geologist chipped the sample with the bronze key swung at the rock hammer.,SEIP,The bronze key.,The rock hammer.,0,The rock hammer.,The rock hammer.,14.10256576538086,100.00001525878906,14.10256576538086,0,The rock hammer.,The rock hammer.,14.10256576538086,100.00001525878906,14.10256576538086,0,The rock hammer.,The rock hammer.,14.10256576538086,100.00001525878906,14.10256576538086,False,False,False
What physical object made direct contact to brush the fossil?,The paleontologist brushed the fossil with the cotton ball placed over the dust brush.,SEIP,The cotton ball is the target for: what physical object made direct contact to brush the fossil?,brush..,1,The cotton ball is the target for: what physical object made direct contact to brush the fossil?,The physical object that made direct contact to brush the fossil is a cotton ball.,84.09021759033203,96.77912902832033,82.48568725585938,1,The cotton ball is the target for: what physical object made direct contact to brush the fossil?,The physical object that made direct contact to brush the fossil is a cotton ball.,84.09021759033203,96.77912902832033,82.48568725585938,1,The cotton ball is the target for: what physical object made direct contact to brush the fossil?,The physical object that made direct contact to brush the fossil is a cotton ball.,84.09021759033203,96.77912902832033,82.48568725585938,False,False,False
What physical object made direct contact to sift the dirt?,The archaeologist sifted the dirt with the window screen placed above the wire mesh.,SEIP,The window screen.,The wire mesh.,1,The window screen.,The rake.,12.779778480529783,26.698335647583008,35.69195938110352,0,The wire mesh.,The wire mesh.,36.37424850463867,100.00001525878906,36.37424850463867,1,The window screen.,The rake.,12.779778480529783,26.698335647583008,35.69195938110352,False,True,False
What physical object made direct contact to slice the organ?,The coroner sliced the organ with the razor blade taped to the autopsy scalpel.,SEIP,The razor blade.,The autopsy scalpel.,1,The razor blade.,The razor blade.,37.537391662597656,100.0,37.537391662597656,1,The razor blade.,The razor blade.,37.537391662597656,100.0,37.537391662597656,1,The razor blade.,The razor blade.,37.537391662597656,100.0,37.537391662597656,False,False,False
What physical object made direct contact to extract the molar?,The dentist extracted the molar with the metal plier gripping the dental forceps.,SEIP,The metal plier is the target for: what physical object made direct contact to extract the molar?,forceps..,1,The metal plier is the target for: what physical object made direct contact to extract the molar?,The metal plier.,87.27698516845703,64.4343490600586,40.72816467285156,1,The metal plier is the target for: what physical object made direct contact to extract the molar?,The metal plier.,87.27698516845703,64.4343490600586,40.72816467285156,1,The metal plier is the target for: what physical object made direct contact to extract the molar?,The metal plier.,87.27698516845703,64.4343490600586,40.72816467285156,False,False,False
What physical object made direct contact to draw the blood?,The nurse drew the blood with the plastic tube shielding the hypodermic needle.,SEIP,The plastic tube.,The hypodermic needle.,1,The plastic tube.,The plastic tube.,32.685733795166016,99.99998474121094,32.685733795166016,1,The plastic tube.,The plastic tube.,32.685733795166016,99.99998474121094,32.685733795166016,1,The plastic tube.,The plastic tube.,32.685733795166016,99.99998474121094,32.685733795166016,False,False,False
What physical object made direct contact to stir the solution?,The chemist stirred the solution with the wooden stick tied to the glass stirring rod.,SEIP,The wooden stick.,The glass stirring rod.,0,The glass stirring rod.,The glass stirring rod.,53.75120162963867,100.0,53.75120162963867,0,The glass stirring rod.,The glass stirring rod.,53.75120162963867,100.0,53.75120162963867,0,The glass stirring rod.,The glass stirring rod.,53.75120162963867,100.0,53.75120162963867,False,False,False
What physical object made direct contact to swab the dish?,The biologist swabbed the dish with the cotton string wrapped on the sterile swab.,SEIP,The cotton string is the target for: what physical object made direct contact to swab the dish?,swab..,1,The cotton string is the target for: what physical object made direct contact to swab the dish?,The cotton string.,84.92890930175781,62.27352523803711,28.363006591796875,1,The cotton string is the target for: what physical object made direct contact to swab the dish?,The cotton string.,84.92890930175781,62.27352523803711,28.363006591796875,0,swab..,The sponge made direct contact to swab the dish.,49.27748489379883,52.14281845092773,74.17655181884766,False,False,False
What physical object made direct contact to align the laser?,The physicist aligned the laser with the mirrored shard resting on the optical lens.,SEIP,The mirrored shard.,The optical lens.,0,The optical lens.,The optical lens.,47.42948913574219,100.0,47.42948913574219,0,The optical lens.,The optical lens.,47.42948913574219,100.0,47.42948913574219,1,The mirrored shard.,The mirrored shard.,18.31933212280273,99.99999237060548,18.31933212280273,True,True,True
What physical object made direct contact to measure the gap?,The engineer measured the gap with the folded paper wedged in the caliper jaws.,SEIP,The folded paper.,The caliper jaws.,1,The folded paper.,The folded paper.,28.47272682189941,100.0,28.47272682189941,0,The caliper jaws.,The caliper jaws.,36.24064254760742,99.99998474121094,36.24064254760742,0,The caliper jaws.,The caliper jaws.,36.24064254760742,99.99998474121094,36.24064254760742,False,False,False
What physical object made direct contact to draft the blueprint?,The architect drafted the blueprint with the charcoal stick strapped to the drafting pen.,SEIP,The charcoal stick is the target for: what physical object made direct contact to draft the blueprint?,pen..,1,The charcoal stick is the target for: what physical object made direct contact to draft the blueprint?,The charcoal stick.,83.28056335449219,63.35466003417969,29.410446166992188,1,The charcoal stick is the target for: what physical object made direct contact to draft the blueprint?,The charcoal stick.,83.28056335449219,63.35466003417969,29.410446166992188,0,pen..,The pen made direct contact to draft the blueprint.,26.078432083129883,49.911231994628906,74.84976959228516,False,False,False
What physical object made direct contact to stamp the ledger?,The accountant stamped the ledger with the rubber eraser attached to the ink stamp.,SEIP,The rubber eraser.,The ink stamp.,0,The ink stamp.,The ink stamp.,49.05181121826172,100.0,49.05181121826172,0,The ink stamp.,The ink stamp.,49.05181121826172,100.0,49.05181121826172,1,The rubber eraser.,The rubber eraser.,37.94258117675781,100.0,37.94258117675781,True,True,True
What physical object made direct contact to open the letter?,The clerk opened the letter with the plastic card slid under the letter opener.,SEIP,The plastic card.,The letter opener.,0,The letter opener.,The letter opener.,64.75045776367188,99.9999771118164,64.75045776367188,0,The letter opener.,The letter opener.,64.75045776367188,99.9999771118164,64.75045776367188,1,The plastic card.,The plastic card.,36.5132942199707,100.0,36.5132942199707,True,True,True
What physical object made direct contact to stamp the date?,The librarian stamped the date with the metal coin hitting the date stamp.,SEIP,The metal coin is the target for: what physical object made direct contact to stamp the date?,stamp..,1,The metal coin is the target for: what physical object made direct contact to stamp the date?,The physical object that made direct contact to stamp the date is a die.,78.30184173583984,67.79463195800781,82.49121856689453,1,The metal coin is the target for: what physical object made direct contact to stamp the date?,The physical object that made direct contact to stamp the date is a die.,78.30184173583984,67.79463195800781,82.49121856689453,1,The metal coin is the target for: what physical object made direct contact to stamp the date?,The physical object that made direct contact to stamp the date is a die.,78.30184173583984,67.79463195800781,82.49121856689453,False,False,False
What physical object made direct contact to erase the board?,The teacher erased the board with the wool sock placed over the felt eraser.,SEIP,The wool sock.,The felt eraser.,0,The felt eraser.,The felt eraser.,56.81170654296875,100.0,56.81170654296875,0,The felt eraser.,The felt eraser.,56.81170654296875,100.0,56.81170654296875,1,The wool sock.,The eraser.,15.779911041259766,33.545692443847656,50.639747619628906,True,True,True
What physical object made direct contact to highlight the text?,The student highlighted the text with the yellow crayon pressing the neon highlighter.,SEIP,The yellow crayon.,The neon highlighter.,0,The neon highlighter.,The neon highlighter.,44.47380447387695,100.0000228881836,44.47380447387695,0,The neon highlighter.,The neon highlighter.,44.47380447387695,100.0000228881836,44.47380447387695,1,The yellow crayon.,The yellow crayon.,30.61572265625,100.0,30.61572265625,True,True,True
What physical object made direct contact to mix the paint?,The artist mixed the paint with the wooden spoon holding the palette knife.,SEIP,The wooden spoon is the target for: what physical object made direct contact to mix the paint?,knife..,1,The wooden spoon is the target for: what physical object made direct contact to mix the paint?,The wooden spoon.,82.30606079101562,63.458980560302734,26.206314086914062,1,The wooden spoon is the target for: what physical object made direct contact to mix the paint?,The wooden spoon.,82.30606079101562,63.458980560302734,26.206314086914062,0,knife..,The knife.,14.762713432312012,78.09939575195312,16.684467315673828,False,False,False
What physical object made direct contact to carve the wood?,The sculptor carved the wood with the iron nail strapped to the carving chisel.,SEIP,The iron nail.,The carving chisel.,1,The iron nail.,The iron nail.,23.24472045898437,100.0,23.24472045898437,0,The carving chisel.,The carving chisel.,43.9190559387207,100.0,43.9190559387207,1,The iron nail.,The iron nail.,23.24472045898437,100.0,23.24472045898437,False,True,False
What physical object made direct contact to set the stone?,The jeweler set the stone with the brass pin pressing the setting pliers.,SEIP,The brass pin.,The setting pliers.,0,The setting pliers.,The setting pliers.,29.598613739013672,99.99999237060548,29.598613739013672,0,The setting pliers.,The setting pliers.,29.598613739013672,99.99999237060548,29.598613739013672,1,The brass pin.,The brass pin.,28.47383117675781,100.0,28.47383117675781,True,True,True
What physical object made direct contact to glue the sole?,The cobbler glued the sole with the wooden stick blocking the adhesive brush.,SEIP,The wooden stick is the target for: what physical object made direct contact to glue the sole?,brush..,1,The wooden stick is the target for: what physical object made direct contact to glue the sole?,The wooden stick.,88.05924987792969,62.06468963623047,36.15156936645508,1,The wooden stick is the target for: what physical object made direct contact to glue the sole?,The wooden stick.,88.05924987792969,62.06468963623047,36.15156936645508,1,The wooden stick is the target for: what physical object made direct contact to glue the sole?,The wooden stick.,88.05924987792969,62.06468963623047,36.15156936645508,False,False,False
What physical object made direct contact to pin the hem?,The tailor pinned the hem with the paper clip attached to the sewing pin.,SEIP,The paper clip.,The sewing pin.,0,The sewing pin.,The needle.,54.19961929321289,58.210445404052734,41.81114959716797,0,The sewing pin.,The fabric.,54.19961929321289,56.00070190429688,37.35035705566406,1,The paper clip.,The paper clip.,23.542335510253903,100.0,23.542335510253903,True,True,True
What physical object made direct contact to pack the thread?,The weaver packed the thread with the plastic comb touching the wooden beater.,SEIP,The plastic comb.,The wooden beater.,1,The plastic comb.,The plastic comb.,35.74943542480469,100.0,35.74943542480469,1,The plastic comb.,The plastic comb.,35.74943542480469,100.0,35.74943542480469,1,The plastic comb.,The plastic comb.,35.74943542480469,100.0,35.74943542480469,False,False,False
What physical object made direct contact to hook the yarn?,The knitter hooked the yarn with the bent wire resting on the knitting needle.,SEIP,The bent wire is the target for: what physical object made direct contact to hook the yarn?,needle..,1,The bent wire is the target for: what physical object made direct contact to hook the yarn?,The physical object that made direct contact to hook the yarn is the bent wire.,87.54175567626953,95.7542953491211,82.71334075927734,1,The bent wire is the target for: what physical object made direct contact to hook the yarn?,The physical object that made direct contact to hook the yarn is the bent wire.,87.54175567626953,95.7542953491211,82.71334075927734,1,The bent wire is the target for: what physical object made direct contact to hook the yarn?,The physical object that made direct contact to hook the yarn is the bent wire.,87.54175567626953,95.7542953491211,82.71334075927734,False,False,False
What physical object made direct contact to score the rim?,The potter scored the rim with the metal fork taped to the needle tool.,SEIP,The metal fork.,The needle tool.,1,The metal fork.,The metal fork.,28.57594871520996,99.99998474121094,28.57594871520996,1,The metal fork.,The metal fork.,28.57594871520996,99.99998474121094,28.57594871520996,1,The metal fork.,The metal fork.,28.57594871520996,99.99998474121094,28.57594871520996,False,False,False
What physical object made direct contact to whip the cream?,The chef whipped the cream with the wire spring wrapped around the wire whisk.,SEIP,The wire spring.,The wire whisk.,1,The wire spring.,The wire spring.,26.541662216186523,100.00001525878906,26.541662216186523,0,The wire whisk.,The wire whisk.,25.857192993164062,100.0000228881836,25.857192993164062,1,The wire spring.,The wire spring.,26.541662216186523,100.00001525878906,26.541662216186523,False,True,False
What physical object made direct contact to sift the flour?,The baker sifted the flour with the nylon mesh sitting in the metal sieve.,SEIP,The nylon mesh is the target for: what physical object made direct contact to sift the flour?,sieve..,1,The nylon mesh is the target for: what physical object made direct contact to sift the flour?,The physical object that made direct contact to sift the flour is a whisk.,87.34320068359375,77.35779571533203,82.21719360351562,1,The nylon mesh is the target for: what physical object made direct contact to sift the flour?,The physical object that made direct contact to sift the flour is a whisk.,87.34320068359375,77.35779571533203,82.21719360351562,1,The nylon mesh is the target for: what physical object made direct contact to sift the flour?,The physical object that made direct contact to sift the flour is a whisk.,87.34320068359375,77.35779571533203,82.21719360351562,False,False,False
What physical object made direct contact to chop the ribs?,The butcher chopped the ribs with the flat stone swung at the meat axe.,SEIP,The flat stone.,The meat axe.,1,The flat stone.,The flat stone.,24.8475284576416,100.0,24.8475284576416,0,The meat axe.,The meat axe.,36.13855743408203,100.0,36.13855743408203,0,The meat axe.,The meat axe.,36.13855743408203,100.0,36.13855743408203,False,False,False
What physical object made direct contact to pour the wine?,The sommelier poured the wine with the glass funnel resting on the bottle neck.,SEIP,The glass funnel.,The bottle neck.,1,The glass funnel.,The glass funnel.,40.82137298583984,99.99999237060548,40.82137298583984,0,The bottle neck.,The bottle.,33.282806396484375,78.29364776611328,34.44730758666992,1,The glass funnel.,The glass funnel.,40.82137298583984,99.99999237060548,40.82137298583984,False,True,False
What physical object made direct contact to crush the ice?,The bartender crushed the ice with the wooden block hitting the ice muddler.,SEIP,The wooden block is the target for: what physical object made direct contact to crush the ice?,muddler..,1,The wooden block is the target for: what physical object made direct contact to crush the ice?,The wooden block.,87.25589752197266,54.88903045654297,25.285869598388672,1,The wooden block is the target for: what physical object made direct contact to crush the ice?,The wooden block.,87.25589752197266,54.88903045654297,25.285869598388672,0,muddler..,The muddler made direct contact to crush the ice.,11.84215259552002,60.560523986816406,67.5748062133789,False,False,False
What physical object made direct contact to tamp the espresso?,The barista tamped the espresso with the plastic cap pressing the metal tamper.,SEIP,The plastic cap.,The metal tamper.,0,The metal tamper.,The metal tamper.,42.15421676635742,100.0,42.15421676635742,0,The metal tamper.,The metal tamper.,42.15421676635742,100.0,42.15421676635742,1,The plastic cap.,The plastic cap.,35.38846206665039,100.0000228881836,35.38846206665039,True,True,True
What physical object made direct contact to sweep the crumbs?,The waiter swept the crumbs with the folded napkin hiding the crumber tool.,SEIP,The folded napkin.,The crumber tool.,0,The crumber tool.,The crumber tool.,27.154272079467773,100.0,27.154272079467773,0,The crumber tool.,The crumber tool.,27.154272079467773,100.0,27.154272079467773,1,The folded napkin.,The folded napkin.,36.55842208862305,100.0,36.55842208862305,True,True,True
What physical object made direct contact to scrub the tub?,The maid scrubbed the tub with the pumice stone attached to the scrub brush.,SEIP,The pumice stone is the target for: what physical object made direct contact to scrub the tub?,brush..,1,The pumice stone is the target for: what physical object made direct contact to scrub the tub?,The pumice stone is the target for: the pumice stone.,82.05970764160156,64.59907531738281,20.49432182312012,1,The pumice stone is the target for: what physical object made direct contact to scrub the tub?,The pumice stone.,82.05970764160156,64.687255859375,26.357534408569336,1,The pumice stone is the target for: what physical object made direct contact to scrub the tub?,The pumice stone is the target for: the pumice stone.,82.05970764160156,64.59907531738281,20.49432182312012,False,False,False
What physical object made direct contact to polish the brass?,The cleaner polished the brass with the cotton shirt wrapped on the polishing cloth.,SEIP,The cotton shirt.,The polishing cloth.,0,The polishing cloth.,The polishing cloth.,56.91300582885742,100.0,56.91300582885742,0,The polishing cloth.,The polishing cloth.,56.91300582885742,100.0,56.91300582885742,1,The cotton shirt.,The cotton shirt.,20.83652877807617,100.0000228881836,20.83652877807617,True,True,True
What physical object made direct contact to plunge the toilet?,The janitor plunged the toilet with the plastic bowl covering the rubber plunger.,SEIP,The plastic bowl.,The rubber plunger.,0,The rubber plunger.,The rubber plunger.,60.01995849609375,100.00001525878906,60.01995849609375,0,The rubber plunger.,The rubber plunger.,60.01995849609375,100.00001525878906,60.01995849609375,1,The plastic bowl.,The plastic bowl.,42.771331787109375,100.0,42.771331787109375,True,True,True
What physical object made direct contact to tighten the fitting?,The plumber tightened the fitting with the leather strap wound on the pipe wrench.,SEIP,The leather strap is the target for: what physical object made direct contact to tighten the fitting?,wrench..,1,The leather strap is the target for: what physical object made direct contact to tighten the fitting?,The physical object that made direct contact to tighten the fitting is a buckle.,79.00890350341797,79.62432098388672,85.61665344238281,1,The leather strap is the target for: what physical object made direct contact to tighten the fitting?,The physical object that made direct contact to tighten the fitting is a buckle.,79.00890350341797,79.62432098388672,85.61665344238281,0,wrench..,The wrench made direct contact to tighten the fitting.,43.67329788208008,58.22842788696289,79.27388000488281,False,False,False
What physical object made direct contact to crimp the wire?,The electrician crimped the wire with the brass clamp pressing the crimping tool.,SEIP,The brass clamp.,The crimping tool.,0,The crimping tool.,The jaws of the crimping tool.,65.68450927734375,90.53765869140624,62.8631477355957,0,The crimping tool.,The jaws of the crimping tool.,65.68450927734375,90.53765869140624,62.8631477355957,1,The brass clamp.,The brass clamp.,47.08051681518555,100.0000228881836,47.08051681518555,True,True,True
What physical object made direct contact to test the spark?,The mechanic tested the spark with the steel probe touching the spark plug.,SEIP,The steel probe.,The spark plug.,0,The spark plug.,The spark plug.,57.0643310546875,100.00001525878906,57.0643310546875,0,The spark plug.,The spark plug.,57.0643310546875,100.00001525878906,57.0643310546875,0,The spark plug.,The spark plug.,57.0643310546875,100.00001525878906,57.0643310546875,False,False,False
What physical object made direct contact to wash the windshield?,The driver washed the windshield with the wet newspaper rubbing the rubber squeegee.,SEIP,The wet newspaper is the target for: what physical object made direct contact to wash the windshield?,squeegee..,1,The wet newspaper is the target for: what physical object made direct contact to wash the windshield?,The physical object that made direct contact to wash the windshield is a sponge.,87.33582305908203,80.5331802368164,82.81983184814453,1,The wet newspaper is the target for: what physical object made direct contact to wash the windshield?,The physical object that made direct contact to wash the windshield is a sponge.,87.33582305908203,80.5331802368164,82.81983184814453,1,The wet newspaper is the target for: what physical object made direct contact to wash the windshield?,The physical object that made direct contact to wash the windshield is a sponge.,87.33582305908203,80.5331802368164,82.81983184814453,False,False,False
What physical object made direct contact to check the oil?,The pilot checked the oil with the wooden dowel taped to the metal dipstick.,SEIP,The wooden dowel.,The metal dipstick.,1,The wooden dowel.,The wooden dowel.,29.160520553588867,100.0,29.160520553588867,0,The metal dipstick.,The metal dipstick.,42.04267883300781,100.0,42.04267883300781,1,The wooden dowel.,The wooden dowel.,29.160520553588867,100.0,29.160520553588867,False,True,False
What physical object made direct contact to unfurled the sail?,The sailor unfurled the sail with the nylon cord tied to the canvas halyard.,SEIP,The nylon cord.,The canvas halyard.,1,The nylon cord.,The nylon cord.,40.505130767822266,100.00001525878906,40.505130767822266,1,The nylon cord.,The nylon cord.,40.505130767822266,100.00001525878906,40.505130767822266,1,The nylon cord.,The nylon cord.,40.505130767822266,100.00001525878906,40.505130767822266,False,False,False
What physical object made direct contact to steer the boat?,The captain steered the boat with the wooden peg jammed in the helm wheel.,SEIP,The wooden peg is the target for: what physical object made direct contact to steer the boat?,wheel..,1,The wooden peg is the target for: what physical object made direct contact to steer the boat?,The wooden peg is the target for the rudder.,85.78343200683594,75.4337158203125,48.71551513671875,1,The wooden peg is the target for: what physical object made direct contact to steer the boat?,The wooden peg is the target for the rudder.,85.78343200683594,75.4337158203125,48.71551513671875,0,wheel..,The wheel.,30.11283302307129,84.26155090332031,32.40578079223633,False,False,False
What physical object made direct contact to net the fish?,The angler netted the fish with the plastic basket sitting in the landing net.,SEIP,The plastic basket.,The landing net.,0,The landing net.,The physical object that made direct contact to net the fish is the net itself.,37.00725555419922,44.79499435424805,88.66497039794922,0,The landing net.,The physical object that made direct contact to net the fish is the net itself.,37.00725555419922,44.79499435424805,88.66497039794922,1,The plastic basket.,The plastic basket.,27.85078239440918,99.99998474121094,27.85078239440918,True,True,True
What physical object made direct contact to skin the pelt?,The hunter skinned the pelt with the broken glass tied to the skinning knife.,SEIP,The broken glass.,The skinning knife.,0,The skinning knife.,The skinning knife.,42.23893737792969,100.0,42.23893737792969,0,The skinning knife.,The skinning knife.,42.23893737792969,100.0,42.23893737792969,1,The broken glass.,The broken glass.,24.01897621154785,99.99998474121094,24.01897621154785,True,True,True
What physical object made direct contact to secure the bait?,The trapper secured the bait with the metal wire wrapped on the trap trigger.,SEIP,The metal wire is the target for: what physical object made direct contact to secure the bait?,trigger..,1,The metal wire is the target for: what physical object made direct contact to secure the bait?,The hook.,87.71900177001953,37.44761657714844,33.47979736328125,1,The metal wire is the target for: what physical object made direct contact to secure the bait?,The hook.,87.71900177001953,37.44761657714844,33.47979736328125,0,trigger..,The hook.,18.95051383972168,38.81961441040039,33.47979736328125,False,False,False
What physical object made direct contact to mark the tree?,The lumberjack marked the tree with the chalk piece glued to the marking paint.,SEIP,The chalk piece.,The marking paint.,0,The marking paint.,The brush.,43.27364349365234,37.921478271484375,24.400426864624023,0,The marking paint.,The brush.,43.27364349365234,37.921478271484375,24.400426864624023,0,The marking paint.,The brush.,43.27364349365234,37.921478271484375,24.400426864624023,False,False,False
What physical object made direct contact to pitch the hay?,The farmer pitched the hay with the wooden pole strapped to the pitchfork.,SEIP,The wooden pole.,The pitchfork.,0,The pitchfork.,The physical object that made direct contact to pitch the hay was the pitchfork.,19.922021865844727,57.0101203918457,78.7943344116211,0,The pitchfork.,The physical object that made direct contact to pitch the hay was the pitchfork.,19.922021865844727,57.0101203918457,78.7943344116211,1,The wooden pole.,The wooden pole.,31.080808639526367,100.0000228881836,31.080808639526367,True,True,True
What physical object made direct contact to weed the bed?,The gardener weeded the bed with the metal spoon taped to the weeding hoe.,SEIP,The metal spoon is the target for: what physical object made direct contact to weed the bed?,hoe..,1,The metal spoon is the target for: what physical object made direct contact to weed the bed?,The physical object that made direct contact to weed the bed is the metal spoon.,83.25135803222656,95.46267700195312,83.41117858886719,1,The metal spoon is the target for: what physical object made direct contact to weed the bed?,The physical object that made direct contact to weed the bed is the metal spoon.,83.25135803222656,95.46267700195312,83.41117858886719,1,The metal spoon is the target for: what physical object made direct contact to weed the bed?,The physical object that made direct contact to weed the bed is the metal spoon.,83.25135803222656,95.46267700195312,83.41117858886719,False,False,False
What physical object made direct contact to roll the turf?,The landscaper rolled the turf with the concrete block pulling the lawn roller.,SEIP,The concrete block.,The lawn roller.,0,The lawn roller.,The lawn roller.,58.25185775756836,99.99998474121094,58.25185775756836,0,The lawn roller.,The lawn roller.,58.25185775756836,99.99998474121094,58.25185775756836,0,The lawn roller.,The lawn roller.,58.25185775756836,99.99998474121094,58.25185775756836,False,False,False
What physical object made direct contact to mix the cement?,The mason mixed the cement with the steel plate bolted to the mixing paddle.,SEIP,The steel plate.,The mixing paddle.,0,The mixing paddle.,The mixing paddle.,36.89361190795898,100.0,36.89361190795898,0,The mixing paddle.,The mixing paddle.,36.89361190795898,100.0,36.89361190795898,1,The steel plate.,The steel plate.,25.09929847717285,100.00001525878906,25.09929847717285,True,True,True
What physical object made direct contact to drive the screw?,The carpenter drove the screw with the brass coin inserted in the screwdriver.,SEIP,The brass coin is the target for: what physical object made direct contact to drive the screw?,screwdriver..,1,The brass coin is the target for: what physical object made direct contact to drive the screw?,The brass coin is the target for: the screwdriver.,79.70867156982422,79.2420654296875,48.19390869140625,1,The brass coin is the target for: what physical object made direct contact to drive the screw?,The brass coin is the target for: the screwdriver.,79.70867156982422,79.2420654296875,48.19390869140625,0,screwdriver..,The screwdriver.,52.55516052246094,92.11732482910156,58.2625617980957,False,False,False
What physical object made direct contact to rip the felt?,The roofer ripped the felt with the pocket knife taped to the roofing cutter.,SEIP,The pocket knife.,The roofing cutter.,1,The pocket knife.,The pocket knife.,30.407894134521484,100.00001525878906,30.407894134521484,1,The pocket knife.,The pocket knife.,30.407894134521484,100.00001525878906,30.407894134521484,0,The roofing cutter.,The roofing cutter.,33.88236618041992,100.0,33.88236618041992,False,False,False
What physical object made direct contact to smooth the putty?,The glazier smoothed the putty with the plastic card masking the putty knife.,SEIP,The plastic card.,The putty knife.,0,The putty knife.,The physical object that made direct contact to smooth the putty is the putty knife.,52.539737701416016,70.47745513916016,85.30329132080078,0,The putty knife.,The physical object that made direct contact to smooth the putty is the putty knife.,52.539737701416016,70.47745513916016,85.30329132080078,0,The putty knife.,The physical object that made direct contact to smooth the putty is the putty knife.,52.539737701416016,70.47745513916016,85.30329132080078,False,False,False
What physical object made direct contact to thin the enamel?,The painter thinned the enamel with the glass dropper resting on the paint stirrer.,SEIP,The glass dropper is the target for: what physical object made direct contact to thin the enamel?,stirrer..,1,The glass dropper is the target for: what physical object made direct contact to thin the enamel?,The physical object that made direct contact to thin the enamel is the glass dropper.,82.59395599365234,96.73091888427734,79.8956298828125,1,The glass dropper is the target for: what physical object made direct contact to thin the enamel?,The physical object that made direct contact to thin the enamel is the glass dropper.,82.59395599365234,96.73091888427734,79.8956298828125,1,The glass dropper is the target for: what physical object made direct contact to thin the enamel?,The physical object that made direct contact to thin the enamel is the glass dropper.,82.59395599365234,96.73091888427734,79.8956298828125,False,False,False
What physical object made direct contact to brush the slag?,The welder brushed the slag with the steel wool tied to the chipping hammer.,SEIP,The steel wool.,The chipping hammer.,1,The steel wool.,The steel wool.,32.65111541748047,100.0000228881836,32.65111541748047,0,The chipping hammer.,The chipping hammer.,32.801902770996094,100.00001525878906,32.801902770996094,1,The steel wool.,The steel wool.,32.65111541748047,100.0000228881836,32.65111541748047,False,True,False
What physical object made direct contact to punch the hole?,The blacksmith punched the hole with the iron rod hitting the punching tool.,SEIP,The iron rod.,The punching tool.,0,The punching tool.,The physical object that made direct contact to punch the hole is the die.,58.41513442993164,50.96205520629883,84.11106872558594,0,The punching tool.,The physical object that made direct contact to punch the hole is the die.,58.41513442993164,50.96205520629883,84.11106872558594,1,The iron rod.,The iron rod.,34.57989501953125,100.0,34.57989501953125,True,True,True
What physical object made direct contact to clear the dust?,The miner cleared the dust with the rubber hose attached to the blower fan.,SEIP,The rubber hose is the target for: what physical object made direct contact to clear the dust?,fan..,1,The rubber hose is the target for: what physical object made direct contact to clear the dust?,The physical object that made direct contact to clear the dust is the rubber hose.,81.30451202392578,95.18352508544922,77.44218444824219,1,The rubber hose is the target for: what physical object made direct contact to clear the dust?,The physical object that made direct contact to clear the dust is the rubber hose.,81.30451202392578,95.18352508544922,77.44218444824219,0,fan..,The fan.,9.160540580749512,67.12026977539062,22.492570877075195,False,False,False
What physical object made direct contact to test the streak?,The geologist tested the streak with the porcelain shard covering the streak plate.,SEIP,The porcelain shard.,The streak plate.,0,The streak plate.,The streak plate.,57.66107940673828,100.0,57.66107940673828,0,The streak plate.,The streak plate.,57.66107940673828,100.0,57.66107940673828,1,The porcelain shard.,The porcelain shard.,19.80258750915528,100.0000228881836,19.80258750915528,True,True,True
What physical object made direct contact to scrape the bone?,The archaeologist scraped the bone with the bamboo stick touching the metal scraper.,SEIP,The bamboo stick.,The metal scraper.,0,The metal scraper.,The metal scraper.,60.51502227783203,100.00001525878906,60.51502227783203,0,The metal scraper.,The metal scraper.,60.51502227783203,100.00001525878906,60.51502227783203,1,The bamboo stick.,The bamboo stick.,27.311527252197266,100.00001525878906,27.311527252197266,True,True,True
What physical object made direct contact to secure the cast?,The paleontologist secured the cast with the cloth strip wrapped around the plaster bandage.,SEIP,The cloth strip is the target for: what physical object made direct contact to secure the cast?,bandage..,1,The cloth strip is the target for: what physical object made direct contact to secure the cast?,The physical object that made direct contact to secure the cast is the splint.,80.27899169921875,64.12226104736328,75.86738586425781,1,The cloth strip is the target for: what physical object made direct contact to secure the cast?,The physical object that made direct contact to secure the cast is the splint.,80.27899169921875,64.12226104736328,75.86738586425781,0,bandage..,The physical object that made direct contact to secure the cast is the bandage.,33.99539566040039,62.8947868347168,78.05025482177734,False,False,False
What physical object made direct contact to weigh the brain?,The coroner weighed the brain with the plastic tray sitting on the autopsy scale.,SEIP,The plastic tray.,The autopsy scale.,1,The plastic tray.,The plastic tray.,28.66171646118164,100.00001525878906,28.66171646118164,1,The plastic tray.,The plastic tray.,28.66171646118164,100.00001525878906,28.66171646118164,1,The plastic tray.,The plastic tray.,28.66171646118164,100.00001525878906,28.66171646118164,False,False,False
What physical object made direct contact to suction the blood?,The surgeon suctioned the blood with the rubber tube placed inside the surgical aspirator.,SEIP,The rubber tube.,The surgical aspirator.,1,The rubber tube.,The rubber tube.,36.00050735473633,99.99999237060548,36.00050735473633,0,The surgical aspirator.,The surgical aspirator.,34.66041564941406,100.0,34.66041564941406,0,The surgical aspirator.,The surgical aspirator.,34.66041564941406,100.0,34.66041564941406,False,False,False
What physical object made direct contact to dress the wound?,The nurse dressed the wound with the cotton pad hiding the sterile gauze.,SEIP,The cotton pad is the target for: what physical object made direct contact to dress the wound?,gauze..,1,The cotton pad is the target for: what physical object made direct contact to dress the wound?,The cotton pad.,83.36064910888672,65.72965240478516,33.48609161376953,1,The cotton pad is the target for: what physical object made direct contact to dress the wound?,The cotton pad.,83.36064910888672,65.72965240478516,33.48609161376953,1,The cotton pad is the target for: what physical object made direct contact to dress the wound?,The cotton pad.,83.36064910888672,65.72965240478516,33.48609161376953,False,False,False
What physical object made direct contact to cure the resin?,The dentist cured the resin with the blue LED taped to the curing light.,SEIP,The blue LED.,The curing light.,1,The blue LED.,The physical object that made direct contact to cure the resin was the blue LED.,12.077741622924805,54.39126968383789,75.02013397216797,0,The curing light.,The physical object that made direct contact to cure the resin was the UV light.,36.76484298706055,42.65762710571289,84.65556335449219,1,The blue LED.,The physical object that made direct contact to cure the resin was the blue LED.,12.077741622924805,54.39126968383789,75.02013397216797,False,True,False
What physical object made direct contact to filter the precipitate?,The chemist filter the precipitate with the coffee filter lining the glass funnel.,SEIP,The coffee filter.,The glass funnel.,1,The coffee filter.,The coffee filter.,43.84193420410156,100.0,43.84193420410156,1,The coffee filter.,The coffee filter.,43.84193420410156,100.0,43.84193420410156,0,The glass funnel.,The glass funnel.,27.90663146972656,99.99999237060548,27.90663146972656,False,False,False
What physical object made direct contact to pin the specimen?,The biologist pinned the specimen with the sewing needle touching the insect pin.,SEIP,The sewing needle is the target for: what physical object made direct contact to pin the specimen?,pin..,1,The sewing needle is the target for: what physical object made direct contact to pin the specimen?,The physical object that made direct contact to pin the specimen is the sewing needle.,80.2800064086914,96.87881469726562,81.90370178222656,1,The sewing needle is the target for: what physical object made direct contact to pin the specimen?,The physical object that made direct contact to pin the specimen is the sewing needle.,80.2800064086914,96.87881469726562,81.90370178222656,1,The sewing needle is the target for: what physical object made direct contact to pin the specimen?,The physical object that made direct contact to pin the specimen is the sewing needle.,80.2800064086914,96.87881469726562,81.90370178222656,False,False,False
What physical object made direct contact to tweak the mirror?,The physicist tweaked the mirror with the brass screw pushing the adjustment knob.,SEIP,The brass screw.,The adjustment knob.,1,The brass screw.,The brass screw.,31.724262237548828,100.0,31.724262237548828,0,The adjustment knob.,The adjustment knob.,32.12122344970703,100.00001525878906,32.12122344970703,1,The brass screw.,The brass screw.,31.724262237548828,100.0,31.724262237548828,False,True,False
What physical object made direct contact to turn the bolt?,The engineer turned the bolt with the aluminum plate gripping the torque wrench.,SEIP,The aluminum plate.,The torque wrench.,1,The aluminum plate.,The aluminum plate.,31.677574157714844,99.99998474121094,31.677574157714844,0,The torque wrench.,The torque wrench.,57.2967529296875,99.99999237060548,57.2967529296875,1,The aluminum plate.,The aluminum plate.,31.677574157714844,99.99998474121094,31.677574157714844,False,True,False
What physical object made direct contact to shade the wall?,The architect shaded the wall with the graphite stick masking the drawing pencil.,SEIP,The graphite stick is the target for: what physical object made direct contact to shade the wall?,pencil..,1,The graphite stick is the target for: what physical object made direct contact to shade the wall?,The physical object that made direct contact to shade the wall is the graphite stick.,83.11211395263672,95.65335845947266,83.94336700439453,1,The graphite stick is the target for: what physical object made direct contact to shade the wall?,The physical object that made direct contact to shade the wall is the graphite stick.,83.11211395263672,95.65335845947266,83.94336700439453,1,The graphite stick is the target for: what physical object made direct contact to shade the wall?,The physical object that made direct contact to shade the wall is the graphite stick.,83.11211395263672,95.65335845947266,83.94336700439453,False,False,False
What physical object made direct contact to pierce the paper?,The accountant pierced the paper with the steel awl pressing the hole puncher.,SEIP,The steel awl.,The hole puncher.,1,The steel awl.,The steel awl.,22.736608505249023,100.0,22.736608505249023,0,The hole puncher.,The hole puncher.,31.416719436645508,100.0,31.416719436645508,1,The steel awl.,The steel awl.,22.736608505249023,100.0,22.736608505249023,False,True,False
What physical object made direct contact to seal the box?,The clerk sealed the box with the plastic tape covering the tape dispenser.,SEIP,The plastic tape.,The tape dispenser.,0,The tape dispenser.,The tape dispenser.,36.28079605102539,100.0000228881836,36.28079605102539,1,The plastic tape.,The plastic tape.,46.76897048950195,100.0,46.76897048950195,1,The plastic tape.,The plastic tape.,46.76897048950195,100.0,46.76897048950195,True,False,False
What physical object made direct contact to scan the code?,The librarian scanned the code with the phone camera hiding the barcode scanner.,SEIP,The phone camera is the target for: what physical object made direct contact to scan the code?,scanner..,1,The phone camera is the target for: what physical object made direct contact to scan the code?,The phone camera.,79.38070678710938,67.48825073242188,30.801719665527344,1,The phone camera is the target for: what physical object made direct contact to scan the code?,The phone camera.,79.38070678710938,67.48825073242188,30.801719665527344,1,The phone camera is the target for: what physical object made direct contact to scan the code?,The phone camera.,79.38070678710938,67.48825073242188,30.801719665527344,False,False,False
What physical object made direct contact to point at the map?,The teacher pointed at the map with the plastic ruler attached to the laser pointer.,SEIP,The plastic ruler.,The laser pointer.,0,The laser pointer.,The laser pointer.,39.38410949707031,100.00001525878906,39.38410949707031,0,The laser pointer.,The laser pointer.,39.38410949707031,100.00001525878906,39.38410949707031,0,The laser pointer.,The laser pointer.,39.38410949707031,100.00001525878906,39.38410949707031,False,False,False
What physical object made direct contact to clip the paper?,The student clipped the paper with the bobby pin pressing the binder clip.,SEIP,The bobby pin.,The binder clip.,0,The binder clip.,The binder clip.,46.69779968261719,100.0000228881836,46.69779968261719,0,The binder clip.,The binder clip.,46.69779968261719,100.0000228881836,46.69779968261719,0,The binder clip.,The binder clip.,46.69779968261719,100.0000228881836,46.69779968261719,False,False,False
What physical object made direct contact to stretch the canvas?,The artist stretched the canvas with the metal pliers gripping the canvas stretchers.,SEIP,The metal pliers is the target for: what physical object made direct contact to stretch the canvas?,stretchers..,1,The metal pliers is the target for: what physical object made direct contact to stretch the canvas?,The metal pliers.,86.14778137207031,58.93695831298828,30.61215591430664,1,The metal pliers is the target for: what physical object made direct contact to stretch the canvas?,The metal pliers.,86.14778137207031,58.93695831298828,30.61215591430664,1,The metal pliers is the target for: what physical object made direct contact to stretch the canvas?,The metal pliers.,86.14778137207031,58.93695831298828,30.61215591430664,False,False,False
What physical object made direct contact to polish the bronze?,The sculptor polished the bronze with the leather pad hiding the buffing wheel.,SEIP,The leather pad.,The buffing wheel.,1,The leather pad.,The leather pad.,16.98089599609375,100.0,16.98089599609375,0,The buffing wheel.,The buffing wheel.,36.73617935180664,100.0,36.73617935180664,1,The leather pad.,The leather pad.,16.98089599609375,100.0,16.98089599609375,False,True,False
What physical object made direct contact to size the band?,The jeweler sized the band with the steel rod slipped inside the ring mandrel.,SEIP,The steel rod.,The ring mandrel.,1,The steel rod.,The steel rod.,29.368417739868164,100.00001525878906,29.368417739868164,1,The steel rod.,The steel rod.,29.368417739868164,100.00001525878906,29.368417739868164,1,The steel rod.,The steel rod.,29.368417739868164,100.00001525878906,29.368417739868164,False,False,False
What physical object made direct contact to punch the leather?,The cobbler punched the leather with the iron nail bound to the leather punch.,SEIP,The iron nail is the target for: what physical object made direct contact to punch the leather?,punch..,1,The iron nail is the target for: what physical object made direct contact to punch the leather?,The iron nail.,85.9263687133789,67.56888580322266,37.18330001831055,1,The iron nail is the target for: what physical object made direct contact to punch the leather?,The iron nail.,85.9263687133789,67.56888580322266,37.18330001831055,0,punch..,The fist made direct contact to punch the leather.,40.07634353637695,46.39760208129883,81.68707275390625,False,False,False
What physical object made direct contact to snap the button?,The tailor snapped the button with the metal coin pushing the snap setter.,SEIP,The metal coin.,The snap setter.,0,The snap setter.,The physical object that made direct contact to snap the button is the snap setter.,54.58553314208984,65.25672149658203,89.18476104736328,0,The snap setter.,The physical object that made direct contact to snap the button is the snap setter.,54.58553314208984,65.25672149658203,89.18476104736328,0,The snap setter.,The physical object that made direct contact to snap the button is the snap setter.,54.58553314208984,65.25672149658203,89.18476104736328,False,False,False
What physical object made direct contact to untangle the warp?,The weaver untangled the warp with the knitting needle touching the weaving hook.,SEIP,The knitting needle.,The weaving hook.,1,The knitting needle.,The knitting needle.,29.61176872253418,99.99998474121094,29.61176872253418,1,The knitting needle.,The knitting needle.,29.61176872253418,99.99998474121094,29.61176872253418,0,The weaving hook.,The weaving hook.,35.06143569946289,100.0,35.06143569946289,False,False,False
What physical object made direct contact to glaze the mug?,The potter glazed the mug with the plastic dropper resting on the glaze brush.,SEIP,The plastic dropper is the target for: what physical object made direct contact to glaze the mug?,brush..,1,The plastic dropper is the target for: what physical object made direct contact to glaze the mug?,The plastic dropper.,87.65849304199219,63.337589263916016,36.3481330871582,1,The plastic dropper is the target for: what physical object made direct contact to glaze the mug?,The physical object that made direct contact to glaze the mug is the plastic dropper.,87.65849304199219,95.5740203857422,83.38236236572266,0,brush..,The brush.,22.33888816833496,81.63460540771484,30.29968643188477,False,False,False
What physical object made direct contact to peel the potato?,The chef peeled the potato with the metal spoon masking the vegetable peeler.,SEIP,The metal spoon.,The vegetable peeler.,0,The vegetable peeler.,The vegetable peeler.,60.179466247558594,100.0000228881836,60.179466247558594,0,The vegetable peeler.,The vegetable peeler.,60.179466247558594,100.0000228881836,60.179466247558594,0,The vegetable peeler.,The vegetable peeler.,60.179466247558594,100.0000228881836,60.179466247558594,False,False,False
What physical object made direct contact to cut the pastry?,The baker cut the pastry with the plastic wheel taped to the pastry blender.,SEIP,The plastic wheel.,The pastry blender.,0,The pastry blender.,The pastry blender.,66.1552734375,99.99998474121094,66.1552734375,0,The pastry blender.,The pastry blender.,66.1552734375,99.99998474121094,66.1552734375,0,The pastry blender.,The pastry blender.,66.1552734375,99.99998474121094,66.1552734375,False,False,False
What physical object made direct contact to tie the roast?,The butcher tied the roast with the nylon string wrapping the butcher's twine.,SEIP,The nylon string is the target for: what physical object made direct contact to tie the roast?,twine..,1,The nylon string is the target for: what physical object made direct contact to tie the roast?,The physical object that made direct contact to tie the roast is a knife.,89.54240417480469,78.85743713378906,86.02767181396484,1,The nylon string is the target for: what physical object made direct contact to tie the roast?,The physical object that made direct contact to tie the roast is a knife.,89.54240417480469,78.85743713378906,86.02767181396484,1,The nylon string is the target for: what physical object made direct contact to tie the roast?,The physical object that made direct contact to tie the roast is a knife.,89.54240417480469,78.85743713378906,86.02767181396484,False,False,False
What physical object made direct contact to chill the bottle?,The sommelier chilled the bottle with the ice pack covering the wine cooler.,SEIP,The ice pack.,The wine cooler.,1,The ice pack.,The ice pack.,32.998985290527344,99.99998474121094,32.998985290527344,0,The wine cooler.,The ice bucket.,41.59326553344727,46.03743743896485,33.00977325439453,1,The ice pack.,The ice pack.,32.998985290527344,99.99998474121094,32.998985290527344,False,True,False
What physical object made direct contact to squeeze the lime?,The bartender squeezed the lime with the steel tongs pressing the citrus squeezer.,SEIP,The steel tongs.,The citrus squeezer.,0,The citrus squeezer.,The citrus squeezer.,51.680850982666016,100.00001525878906,51.680850982666016,0,The citrus squeezer.,The citrus squeezer.,51.680850982666016,100.00001525878906,51.680850982666016,1,The steel tongs.,The steel tongs.,30.94337654113769,100.0,30.94337654113769,True,True,True
What physical object made direct contact to sweep the grinds?,The barista swept the grinds with the paint brush masking the espresso brush.,SEIP,The paint brush is the target for: what physical object made direct contact to sweep the grinds?,brush..,1,The paint brush is the target for: what physical object made direct contact to sweep the grinds?,The paint brush.,84.42362213134766,63.06571960449219,29.85283660888672,1,The paint brush is the target for: what physical object made direct contact to sweep the grinds?,The paint brush.,84.42362213134766,63.06571960449219,29.85283660888672,1,The paint brush is the target for: what physical object made direct contact to sweep the grinds?,The paint brush.,84.42362213134766,63.06571960449219,29.85283660888672,False,False,False
What physical object made direct contact to crack the pepper?,The waiter cracked the pepper with the metal nut turning the pepper mill.,SEIP,The metal nut.,The pepper mill.,0,The pepper mill.,The pepper mill.,49.25630569458008,100.0,49.25630569458008,0,The pepper mill.,The pepper mill.,49.25630569458008,100.0,49.25630569458008,1,The metal nut.,The metal nut.,36.9880256652832,99.99999237060548,36.9880256652832,True,True,True
What physical object made direct contact to fluff the pillow?,The maid fluffed the pillow with the wooden hanger striking the feather duster.,SEIP,The wooden hanger.,The feather duster.,1,The wooden hanger.,The wooden hanger.,26.558074951171875,100.0,26.558074951171875,0,The feather duster.,The feather duster.,36.718040466308594,100.00001525878906,36.718040466308594,1,The wooden hanger.,The wooden hanger.,26.558074951171875,100.0,26.558074951171875,False,True,False
What physical object made direct contact to unblock the drain?,The cleaner unblocked the drain with the wire hanger snaking the plumbing snake.,SEIP,The wire hanger is the target for: what physical object made direct contact to unblock the drain?,snake..,1,The wire hanger is the target for: what physical object made direct contact to unblock the drain?,The wire hanger is the target for: a hair comb.,86.1148452758789,39.59010696411133,20.46446418762207,1,The wire hanger is the target for: what physical object made direct contact to unblock the drain?,The wire hanger.,86.1148452758789,56.66856002807617,29.13729858398437,1,The wire hanger is the target for: what physical object made direct contact to unblock the drain?,The wire hanger.,86.1148452758789,56.66856002807617,29.13729858398437,False,False,False
What physical object made direct contact to scrape the gum?,The janitor scraped the gum with the metal washer taped to the putty knife.,SEIP,The metal washer.,The putty knife.,1,The metal washer.,The metal washer.,32.358909606933594,100.00001525878906,32.358909606933594,0,The putty knife.,The putty knife.,36.40044403076172,100.0,36.40044403076172,0,The putty knife.,The putty knife.,36.40044403076172,100.0,36.40044403076172,False,False,False
What physical object made direct contact to cut the PVC?,The plumber cut the PVC with the nylon string wrapped on the pipe cutter.,SEIP,The nylon string.,The pipe cutter.,0,The pipe cutter.,The pipe cutter.,50.87570571899414,100.0,50.87570571899414,0,The pipe cutter.,The pipe cutter.,50.87570571899414,100.0,50.87570571899414,0,The pipe cutter.,The pipe cutter.,50.87570571899414,100.0,50.87570571899414,False,False,False
What physical object made direct contact to test the voltage?,The electrician tested the voltage with the copper probe touching the multimeter.,SEIP,The copper probe is the target for: what physical object made direct contact to test the voltage?,multimeter..,1,The copper probe is the target for: what physical object made direct contact to test the voltage?,The copper probe.,82.21125030517578,75.20658111572266,44.3951530456543,1,The copper probe is the target for: what physical object made direct contact to test the voltage?,The copper probe.,82.21125030517578,75.20658111572266,44.3951530456543,1,The copper probe is the target for: what physical object made direct contact to test the voltage?,The copper probe.,82.21125030517578,75.20658111572266,44.3951530456543,False,False,False
What physical object made direct contact to lift the car?,The mechanic lifted the car with the wooden block sitting on the hydraulic jack.,SEIP,The wooden block.,The hydraulic jack.,1,The wooden block.,The wooden block.,23.540918350219727,100.0000228881836,23.540918350219727,0,The hydraulic jack.,The hydraulic jack.,39.080604553222656,99.99999237060548,39.080604553222656,1,The wooden block.,The wooden block.,23.540918350219727,100.0000228881836,23.540918350219727,False,True,False
What physical object made direct contact to scrape the ice?,The driver scraped the ice with the plastic card masking the ice scraper.,SEIP,The plastic card.,The ice scraper.,0,The ice scraper.,The ice scraper.,72.958740234375,100.0,72.958740234375,0,The ice scraper.,The ice scraper.,72.958740234375,100.0,72.958740234375,1,The plastic card.,The plastic card.,26.27735137939453,100.0,26.27735137939453,True,True,True
What physical object made direct contact to note the heading?,The pilot noted the heading with the wax pencil writing on the flight computer.,SEIP,The wax pencil is the target for: what physical object made direct contact to note the heading?,computer..,1,The wax pencil is the target for: what physical object made direct contact to note the heading?,The physical object that made direct contact to note the heading is the wax pencil.,77.730224609375,95.45480346679688,80.88487243652344,1,The wax pencil is the target for: what physical object made direct contact to note the heading?,The wax pencil.,77.730224609375,66.6976318359375,21.100021362304688,1,The wax pencil is the target for: what physical object made direct contact to note the heading?,The wax pencil.,77.730224609375,66.6976318359375,21.100021362304688,False,False,False
What physical object made direct contact to patch the hull?,The sailor patched the hull with the rubber mat covering the fiberglass tape.,SEIP,The rubber mat.,The fiberglass tape.,1,The rubber mat.,The rubber mat.,30.934757232666016,100.0,30.934757232666016,0,The fiberglass tape.,The fiberglass tape.,39.41886901855469,100.0,39.41886901855469,1,The rubber mat.,The rubber mat.,30.934757232666016,100.0,30.934757232666016,False,True,False
What physical object made direct contact to sound the horn?,The captain sounded the horn with the wooden dowel pressing the air horn.,SEIP,The wooden dowel.,The air horn.,0,The air horn.,The physical object that made direct contact to sound the horn is the lever.,65.86687469482422,59.23347473144531,80.65364074707031,0,The air horn.,The physical object that made direct contact to sound the horn is the lever.,65.86687469482422,59.23347473144531,80.65364074707031,0,The air horn.,The physical object that made direct contact to sound the horn is the lever.,65.86687469482422,59.23347473144531,80.65364074707031,False,False,False
What physical object made direct contact to weigh the catch?,The angler weighed the catch with the metal hook resting on the fishing scale.,SEIP,The metal hook is the target for: what physical object made direct contact to weigh the catch?,scale..,1,The metal hook is the target for: what physical object made direct contact to weigh the catch?,The physical object that made direct contact to weigh the catch is the metal hook.,84.47723388671875,96.01626586914062,82.70952606201172,1,The metal hook is the target for: what physical object made direct contact to weigh the catch?,The physical object that made direct contact to weigh the catch is the metal hook.,84.47723388671875,96.01626586914062,82.70952606201172,0,scale..,The scale.,23.968366622924805,82.08546447753906,32.137550354003906,False,False,False
What physical object made direct contact to call the duck?,The hunter called the duck with the plastic reed hidden in the duck call.,SEIP,The plastic reed.,The duck call.,0,The duck call.,The physical object that made direct contact to call the duck was the duck call.,65.19615936279297,76.0187759399414,89.90180969238281,0,The duck call.,The physical object that made direct contact to call the duck was the duck call.,65.19615936279297,76.0187759399414,89.90180969238281,1,The plastic reed.,The plastic reed.,33.87083435058594,100.0,33.87083435058594,True,True,True
What physical object made direct contact to release the catch?,The trapper released the catch with the metal bar pressing the trap lever.,SEIP,The metal bar.,The trap lever.,1,The metal bar.,The metal bar.,17.49417495727539,99.99998474121094,17.49417495727539,0,The trap lever.,The trigger.,43.9296760559082,52.0279655456543,30.800018310546875,0,The trap lever.,The trigger.,43.9296760559082,52.0279655456543,30.800018310546875,False,False,False
What physical object made direct contact to file the chain?,The lumberjack filed the chain with the steel rod strapped to the chainsaw file.,SEIP,The steel rod is the target for: what physical object made direct contact to file the chain?,file..,1,The steel rod is the target for: what physical object made direct contact to file the chain?,The steel rod.,82.08112335205078,63.46343612670898,29.08451461791992,1,The steel rod is the target for: what physical object made direct contact to file the chain?,The steel rod.,82.08112335205078,63.46343612670898,29.08451461791992,0,file..,The file itself made direct contact to file the chain.,25.77198982238769,43.0738525390625,74.43669128417969,False,False,False
What physical object made direct contact to bale the hay?,The farmer baled the hay with the nylon cord feeding the baling wire.,SEIP,The nylon cord.,The baling wire.,1,The nylon cord.,The physical object that made direct contact to bale the hay is the nylon cord.,31.787830352783203,58.30488204956055,83.86071014404297,0,The baling wire.,The physical object that made direct contact to bale the hay is the baling wire.,31.119102478027344,64.86438751220703,81.86937713623047,1,The nylon cord.,The physical object that made direct contact to bale the hay is the nylon cord.,31.787830352783203,58.30488204956055,83.86071014404297,False,True,False
What physical object made direct contact to spray the bugs?,The gardener sprayed the bugs with the plastic bottle blocking the spray nozzle.,SEIP,The plastic bottle.,The spray nozzle.,0,The spray nozzle.,The spray nozzle.,53.694705963134766,100.0,53.694705963134766,0,The spray nozzle.,The spray nozzle.,53.694705963134766,100.0,53.694705963134766,1,The plastic bottle.,The plastic bottle.,22.29953384399414,100.0,22.29953384399414,True,True,True
What physical object made direct contact to stake the tree?,The landscaper staked the tree with the metal pipe hammering the wooden stake.,SEIP,The metal pipe is the target for: what physical object made direct contact to stake the tree?,stake..,1,The metal pipe is the target for: what physical object made direct contact to stake the tree?,The metal pipe is the target for the axe.,82.2600326538086,57.14757537841797,31.468318939208984,1,The metal pipe is the target for: what physical object made direct contact to stake the tree?,The metal pipe is the target for the axe.,82.2600326538086,57.14757537841797,31.468318939208984,1,The metal pipe is the target for: what physical object made direct contact to stake the tree?,The metal pipe is the target for the axe.,82.2600326538086,57.14757537841797,31.468318939208984,False,False,False
What physical object made direct contact to chip the stone?,The mason chipped the stone with the iron pick swung at the stone chisel.,SEIP,The iron pick.,The stone chisel.,0,The stone chisel.,The stone chisel.,61.5703239440918,100.0,61.5703239440918,0,The stone chisel.,The stone chisel.,61.5703239440918,100.0,61.5703239440918,0,The stone chisel.,The stone chisel.,61.5703239440918,100.0,61.5703239440918,False,False,False
What physical object made direct contact to route the edge?,The carpenter routed the edge with the brass bit sitting in the wood router.,SEIP,The brass bit.,The wood router.,0,The wood router.,The bit.,39.214820861816406,18.03146171569824,8.823619842529297,0,The wood router.,The bit.,39.214820861816406,18.03146171569824,8.823619842529297,0,The wood router.,The bit.,39.214820861816406,18.03146171569824,8.823619842529297,False,False,False
What physical object made direct contact to melt the patch?,The roofer melted the patch with the metal lighter heating the blow torch.,SEIP,The metal lighter is the target for: what physical object made direct contact to melt the patch?,torch..,1,The metal lighter is the target for: what physical object made direct contact to melt the patch?,The physical object that made direct contact to melt the patch is the metal lighter.,81.81314086914062,95.47742462158205,83.38721466064453,1,The metal lighter is the target for: what physical object made direct contact to melt the patch?,The physical object that made direct contact to melt the patch is the metal lighter.,81.81314086914062,95.47742462158205,83.38721466064453,1,The metal lighter is the target for: what physical object made direct contact to melt the patch?,The physical object that made direct contact to melt the patch is the metal lighter.,81.81314086914062,95.47742462158205,83.38721466064453,False,False,False
What physical object made direct contact to tape the crack?,The glazier taped the crack with the paper strip masking the duct tape.,SEIP,The paper strip.,The duct tape.,0,The duct tape.,The hammer.,52.14649963378906,34.95439147949219,21.58782386779785,0,The duct tape.,The hammer.,52.14649963378906,34.95439147949219,21.58782386779785,1,The paper strip.,The paper strip.,38.34996032714844,100.0000228881836,38.34996032714844,True,True,True
What physical object made direct contact to wash the brush?,The painter washed the brush with the plastic cup hiding the solvent bucket.,SEIP,The plastic cup.,The solvent bucket.,1,The plastic cup.,The water.,28.910688400268555,48.26133346557617,23.55280876159668,1,The plastic cup.,The water.,28.910688400268555,48.26133346557617,23.55280876159668,1,The plastic cup.,The water.,28.910688400268555,48.26133346557617,23.55280876159668,False,False,False
What physical object made direct contact to grind the weld?,The welder ground the weld with the stone disc mounted on the angle grinder.,SEIP,The stone disc is the target for: what physical object made direct contact to grind the weld?,grinder..,1,The stone disc is the target for: what physical object made direct contact to grind the weld?,The stone disc.,83.92542266845703,54.86580657958984,19.893939971923828,1,The stone disc is the target for: what physical object made direct contact to grind the weld?,The stone disc.,83.92542266845703,54.86580657958984,19.893939971923828,1,The stone disc is the target for: what physical object made direct contact to grind the weld?,The stone disc.,83.92542266845703,54.86580657958984,19.893939971923828,False,False,False
What physical object made direct contact to bend the rod?,The blacksmith bent the rod with the steel pipe resting on the bending jig.,SEIP,The steel pipe.,The bending jig.,0,The bending jig.,The physical object that made direct contact to bend the rod is the bending jig.,44.63191223144531,73.16499328613281,79.14598083496094,0,The bending jig.,The physical object that made direct contact to bend the rod is the bending jig.,44.63191223144531,73.16499328613281,79.14598083496094,1,The steel pipe.,The steel pipe.,33.650760650634766,100.0,33.650760650634766,True,True,True
What physical object made direct contact to blast the wall?,The miner blasted the wall with the blasting cap wired to the dynamite stick.,SEIP,The blasting cap.,The dynamite stick.,1,The blasting cap.,The blasting cap.,34.775150299072266,100.0000228881836,34.775150299072266,1,The blasting cap.,The blasting cap.,34.775150299072266,100.0000228881836,34.775150299072266,1,The blasting cap.,The blasting cap.,34.775150299072266,100.0000228881836,34.775150299072266,False,False,False
What is the active syntactic subject performing the action?,The steamed vegetables boiled the bamboo vegetable steamer.,Agent-Patient Inversion,the steamed vegetables,the bamboo vegetable steamer,0,the bamboo vegetable steamer,"The active syntactic subject performing the action is ""the bamboo vegetable steamer"".",9.843745231628418,80.45614624023438,53.15314483642578,0,the bamboo vegetable steamer,The active syntactic subject performing the action is the bamboo vegetable steamer.,9.843745231628418,78.70744323730469,57.73503112792969,1,the steamed vegetables,"The active syntactic subject performing the action is ""the steamed vegetables"".",11.79944896697998,73.81074523925781,62.90830993652344,True,True,True
What is the active syntactic subject performing the action?,The cracked nuts snapped the heavy metal nutcracker.,Agent-Patient Inversion,the cracked nuts,the heavy metal nutcracker,0,the heavy metal nutcracker,"The active syntactic subject performing the action is ""the heavy metal nutcracker"".",10.941293716430664,74.06632995605469,58.42717742919922,0,the heavy metal nutcracker,"The active syntactic subject performing the action is the ""nutcracker"".",10.941293716430664,53.94282531738281,72.52725219726562,1,the cracked nuts,"The active syntactic subject performing the action is ""the cracked nuts"".",5.453108787536621,68.095703125,57.919681549072266,True,True,True
What is the active syntactic subject performing the action?,The cut glass scored the diamond-tipped glass cutter.,Agent-Patient Inversion,the cut glass,the diamond-tipped glass cutter,0,the diamond-tipped glass cutter,"The active syntactic subject performing the action is ""the diamond-tipped glass cutter"".",0.9082239866256714,69.88418579101562,57.31581497192383,0,the diamond-tipped glass cutter,"The active syntactic subject performing the action is ""the diamond-tipped glass cutter"".",0.9082239866256714,69.88418579101562,57.31581497192383,1,the cut glass,"The active syntactic subject performing the action is ""the cut glass"".",11.741061210632324,66.10796356201172,68.19039916992188,True,True,True
What is the active syntactic subject performing the action?,The melted solder wicked the copper desoldering braid.,Agent-Patient Inversion,the melted solder,the copper desoldering braid,0,the copper desoldering braid,"The active syntactic subject performing the action is ""the copper desoldering braid"".",0.0,72.3283920288086,55.72801971435547,0,the copper desoldering braid,"The active syntactic subject performing the action is ""the copper desoldering braid"".",0.0,72.3283920288086,55.72801971435547,1,the melted solder,The melted solder.,20.106319427490234,98.45661926269533,21.096729278564453,True,True,True
What is the active syntactic subject performing the action?,The cut tile snapped the manual tile cutter.,Agent-Patient Inversion,the cut tile is the target for: what is the active syntactic subject performing the action?,cutter.,1,the cut tile is the target for: what is the active syntactic subject performing the action?,The cut tile.,70.30088806152344,63.75704574584961,11.227584838867188,1,the cut tile is the target for: what is the active syntactic subject performing the action?,The cut tile.,70.30088806152344,63.75704574584961,11.227584838867188,1,the cut tile is the target for: what is the active syntactic subject performing the action?,The cut tile.,70.30088806152344,63.75704574584961,11.227584838867188,False,False,False
What is the active syntactic subject performing the action?,The poured driveway floated the magnesium bull float.,Agent-Patient Inversion,the poured driveway,the magnesium bull float,0,the magnesium bull float,"The active syntactic subject performing the action is ""the magnesium bull float"".",2.2611238956451416,69.80641174316406,59.90605163574219,0,the magnesium bull float,"The active syntactic subject performing the action is ""the magnesium bull float"".",2.2611238956451416,69.80641174316406,59.90605163574219,1,the poured driveway,"The active syntactic subject performing the action is ""the poured"".",6.041289329528809,43.64659881591797,64.1616439819336,True,True,True
What is the active syntactic subject performing the action?,The secured drywall screwed the electric drywall gun.,Agent-Patient Inversion,the secured drywall,the electric drywall gun,0,the electric drywall gun,The electric drywall gun.,3.5002105236053467,97.5324249267578,8.912660598754883,0,the electric drywall gun,The electric drywall gun.,3.5002105236053467,97.5324249267578,8.912660598754883,1,the secured drywall,"The active syntactic subject performing the action is ""the secured drywall"".",6.115461349487305,67.04345703125,58.50376510620117,True,True,True
What is the active syntactic subject performing the action?,The cut cardboard scissored the sharp craft scissors.,Agent-Patient Inversion,the cut cardboard is the target for: what is the active syntactic subject performing the action?,scissors.,0,scissors.,"The active syntactic subject performing the action is ""scissors"".",14.173224449157717,57.892372131347656,73.177978515625,1,the cut cardboard is the target for: what is the active syntactic subject performing the action?,The cut cardboard.,72.13971710205078,66.08490753173828,14.792722702026367,1,the cut cardboard is the target for: what is the active syntactic subject performing the action?,The cut cardboard.,72.13971710205078,66.08490753173828,14.792722702026367,True,False,False
What is the active syntactic subject performing the action?,The incubated cells warmed the regulated cell incubator.,Agent-Patient Inversion,the incubated cells,the regulated cell incubator,0,the regulated cell incubator,The regulated cell incubator.,1.8636689186096191,98.57437896728516,4.928898334503174,0,the regulated cell incubator,The regulated cell incubator.,1.8636689186096191,98.57437896728516,4.928898334503174,1,the incubated cells,"The active syntactic subject performing the action is ""the incubated cells"".",9.345797538757324,67.5428695678711,69.53567504882812,True,True,True
What is the active syntactic subject performing the action?,The trimmed hedge sheared the electric hedge trimmer.,Agent-Patient Inversion,the trimmed hedge,the electric hedge trimmer,0,the electric hedge trimmer,The electric hedge trimmer.,7.693275928497314,98.009521484375,10.054265022277832,0,the electric hedge trimmer,The electric hedge trimmer.,7.693275928497314,98.009521484375,10.054265022277832,1,the trimmed hedge,"The active syntactic subject performing the action is ""the trimmed hedge"".",8.02599811553955,70.9051284790039,62.63429641723633,True,True,True
What is the active syntactic subject performing the action?,The chilled champagne cooled the thermoelectric wine cooler fridge.,Agent-Patient Inversion,the chilled champagne is the target for: what is the active syntactic subject performing the action?,fridge.,1,the chilled champagne is the target for: what is the active syntactic subject performing the action?,"The active syntactic subject performing the action is ""the chilled champagne"".",64.45387268066406,94.15067291259766,58.30553817749024,1,the chilled champagne is the target for: what is the active syntactic subject performing the action?,"The active syntactic subject performing the action is ""the chilled champagne"".",64.45387268066406,94.15067291259766,58.30553817749024,1,the chilled champagne is the target for: what is the active syntactic subject performing the action?,"The active syntactic subject performing the action is ""the chilled champagne"".",64.45387268066406,94.15067291259766,58.30553817749024,False,False,False
What is the active syntactic subject performing the action?,The dried towels spun the electric vented drum clothes dryer.,Agent-Patient Inversion,the dried towels,the electric vented drum clothes dryer,0,the electric vented drum clothes dryer,The electric vented drum clothes dryer.,15.496698379516602,98.03303527832033,20.315942764282227,0,the electric vented drum clothes dryer,The electric vented drum clothes dryer is the active syntactic subject performing the action.,15.496698379516602,84.35042572021484,51.29305267333984,1,the dried towels,"The active syntactic subject performing the action is ""the dried towels"".",12.374835014343262,72.87745666503906,59.47114181518555,True,True,True
What is the active syntactic subject performing the action?,The circulated breeze blew the rotating oscillating pedestal standing fan.,Agent-Patient Inversion,the circulated breeze,the rotating oscillating pedestal standing fan,0,the rotating oscillating pedestal standing fan,The rotating oscillating pedestal standing fan.,4.43183708190918,96.9475555419922,10.865911483764648,0,the rotating oscillating pedestal standing fan,The rotating oscillating pedestal standing fan.,4.43183708190918,96.9475555419922,10.865911483764648,0,the rotating oscillating pedestal standing fan,The rotating oscillating pedestal standing fan is the active syntactic subject performing the action.,4.43183708190918,75.09260559082031,60.19155883789063,False,False,False
What is the active syntactic subject performing the action?,The whipped cream folded the silicone mixing spatula.,Agent-Patient Inversion,the whipped cream is the target for: what is the active syntactic subject performing the action?,spatula.,1,the whipped cream is the target for: what is the active syntactic subject performing the action?,"The active syntactic subject performing the action is ""the whipped cream"".",71.97994232177734,93.50765228271484,69.20750427246094,1,the whipped cream is the target for: what is the active syntactic subject performing the action?,"The active syntactic subject performing the action is ""the whipped cream"".",71.97994232177734,93.50765228271484,69.20750427246094,1,the whipped cream is the target for: what is the active syntactic subject performing the action?,"The active syntactic subject performing the action is ""the whipped cream"".",71.97994232177734,93.50765228271484,69.20750427246094,False,False,False
What is the active syntactic subject performing the action?,The melted butter dissolved the stainless steel saucepan.,Agent-Patient Inversion,the melted butter,the stainless steel saucepan,1,the melted butter,The melted butter.,13.248893737792969,97.52303314208984,14.332735061645508,1,the melted butter,The melted butter.,13.248893737792969,97.52303314208984,14.332735061645508,1,the melted butter,The melted butter.,13.248893737792969,97.52303314208984,14.332735061645508,False,False,False
What is the active syntactic subject performing the action?,The roasted beans ground the ceramic coffee burr.,Agent-Patient Inversion,the roasted beans,the ceramic coffee burr,1,the roasted beans,"The active syntactic subject performing the action is ""the roasted beans"".",15.006584167480469,71.69647979736328,62.87858581542969,1,the roasted beans,"The active syntactic subject performing the action is ""the roasted beans"".",15.006584167480469,71.69647979736328,62.87858581542969,1,the roasted beans,"The active syntactic subject performing the action is ""the roasted beans"".",15.006584167480469,71.69647979736328,62.87858581542969,False,False,False
What is the active syntactic subject performing the action?,The baked bread warmed the heavy stone baking peel.,Agent-Patient Inversion,the baked bread is the target for: what is the active syntactic subject performing the action?,peel.,1,the baked bread is the target for: what is the active syntactic subject performing the action?,The baked bread.,72.10347747802734,67.31376647949219,18.85227394104004,1,the baked bread is the target for: what is the active syntactic subject performing the action?,The baked bread.,72.10347747802734,67.31376647949219,18.85227394104004,1,the baked bread is the target for: what is the active syntactic subject performing the action?,The baked bread.,72.10347747802734,67.31376647949219,18.85227394104004,False,False,False
What is the active syntactic subject performing the action?,The chilled dough rested the wooden proofing basket.,Agent-Patient Inversion,the chilled dough,the wooden proofing basket,1,the chilled dough,"The active syntactic subject performing the action is ""the chilled dough"".",16.24527931213379,75.60521697998047,61.4990348815918,0,the wooden proofing basket,The active syntactic subject performing the action is the wooden proofing basket.,8.692978858947754,68.451904296875,67.73113250732422,1,the chilled dough,"The active syntactic subject performing the action is ""the chilled dough"".",16.24527931213379,75.60521697998047,61.4990348815918,False,True,False
What is the active syntactic subject performing the action?,The fermented cabbage soured the ceramic pickling crock.,Agent-Patient Inversion,the fermented cabbage,the ceramic pickling crock,1,the fermented cabbage,"The active syntactic subject performing the action is ""the fermented cabbage"".",9.296405792236328,73.4501724243164,62.25899505615234,0,the ceramic pickling crock,The active syntactic subject performing the action is the ceramic pickling crock.,1.4026662111282349,73.86837005615234,55.6170654296875,1,the fermented cabbage,"The active syntactic subject performing the action is ""the fermented cabbage"".",9.296405792236328,73.4501724243164,62.25899505615234,False,True,False
What is the active syntactic subject performing the action?,The frozen ice cracked the plastic ice cube tray.,Agent-Patient Inversion,the frozen ice is the target for: what is the active syntactic subject performing the action?,tray.,1,the frozen ice is the target for: what is the active syntactic subject performing the action?,"The active syntactic subject performing the action is ""the frozen ice"".",68.81218719482422,92.71022033691406,65.32743072509766,1,the frozen ice is the target for: what is the active syntactic subject performing the action?,"The active syntactic subject performing the action is ""the frozen ice"".",68.81218719482422,92.71022033691406,65.32743072509766,1,the frozen ice is the target for: what is the active syntactic subject performing the action?,"The active syntactic subject performing the action is ""the frozen ice"".",68.81218719482422,92.71022033691406,65.32743072509766,False,False,False
What is the active syntactic subject performing the action?,The pureed soup blended the immersion hand blender.,Agent-Patient Inversion,the pureed soup,the immersion hand blender,0,the immersion hand blender,"The active syntactic subject performing the action is ""the immersion hand blender"".",10.31521987915039,64.63624572753906,68.37791442871094,0,the immersion hand blender,"The active syntactic subject performing the action is ""the immersion hand blender"".",10.31521987915039,64.63624572753906,68.37791442871094,1,the pureed soup,"The active syntactic subject performing the action is ""the pureed soup"".",3.9143898487091056,67.17604064941406,62.677955627441406,True,True,True
What is the active syntactic subject performing the action?,The caramelized sugar burned the copper candy pot.,Agent-Patient Inversion,the caramelized sugar,the copper candy pot,1,the caramelized sugar,The caramelized sugar.,12.569609642028809,98.10340118408205,15.726057052612305,0,the copper candy pot,"The active syntactic subject performing the action is ""the copper candy pot"".",0.5099853277206421,70.4783935546875,58.0615234375,1,the caramelized sugar,The caramelized sugar.,12.569609642028809,98.10340118408205,15.726057052612305,False,True,False
What is the active syntactic subject performing the action?,The charred steak seared the cast iron grill grate.,Agent-Patient Inversion,the charred steak,the cast iron grill grate,1,the charred steak,"The active syntactic subject performing the action is ""the charred steak"".",15.24168872833252,70.63338470458984,65.07749938964844,0,the cast iron grill grate,The active syntactic subject performing the action is the cast iron grill grate.,10.951119422912598,75.97830963134766,61.28749084472656,1,the charred steak,"The active syntactic subject performing the action is ""the charred steak"".",15.24168872833252,70.63338470458984,65.07749938964844,False,True,False
What is the active syntactic subject performing the action?,The kneaded dough stretched the automatic stand mixer dough hook.,Agent-Patient Inversion,the kneaded dough,the automatic stand mixer dough hook,0,the automatic stand mixer dough hook,"The active syntactic subject performing the action is the ""automatic stand mixer dough hook"".",14.908388137817385,78.87261199951172,59.89922332763672,1,the kneaded dough,"The active syntactic subject performing the action is ""the kneaded dough"".",15.366083145141602,71.02347564697266,68.09550476074219,1,the kneaded dough,"The active syntactic subject performing the action is ""the kneaded dough"".",15.366083145141602,71.02347564697266,68.09550476074219,True,False,False
What is the active syntactic subject performing the action?,The mixed batter blended the rotary hand mixer.,Agent-Patient Inversion,the mixed batter,the rotary hand mixer,1,the mixed batter,"The active syntactic subject performing the action is ""the mixed batter"".",15.031407356262209,69.65666961669922,67.13739776611328,0,the rotary hand mixer,The active syntactic subject performing the action is the rotary hand mixer.,9.98012638092041,74.67750549316406,62.28849792480469,1,the mixed batter,"The active syntactic subject performing the action is ""the mixed batter"".",15.031407356262209,69.65666961669922,67.13739776611328,False,True,False
What is the active syntactic subject performing the action?,The separated curds split the fine cheesecloth.,Agent-Patient Inversion,the separated curds,the fine cheesecloth,1,the separated curds,"The active syntactic subject performing the action is ""the separated curds"".",1.1203519105911257,57.42962265014648,70.3781509399414,0,the fine cheesecloth,"The active syntactic subject performing the action is ""the fine cheesecloth"".",12.783863067626951,74.25919342041016,59.76959609985352,1,the separated curds,"The active syntactic subject performing the action is ""the separated curds"".",1.1203519105911257,57.42962265014648,70.3781509399414,False,True,False
What is the active syntactic subject performing the action?,The minced herbs gathered the steel mezzaluna knife.,Agent-Patient Inversion,the minced herbs,the steel mezzaluna knife,1,the minced herbs,"The active syntactic subject performing the action is ""the minced herbs"".",1.1557092666625977,67.55140686035156,61.290557861328125,0,the steel mezzaluna knife,The active syntactic subject performing the action is the steel mezzaluna knife.,6.119333267211914,70.46794891357422,64.02660369873047,1,the minced herbs,"The active syntactic subject performing the action is ""the minced herbs"".",1.1557092666625977,67.55140686035156,61.290557861328125,False,True,False
What is the active syntactic subject performing the action?,The peeled potato stripped the vertical vegetable peeler.,Agent-Patient Inversion,the peeled potato,the vertical vegetable peeler,1,the peeled potato,"The active syntactic subject performing the action is ""the peeled potato"".",5.356118679046631,68.721923828125,60.27425003051758,0,the vertical vegetable peeler,"The active syntactic subject performing the action is ""the vertical vegetable peeler"".",4.525467872619629,75.57622528076172,53.92388153076172,1,the peeled potato,"The active syntactic subject performing the action is ""the peeled potato"".",5.356118679046631,68.721923828125,60.27425003051758,False,True,False
What is the active syntactic subject performing the action?,The sifted flour dusted the rotating flour sifter.,Agent-Patient Inversion,the sifted flour,the rotating flour sifter,0,the rotating flour sifter,The rotating flour sifter.,0.93679279088974,96.96704864501952,7.684108734130859,0,the rotating flour sifter,The rotating flour sifter.,0.93679279088974,96.96704864501952,7.684108734130859,1,the sifted flour,"The active syntactic subject performing the action is ""the sifted flour"".",6.975658893585205,74.50981140136719,57.34946823120117,True,True,True
What is the active syntactic subject performing the action?,The strained pasta drained the steel metal colander.,Agent-Patient Inversion,the strained pasta,the steel metal colander,1,the strained pasta,"The active syntactic subject performing the action is ""the strained pasta"".",16.214231491088867,75.363525390625,61.34491729736328,0,the steel metal colander,"The active syntactic subject performing the action is ""the steel metal colander"".",12.03681182861328,73.03483581542969,59.88384628295898,1,the strained pasta,"The active syntactic subject performing the action is ""the strained pasta"".",16.214231491088867,75.363525390625,61.34491729736328,False,True,False
What is the active syntactic subject performing the action?,The portioned rice scooped the wooden rice paddle.,Agent-Patient Inversion,the portioned rice,the wooden rice paddle,0,the wooden rice paddle,"The active syntactic subject performing the action is ""the wooden rice paddle"".",15.052678108215332,77.96195983886719,60.97234344482422,0,the wooden rice paddle,"The active syntactic subject performing the action is ""the wooden rice paddle"".",15.052678108215332,77.96195983886719,60.97234344482422,1,the portioned rice,"The active syntactic subject performing the action is ""the portioned rice"".",16.587434768676758,72.51460266113281,67.62422180175781,True,True,True
What is the active syntactic subject performing the action?,The flipped pancake turned the flexible nylon turner.,Agent-Patient Inversion,the flipped pancake,the flexible nylon turner,0,the flexible nylon turner,"The active syntactic subject performing the action is ""the flexible nylon turner"".",6.21928071975708,75.29743957519531,59.0947380065918,1,the flipped pancake,"The active syntactic subject performing the action is ""the flipped pancake"".",12.644659042358398,72.48143005371094,64.00521087646484,1,the flipped pancake,"The active syntactic subject performing the action is ""the flipped pancake"".",12.644659042358398,72.48143005371094,64.00521087646484,True,False,False
What is the active syntactic subject performing the action?,The sanded wood smoothed the random orbital sander.,Agent-Patient Inversion,the sanded wood,the random orbital sander,1,the sanded wood,"The active syntactic subject performing the action is ""the sanded wood"".",18.74323844909668,71.5056381225586,67.67559814453125,0,the random orbital sander,The active syntactic subject performing the action is the random orbital sander.,9.88325023651123,69.64047241210938,68.7696762084961,1,the sanded wood,"The active syntactic subject performing the action is ""the sanded wood"".",18.74323844909668,71.5056381225586,67.67559814453125,False,True,False
What is the active syntactic subject performing the action?,The nailed board fastened the pneumatic brad nailer.,Agent-Patient Inversion,the nailed board,the pneumatic brad nailer,1,the nailed board,The nailed board.,12.16917896270752,98.35690307617188,14.785396575927734,0,the pneumatic brad nailer,The active syntactic subject performing the action is the pneumatic brad nailer.,2.4063072204589844,78.15293884277344,53.39353561401367,1,the nailed board,The nailed board.,12.16917896270752,98.35690307617188,14.785396575927734,False,True,False
What is the active syntactic subject performing the action?,The measured gap spanned the steel vernier caliper.,Agent-Patient Inversion,the measured gap,the steel vernier caliper,1,the measured gap,"The active syntactic subject performing the action is ""the measured gap"".",0.0,63.41331100463867,61.37474060058594,0,the steel vernier caliper,"The active syntactic subject performing the action is ""the steel vernier caliper"".",2.5165324211120605,72.51786804199219,55.95265197753906,1,the measured gap,"The active syntactic subject performing the action is ""the measured gap"".",0.0,63.41331100463867,61.37474060058594,False,True,False
What is the active syntactic subject performing the action?,The riveted sheet popped the heavy manual pop riveter.,Agent-Patient Inversion,the riveted sheet,the heavy manual pop riveter,0,the heavy manual pop riveter,The heavy manual pop riveter.,3.290832757949829,98.33367156982422,6.394555568695068,0,the heavy manual pop riveter,The heavy manual pop riveter.,3.290832757949829,98.33367156982422,6.394555568695068,1,the riveted sheet,"The active syntactic subject performing the action is ""the riveted sheet"".",9.053160667419434,68.78965759277344,62.20645904541016,True,True,True
What is the active syntactic subject performing the action?,The stripped paint peeled the high carbon paint scraper.,Agent-Patient Inversion,the stripped paint,the high carbon paint scraper,0,the high carbon paint scraper,"The active syntactic subject performing the action is ""the high carbon paint scraper"".",1.922567367553711,72.02671813964844,54.34938049316406,0,the high carbon paint scraper,"The active syntactic subject performing the action is ""the high carbon paint scraper"".",1.922567367553711,72.02671813964844,54.34938049316406,1,the stripped paint,"The active syntactic subject performing the action is ""the stripped paint"".",9.28537368774414,61.12070083618164,67.92549133300781,True,True,True
What is the active syntactic subject performing the action?,The plastered wall smoothed the flat steel finishing trowel.,Agent-Patient Inversion,the plastered wall,the flat steel finishing trowel,1,the plastered wall,"The active syntactic subject performing the action is ""the plastered wall"".",8.016827583312988,72.05350494384766,58.03749465942383,0,the flat steel finishing trowel,"The active syntactic subject performing the action is ""the flat steel finishing trowel"".",4.889246940612793,72.40719604492188,58.32495880126953,1,the plastered wall,"The active syntactic subject performing the action is ""the plastered wall"".",8.016827583312988,72.05350494384766,58.03749465942383,False,True,False
What is the active syntactic subject performing the action?,The cut pipe snapped the ratcheting PVC pipe cutter.,Agent-Patient Inversion,the cut pipe,the ratcheting PVC pipe cutter,0,the ratcheting PVC pipe cutter,"The active syntactic subject performing the action is ""the ratcheting PVC pipe cutter"".",10.303239822387695,74.21186065673828,59.779747009277344,1,the cut pipe,"The active syntactic subject performing the action is ""the cut pipe"".",15.414849281311035,67.73587036132812,69.11769104003906,1,the cut pipe,"The active syntactic subject performing the action is ""the cut pipe"".",15.414849281311035,67.73587036132812,69.11769104003906,True,False,False
What is the active syntactic subject performing the action?,The crimped connector squeezed the ratcheting wire crimper.,Agent-Patient Inversion,the crimped connector,the ratcheting wire crimper,1,the crimped connector,"The active syntactic subject performing the action is ""the crimped connector"".",4.045172691345215,65.46028900146484,62.07378005981445,0,the ratcheting wire crimper,"The active syntactic subject performing the action is ""the ratcheting wire crimper"".",2.162193775177002,73.94298553466797,54.89006805419922,1,the crimped connector,"The active syntactic subject performing the action is ""the crimped connector"".",4.045172691345215,65.46028900146484,62.07378005981445,False,True,False
What is the active syntactic subject performing the action?,The stapled wire fastened the heavy duty staple gun.,Agent-Patient Inversion,the stapled wire,the heavy duty staple gun,1,the stapled wire,"The active syntactic subject performing the action is ""the stapled wire"".",6.362831592559815,69.87249755859375,60.41195297241211,0,the heavy duty staple gun,"The active syntactic subject performing the action is ""the heavy duty staple gun"".",5.3764472007751465,70.05615234375,56.00162887573242,1,the stapled wire,The stapled wire.,6.362831592559815,97.9514389038086,10.985401153564451,False,True,False
What is the active syntactic subject performing the action?,The sharpened blade ground the slow speed bench grinder.,Agent-Patient Inversion,the sharpened blade,the slow speed bench grinder,0,the slow speed bench grinder,"The active syntactic subject performing the action is ""the slow speed bench grinder"".",5.643266677856445,70.19973754882812,58.7086067199707,1,the sharpened blade,"The active syntactic subject performing the action is ""the sharpened blade"".",19.59334373474121,68.64159393310547,68.46369171142578,1,the sharpened blade,"The active syntactic subject performing the action is ""the sharpened blade"".",19.59334373474121,68.64159393310547,68.46369171142578,True,False,False
What is the active syntactic subject performing the action?,The forged iron bent the heavy blacksmith anvil.,Agent-Patient Inversion,the forged iron,the heavy blacksmith anvil,1,the forged iron,"The active syntactic subject performing the action is ""the forged iron"".",7.285478591918945,67.2485122680664,64.98299407958984,0,the heavy blacksmith anvil,The heavy blacksmith anvil.,2.640850305557251,99.29427337646484,3.4030277729034424,1,the forged iron,"The active syntactic subject performing the action is ""the forged iron"".",7.285478591918945,67.2485122680664,64.98299407958984,False,True,False
What is the active syntactic subject performing the action?,The melted bronze poured the graphite melting crucible.,Agent-Patient Inversion,the melted bronze,the graphite melting crucible,1,the melted bronze,"The active syntactic subject performing the action is ""the melted bronze"".",11.120643615722656,70.81375122070312,63.423377990722656,0,the graphite melting crucible,"The active syntactic subject performing the action is ""the graphite melting crucible"".",2.448437452316284,70.99259185791016,60.780757904052734,1,the melted bronze,"The active syntactic subject performing the action is ""the melted bronze"".",11.120643615722656,70.81375122070312,63.423377990722656,False,True,False
What is the active syntactic subject performing the action?,The compacted soil settled the heavy steel tamper.,Agent-Patient Inversion,the compacted soil,the heavy steel tamper,1,the compacted soil,"The active syntactic subject performing the action is ""the compacted soil"".",7.317467212677002,70.41181182861328,63.17308044433594,0,the heavy steel tamper,The heavy steel tamper.,8.370502471923828,98.51345825195312,11.00944709777832,1,the compacted soil,"The active syntactic subject performing the action is ""the compacted soil"".",7.317467212677002,70.41181182861328,63.17308044433594,False,True,False
What is the active syntactic subject performing the action?,The dug posthole opened the dual handled post hole digger.,Agent-Patient Inversion,the dug posthole,the dual handled post hole digger,1,the dug posthole,"The active syntactic subject performing the action is ""the dug"".",10.466741561889648,45.99847030639648,75.5947265625,0,the dual handled post hole digger,"The active syntactic subject performing the action is ""the dual handled post hole digger"".",6.595617294311523,69.918701171875,63.94274139404297,1,the dug posthole,"The active syntactic subject performing the action is ""the dug"".",10.466741561889648,45.99847030639648,75.5947265625,False,True,False
What is the active syntactic subject performing the action?,The vacuumed dust emptied the heavy wet dry vacuum.,Agent-Patient Inversion,the vacuumed dust,the heavy wet dry vacuum,1,the vacuumed dust,"The active syntactic subject performing the action is ""the vacuumed dust"".",15.822434425354004,70.5692138671875,65.6615982055664,0,the heavy wet dry vacuum,"The active syntactic subject performing the action is ""the heavy wet dry vacuum"".",10.02771282196045,69.77537536621094,62.52379989624024,1,the vacuumed dust,"The active syntactic subject performing the action is ""the vacuumed dust"".",15.822434425354004,70.5692138671875,65.6615982055664,False,True,False
What is the active syntactic subject performing the action?,The washed window cleared the rubber window squeegee.,Agent-Patient Inversion,the washed window,the rubber window squeegee,0,the rubber window squeegee,"The active syntactic subject performing the action is ""the rubber window squeegee"".",8.33576774597168,73.63140869140625,59.15094757080078,0,the rubber window squeegee,"The active syntactic subject performing the action is ""the rubber window squeegee"".",8.33576774597168,73.63140869140625,59.15094757080078,1,the washed window,"The active syntactic subject performing the action is ""the window"".",13.934062004089355,43.59906005859375,73.84840393066406,True,True,True
What is the active syntactic subject performing the action?,The secured load bound the ratcheting cargo tie down strap.,Agent-Patient Inversion,the secured load,the ratcheting cargo tie down strap,1,the secured load,"The active syntactic subject performing the action is ""the secured load"".",17.089754104614258,66.50505828857422,68.5968246459961,0,the ratcheting cargo tie down strap,"The active syntactic subject performing the action is the ""ratcheting cargo tie down strap"".",10.205739974975586,75.58793640136719,63.00146484375,1,the secured load,"The active syntactic subject performing the action is ""the secured load"".",17.089754104614258,66.50505828857422,68.5968246459961,False,True,False
What is the active syntactic subject performing the action?,The hoisted engine lifted the hydraulic steel engine crane.,Agent-Patient Inversion,the hoisted engine,the hydraulic steel engine crane,0,the hydraulic steel engine crane,The hydraulic steel engine crane is the active syntactic subject performing the action.,4.323841571807861,74.1012191772461,56.651161193847656,1,the hoisted engine,"The active syntactic subject performing the action is ""the hoisted engine"".",20.78006935119629,72.63241577148438,70.9921875,1,the hoisted engine,"The active syntactic subject performing the action is ""the hoisted engine"".",20.78006935119629,72.63241577148438,70.9921875,True,False,False
What is the active syntactic subject performing the action?,The lubricated chain oiled the precision needle oiler bottle.,Agent-Patient Inversion,the lubricated chain,the precision needle oiler bottle,0,the precision needle oiler bottle,"The active syntactic subject performing the action is ""the precision needle oiler bottle"".",2.939588785171509,68.71707153320312,60.58197784423828,1,the lubricated chain,"The active syntactic subject performing the action is ""the lubricated chain"".",15.482172012329102,68.93014526367188,69.63256072998047,1,the lubricated chain,"The active syntactic subject performing the action is ""the lubricated chain"".",15.482172012329102,68.93014526367188,69.63256072998047,True,False,False
What is the active syntactic subject performing the action?,The scanned document digitized the flatbed optical document scanner.,Agent-Patient Inversion,the scanned document,the flatbed optical document scanner,0,the flatbed optical document scanner,"The active syntactic subject performing the action is ""the flatbed optical document scanner"".",0.4973329603672027,68.13939666748047,60.77845001220703,1,the scanned document,"The active syntactic subject performing the action is ""the scanned document"".",14.225119590759276,71.46871948242188,63.90550231933594,1,the scanned document,"The active syntactic subject performing the action is ""the scanned document"".",14.225119590759276,71.46871948242188,63.90550231933594,True,False,False
What is the active syntactic subject performing the action?,The laminated poster sealed the thermal pouch laminator machine.,Agent-Patient Inversion,the laminated poster,the thermal pouch laminator machine,1,the laminated poster,"The active syntactic subject performing the action is ""the laminated poster"".",13.399335861206056,72.8582763671875,64.71907806396484,0,the thermal pouch laminator machine,The thermal pouch laminator machine.,1.3656857013702393,97.93680572509766,6.1806721687316895,1,the laminated poster,"The active syntactic subject performing the action is ""the laminated poster"".",13.399335861206056,72.8582763671875,64.71907806396484,False,True,False
What is the active syntactic subject performing the action?,The bound book folded the heavy duty wire binder.,Agent-Patient Inversion,the bound book,the heavy duty wire binder,1,the bound book,"The active syntactic subject performing the action is ""the bound book"".",11.047096252441406,57.35414123535156,74.58475494384766,0,the heavy duty wire binder,"The active syntactic subject performing the action is ""the heavy duty wire binder"".",3.666368007659912,65.49909973144531,60.07628631591797,1,the bound book,"The active syntactic subject performing the action is ""the bound book"".",11.047096252441406,57.35414123535156,74.58475494384766,False,True,False
What is the active syntactic subject performing the action?,The taped box sealed the handheld packing tape dispenser.,Agent-Patient Inversion,the taped box,the handheld packing tape dispenser,1,the taped box,"The active syntactic subject performing the action is ""the taped box"".",14.738319396972656,66.14934539794922,68.30268096923828,0,the handheld packing tape dispenser,The active syntactic subject performing the action is the handheld packing tape dispenser.,0.504077672958374,73.87132263183594,53.69810485839844,1,the taped box,"The active syntactic subject performing the action is ""the taped box"".",14.738319396972656,66.14934539794922,68.30268096923828,False,True,False
What is the active syntactic subject performing the action?,The glued envelope stuck the non-toxic washable glue stick.,Agent-Patient Inversion,the glued envelope,the non-toxic washable glue stick,0,the non-toxic washable glue stick,The non-toxic washable glue stick.,4.099244594573975,98.13880157470705,7.618091106414795,1,the glued envelope,"The active syntactic subject performing the action is ""the glued envelope"".",21.71183013916016,69.95232391357422,72.8130111694336,1,the glued envelope,"The active syntactic subject performing the action is ""the glued envelope"".",21.71183013916016,69.95232391357422,72.8130111694336,True,False,False
What is the active syntactic subject performing the action?,The highlighted text glowed the fluorescent chisel tip highlighter.,Agent-Patient Inversion,the highlighted text,the fluorescent chisel tip highlighter,1,the highlighted text,The active syntactic subject performing the action is the highlighted text.,29.49448585510254,70.94603729248047,80.16692352294922,1,the highlighted text,"The active syntactic subject performing the action is ""the highlighted text"".",29.49448585510254,75.24852752685547,72.07180786132812,1,the highlighted text,"The active syntactic subject performing the action is ""the highlighted text"".",29.49448585510254,75.24852752685547,72.07180786132812,False,False,False
What is the active syntactic subject performing the action?,The written letter flowed the gold nibbed fountain pen.,Agent-Patient Inversion,the written letter,the gold nibbed fountain pen,0,the gold nibbed fountain pen,"The active syntactic subject performing the action is ""the gold nibbed fountain pen"".",6.08930253982544,74.58140563964844,58.75257110595703,0,the gold nibbed fountain pen,"The active syntactic subject performing the action is ""the gold nibbed fountain pen"".",6.08930253982544,74.58140563964844,58.75257110595703,0,the gold nibbed fountain pen,"The active syntactic subject performing the action is ""the gold nibbed fountain pen"".",6.08930253982544,74.58140563964844,58.75257110595703,False,False,False
What is the active syntactic subject performing the action?,The drafted plan drew the thin lead mechanical pencil.,Agent-Patient Inversion,the drafted plan is the target for: what is the active syntactic subject performing the action?,pencil.,1,the drafted plan is the target for: what is the active syntactic subject performing the action?,The drafted plan is the active syntactic subject performing the action.,62.500823974609375,95.2396011352539,51.03477096557617,1,the drafted plan is the target for: what is the active syntactic subject performing the action?,The drafted plan.,62.500823974609375,69.36080169677734,10.552189826965332,1,the drafted plan is the target for: what is the active syntactic subject performing the action?,The drafted plan.,62.500823974609375,69.36080169677734,10.552189826965332,False,False,False
What is the active syntactic subject performing the action?,The marked cardboard darkened the thick felt tip permanent marker.,Agent-Patient Inversion,the marked cardboard,the thick felt tip permanent marker,1,the marked cardboard,The marked cardboard.,18.364425659179688,98.90767669677734,20.021867752075195,1,the marked cardboard,The marked cardboard is the active syntactic subject performing the action.,18.364425659179688,77.5169906616211,60.42379760742188,1,the marked cardboard,"The active syntactic subject performing the action is ""the marked cardboard"".",18.364425659179688,71.0926742553711,68.34574890136719,False,False,False
What is the active syntactic subject performing the action?,The measured drawing scaled the triangular aluminum architect scale.,Agent-Patient Inversion,the measured drawing,the triangular aluminum architect scale,0,the triangular aluminum architect scale,"The active syntactic subject performing the action is ""the triangular aluminum architect scale"".",0.0,73.47634887695312,49.16891098022461,1,the measured drawing,"The active syntactic subject performing the action is ""the measured drawing"".",6.427928924560547,60.21737289428711,68.60140991210938,1,the measured drawing,"The active syntactic subject performing the action is ""the measured drawing"".",6.427928924560547,60.21737289428711,68.60140991210938,True,False,False
What is the active syntactic subject performing the action?,The cut photo snapped the heavy rotary paper trimmer.,Agent-Patient Inversion,the cut photo is the target for: what is the active syntactic subject performing the action?,trimmer.,1,the cut photo is the target for: what is the active syntactic subject performing the action?,The cut photo.,75.4144058227539,62.94020462036133,17.131366729736328,1,the cut photo is the target for: what is the active syntactic subject performing the action?,The cut photo.,75.4144058227539,62.94020462036133,17.131366729736328,1,the cut photo is the target for: what is the active syntactic subject performing the action?,The cut photo.,75.4144058227539,62.94020462036133,17.131366729736328,False,False,False
What is the active syntactic subject performing the action?,The organized files sorted the expanding accordion file folder.,Agent-Patient Inversion,the organized files,the expanding accordion file folder,0,the expanding accordion file folder,The expanding accordion file folder is the active syntactic subject performing the action.,0.0,81.34771728515625,46.43453598022461,1,the organized files,"The active syntactic subject performing the action is ""the organized files"".",15.651620864868164,63.66121673583984,72.36778259277344,1,the organized files,"The active syntactic subject performing the action is ""the organized files"".",15.651620864868164,63.66121673583984,72.36778259277344,True,False,False
What is the active syntactic subject performing the action?,The labeled folder printed the handheld thermal label maker.,Agent-Patient Inversion,the labeled folder,the handheld thermal label maker,1,the labeled folder,The labeled folder.,16.07978630065918,97.55535125732422,18.27362823486328,0,the handheld thermal label maker,"The active syntactic subject performing the action is ""the handheld thermal label maker"".",4.436578273773193,75.57569885253906,52.71907043457031,0,the handheld thermal label maker,"The active syntactic subject performing the action is ""the handheld thermal label maker"".",4.436578273773193,75.57569885253906,52.71907043457031,False,False,False
What is the active syntactic subject performing the action?,The stamped date imprinted the automatic self inking date stamp.,Agent-Patient Inversion,the stamped date is the target for: what is the active syntactic subject performing the action?,stamp.,1,the stamped date is the target for: what is the active syntactic subject performing the action?,The stamped date is the target for: the date.,67.54132080078125,74.66404724121094,14.498615264892578,1,the stamped date is the target for: what is the active syntactic subject performing the action?,The stamped date is the target for: the date.,67.54132080078125,74.66404724121094,14.498615264892578,1,the stamped date is the target for: what is the active syntactic subject performing the action?,The stamped date is the target for: the date.,67.54132080078125,74.66404724121094,14.498615264892578,False,False,False
What is the active syntactic subject performing the action?,The mailed letter sealed the sticky self sealing envelope.,Agent-Patient Inversion,the mailed letter,the sticky self sealing envelope,0,the sticky self sealing envelope,"The active syntactic subject performing the action is ""the sticky self-sealing envelope"".",10.143921852111816,71.0336685180664,64.10208129882812,1,the mailed letter,"The active syntactic subject performing the action is ""the mailed letter"".",27.52678108215332,71.16681671142578,70.73719787597656,1,the mailed letter,"The active syntactic subject performing the action is ""the mailed letter"".",27.52678108215332,71.16681671142578,70.73719787597656,True,False,False
What is the active syntactic subject performing the action?,The weighed package balanced the digital postage shipping scale.,Agent-Patient Inversion,the weighed package,the digital postage shipping scale,1,the weighed package,"The active syntactic subject performing the action is ""the weighed package"".",14.3345947265625,62.07241821289063,67.88127136230469,1,the weighed package,"The active syntactic subject performing the action is ""the weighed package"".",14.3345947265625,62.07241821289063,67.88127136230469,1,the weighed package,"The active syntactic subject performing the action is ""the weighed package"".",14.3345947265625,62.07241821289063,67.88127136230469,False,False,False
What is the active syntactic subject performing the action?,The calculated sum totaled the solar powered desktop calculator.,Agent-Patient Inversion,the calculated sum is the target for: what is the active syntactic subject performing the action?,calculator.,1,the calculated sum is the target for: what is the active syntactic subject performing the action?,The calculated sum is the target for: the agent.,69.65003967285156,68.3426284790039,27.212799072265625,1,the calculated sum is the target for: what is the active syntactic subject performing the action?,The calculated sum is the target for: the patient.,69.65003967285156,61.001251220703125,16.436626434326172,1,the calculated sum is the target for: what is the active syntactic subject performing the action?,The calculated sum is the target for: the agent.,69.65003967285156,68.3426284790039,27.212799072265625,False,False,False
What is the active syntactic subject performing the action?,The typed report clicked the mechanical switch computer keyboard.,Agent-Patient Inversion,the typed report,the mechanical switch computer keyboard,1,the typed report,"The active syntactic subject performing the action is ""the typed report"".",24.471622467041016,73.34609985351562,68.15557861328125,1,the typed report,"The active syntactic subject performing the action is ""the typed report"".",24.471622467041016,73.34609985351562,68.15557861328125,1,the typed report,"The active syntactic subject performing the action is ""the typed report"".",24.471622467041016,73.34609985351562,68.15557861328125,False,False,False
What is the active syntactic subject performing the action?,The clicked link tracked the wireless optical computer mouse.,Agent-Patient Inversion,the clicked link,the wireless optical computer mouse,1,the clicked link,"The active syntactic subject performing the action is ""the clicked link"".",23.90120506286621,63.70150375366211,72.18500518798828,1,the clicked link,The active syntactic subject performing the action is the clicked link.,23.90120506286621,59.60633087158203,76.0096435546875,1,the clicked link,The clicked link is the active syntactic subject performing the action.,23.90120506286621,68.22547149658203,64.607666015625,False,False,False
What is the active syntactic subject performing the action?,The tapped screen registered the active digital smart stylus.,Agent-Patient Inversion,the tapped screen is the target for: what is the active syntactic subject performing the action?,stylus.,1,the tapped screen is the target for: what is the active syntactic subject performing the action?,The active syntactic subject performing the action is the tapped screen.,73.89424896240234,95.43122100830078,71.73280334472656,1,the tapped screen is the target for: what is the active syntactic subject performing the action?,The active syntactic subject performing the action is the tapped screen.,73.89424896240234,95.43122100830078,71.73280334472656,1,the tapped screen is the target for: what is the active syntactic subject performing the action?,The active syntactic subject performing the action is the tapped screen.,73.89424896240234,95.43122100830078,71.73280334472656,False,False,False
What is the active syntactic subject performing the action?,The recorded audio captured the omnidirectional studio condenser microphone.,Agent-Patient Inversion,the recorded audio,the omnidirectional studio condenser microphone,1,the recorded audio,"The active syntactic subject performing the action is ""the recorded audio"".",21.465295791625977,69.43238067626953,70.88522338867188,1,the recorded audio,"The active syntactic subject performing the action is ""the recorded audio"".",21.465295791625977,69.43238067626953,70.88522338867188,0,the omnidirectional studio condenser microphone,"The active syntactic subject performing the action is ""the omnidirectional studio condenser microphone"".",6.315281867980957,70.3870849609375,61.288875579833984,False,False,False
What is the active syntactic subject performing the action?,The photographed scene flashed the digital mirrorless camera body.,Agent-Patient Inversion,the photographed scene is the target for: what is the active syntactic subject performing the action?,body.,1,the photographed scene is the target for: what is the active syntactic subject performing the action?,"The active syntactic subject performing the action is the ""woman"".",81.91570281982422,61.939884185791016,70.0825424194336,1,the photographed scene is the target for: what is the active syntactic subject performing the action?,"The active syntactic subject performing the action is the ""boy"".",81.91570281982422,62.37249374389648,71.61144256591797,1,the photographed scene is the target for: what is the active syntactic subject performing the action?,"The active syntactic subject performing the action is the ""boy"".",81.91570281982422,62.37249374389648,71.61144256591797,False,False,False
What is the active syntactic subject performing the action?,The filmed video rolled the stabilized handheld action camera.,Agent-Patient Inversion,the filmed video,the stabilized handheld action camera,1,the filmed video,"The active syntactic subject performing the action is ""the filmed video"".",21.43426322937012,58.175254821777344,69.8447036743164,0,the stabilized handheld action camera,"The active syntactic subject performing the action is ""the stabilized handheld action camera"".",28.32320022583008,75.43573760986328,69.25568389892578,1,the filmed video,"The active syntactic subject performing the action is ""the filmed video"".",21.43426322937012,58.175254821777344,69.8447036743164,False,True,False
What is the active syntactic subject performing the action?,The illuminated subject brightened the circular LED ring light.,Agent-Patient Inversion,the illuminated subject,the circular LED ring light,1,the illuminated subject,"The active syntactic subject performing the action is ""the illuminated subject"".",39.78081893920898,76.22460174560547,78.07398986816406,1,the illuminated subject,"The active syntactic subject performing the action is ""the illuminated subject"".",39.78081893920898,76.22460174560547,78.07398986816406,1,the illuminated subject,"The active syntactic subject performing the action is ""the illuminated subject"".",39.78081893920898,76.22460174560547,78.07398986816406,False,False,False
What is the active syntactic subject performing the action?,The charged laptop powered the bulky AC power adapter.,Agent-Patient Inversion,the charged laptop is the target for: what is the active syntactic subject performing the action?,adapter.,1,the charged laptop is the target for: what is the active syntactic subject performing the action?,The charged laptop.,73.63077545166016,65.52212524414062,25.747377395629883,1,the charged laptop is the target for: what is the active syntactic subject performing the action?,The charged laptop.,73.63077545166016,65.52212524414062,25.747377395629883,1,the charged laptop is the target for: what is the active syntactic subject performing the action?,The charged laptop.,73.63077545166016,65.52212524414062,25.747377395629883,False,False,False
What is the active syntactic subject performing the action?,The stored data saved the portable external solid state drive.,Agent-Patient Inversion,the stored data,the portable external solid state drive,0,the portable external solid state drive,"The active syntactic subject performing the action is ""the portable external solid state drive"".",7.033939838409424,68.40576171875,58.204246520996094,1,the stored data,the stored data,14.544005393981934,100.0,14.544005393981934,1,the stored data,the stored data,14.544005393981934,100.0,14.544005393981934,True,False,False
What is the active syntactic subject performing the action?,The networked server connected the high speed gigabit ethernet router.,Agent-Patient Inversion,the networked server,the high speed gigabit ethernet router,1,the networked server,"The active syntactic subject performing the action is ""the networked server"".",9.885372161865234,60.67184066772461,67.84192657470703,1,the networked server,"The active syntactic subject performing the action is ""the networked server"".",9.885372161865234,60.67184066772461,67.84192657470703,1,the networked server,"The active syntactic subject performing the action is ""the networked server"".",9.885372161865234,60.67184066772461,67.84192657470703,False,False,False
What is the active syntactic subject performing the action?,The cooled processor chilled the liquid CPU cooling radiator.,Agent-Patient Inversion,the cooled processor is the target for: what is the active syntactic subject performing the action?,radiator.,1,the cooled processor is the target for: what is the active syntactic subject performing the action?,The cooled processor.,65.9249038696289,66.91307830810547,13.866225242614746,1,the cooled processor is the target for: what is the active syntactic subject performing the action?,The cooled processor.,65.9249038696289,66.91307830810547,13.866225242614746,1,the cooled processor is the target for: what is the active syntactic subject performing the action?,The cooled processor.,65.9249038696289,66.91307830810547,13.866225242614746,False,False,False
What is the active syntactic subject performing the action?,The displayed graphic glowed the high resolution IPS monitor.,Agent-Patient Inversion,the displayed graphic,the high resolution IPS monitor,1,the displayed graphic,"The active syntactic subject performing the action is the ""graphic"".",13.40315055847168,52.00112915039063,73.27420806884766,1,the displayed graphic,"The active syntactic subject performing the action is the ""graphic"".",13.40315055847168,52.00112915039063,73.27420806884766,1,the displayed graphic,"The active syntactic subject performing the action is the ""graphic"".",13.40315055847168,52.00112915039063,73.27420806884766,False,False,False
What is the active syntactic subject performing the action?,The broadcasted signal transmitted the outdoor directional Wi-Fi antenna.,Agent-Patient Inversion,the broadcasted signal,the outdoor directional Wi-Fi antenna,1,the broadcasted signal,"The active syntactic subject performing the action is ""the broadcasted signal"".",27.534574508666992,66.68484497070312,80.11873626708984,1,the broadcasted signal,"The active syntactic subject performing the action is ""the broadcasted signal"".",27.534574508666992,66.68484497070312,80.11873626708984,0,the outdoor directional Wi-Fi antenna,"The active syntactic subject performing the action is ""the outdoor directional Wi-Fi antenna"".",4.740714073181152,68.08091735839844,56.41829299926758,False,False,False
What is the active syntactic subject performing the action?,The shredded disc broke the heavy duty optical media shredder.,Agent-Patient Inversion,the shredded disc is the target for: what is the active syntactic subject performing the action?,shredder.,1,the shredded disc is the target for: what is the active syntactic subject performing the action?,The shredded disc.,64.59294891357422,67.08045959472656,9.669695854187012,1,the shredded disc is the target for: what is the active syntactic subject performing the action?,The shredded disc.,64.59294891357422,67.08045959472656,9.669695854187012,1,the shredded disc is the target for: what is the active syntactic subject performing the action?,The shredded disc.,64.59294891357422,67.08045959472656,9.669695854187012,False,False,False
What is the active syntactic subject performing the action?,The read book opened the leather bound hardcover novel.,Agent-Patient Inversion,the read book,the leather bound hardcover novel,0,the leather bound hardcover novel,"The active syntactic subject performing the action is ""the leather bound hardcover novel"".",4.329541206359863,76.33736419677734,57.44060897827149,1,the read book,"The active syntactic subject performing the action is ""the read book"".",21.369184494018555,62.45728302001953,72.70780181884766,1,the read book,"The active syntactic subject performing the action is ""the read book"".",21.369184494018555,62.45728302001953,72.70780181884766,True,False,False
What is the active syntactic subject performing the action?,The bookmarked page flipped the woven silk ribbon bookmark.,Agent-Patient Inversion,the bookmarked page,the woven silk ribbon bookmark,1,the bookmarked page,The active syntactic subject performing the action is the bookmarked page.,10.428218841552734,65.7999038696289,71.62810516357422,0,the woven silk ribbon bookmark,The active syntactic subject performing the action is the woven silk ribbon bookmark.,5.791604995727539,73.95032501220703,62.66259002685547,1,the bookmarked page,"The active syntactic subject performing the action is ""the bookmarked page"".",10.428218841552734,69.6816177368164,64.38270568847656,False,True,False
What is the active syntactic subject performing the action?,The opened letter tore the brass sword letter opener.,Agent-Patient Inversion,the opened letter is the target for: what is the active syntactic subject performing the action?,opener.,1,the opened letter is the target for: what is the active syntactic subject performing the action?,"The active syntactic subject performing the action is ""the opened letter"".",79.48619842529297,93.4051513671875,73.6900405883789,1,the opened letter is the target for: what is the active syntactic subject performing the action?,"The active syntactic subject performing the action is ""the opened letter"".",79.48619842529297,93.4051513671875,73.6900405883789,1,the opened letter is the target for: what is the active syntactic subject performing the action?,"The active syntactic subject performing the action is ""the opened letter"".",79.48619842529297,93.4051513671875,73.6900405883789,False,False,False
What is the active syntactic subject performing the action?,The sorted mail filled the tiered metal desktop file organizer.,Agent-Patient Inversion,the sorted mail,the tiered metal desktop file organizer,1,the sorted mail,"The active syntactic subject performing the action is ""the sorted mail"".",24.079933166503903,73.46510314941406,65.31832122802734,1,the sorted mail,"The active syntactic subject performing the action is ""the sorted mail"".",24.079933166503903,73.46510314941406,65.31832122802734,1,the sorted mail,"The active syntactic subject performing the action is ""the sorted mail"".",24.079933166503903,73.46510314941406,65.31832122802734,False,False,False
What is the active syntactic subject performing the action?,The presented chart folded the collapsible aluminum presentation easel.,Agent-Patient Inversion,the presented chart,the collapsible aluminum presentation easel,1,the presented chart,"The active syntactic subject performing the action is the ""chart"".",16.566164016723633,49.26934051513672,77.03863525390625,1,the presented chart,"The active syntactic subject performing the action is the ""chart"".",16.566164016723633,49.26934051513672,77.03863525390625,1,the presented chart,"The active syntactic subject performing the action is the ""chart"".",16.566164016723633,49.26934051513672,77.03863525390625,False,False,False
What is the active syntactic subject performing the action?,The shredded manuscript destroyed the heavy cross cut paper shredder.,Agent-Patient Inversion,the shredded manuscript is the target for: what is the active syntactic subject performing the action?,shredder.,1,the shredded manuscript is the target for: what is the active syntactic subject performing the action?,"The active syntactic subject performing the action is ""the shredded manuscript"".",65.68342590332031,92.63470458984376,67.25113677978516,1,the shredded manuscript is the target for: what is the active syntactic subject performing the action?,"The active syntactic subject performing the action is ""the shredded manuscript"".",65.68342590332031,92.63470458984376,67.25113677978516,1,the shredded manuscript is the target for: what is the active syntactic subject performing the action?,"The active syntactic subject performing the action is ""the shredded manuscript"".",65.68342590332031,92.63470458984376,67.25113677978516,False,False,False
What is the active syntactic subject performing the action?,The backed-up file synced the remote cloud storage server.,Agent-Patient Inversion,the backed-up file,the remote cloud storage server,1,the backed-up file,The backed-up file is the active syntactic subject performing the action.,0.0,72.94364929199219,48.2524642944336,1,the backed-up file,The backed-up file is the active syntactic subject performing the action.,0.0,72.94364929199219,48.2524642944336,1,the backed-up file,The backed-up file.,0.0,93.59459686279295,3.303062915802002,False,False,False
What is the active syntactic subject performing the action?,The formatted drive erased the portable external hard drive.,Agent-Patient Inversion,the formatted drive,the portable external hard drive,1,the formatted drive,"The active syntactic subject performing the action is ""the formatted drive"".",12.72714614868164,63.66647338867188,67.69263458251953,1,the formatted drive,"The active syntactic subject performing the action is ""the formatted drive"".",12.72714614868164,63.66647338867188,67.69263458251953,1,the formatted drive,"The active syntactic subject performing the action is ""the formatted drive"".",12.72714614868164,63.66647338867188,67.69263458251953,False,False,False
What is the active syntactic subject performing the action?,The signed document validated the electronic digital signature pad.,Agent-Patient Inversion,the signed document is the target for: what is the active syntactic subject performing the action?,pad.,1,the signed document is the target for: what is the active syntactic subject performing the action?,The signed document.,73.16246795654297,71.07826232910156,25.98497009277344,1,the signed document is the target for: what is the active syntactic subject performing the action?,The signed document.,73.16246795654297,71.07826232910156,25.98497009277344,1,the signed document is the target for: what is the active syntactic subject performing the action?,The signed document.,73.16246795654297,71.07826232910156,25.98497009277344,False,False,False
What is the active syntactic subject performing the action?,The pitched presentation showed the digital smart interactive whiteboard.,Agent-Patient Inversion,the pitched presentation,the digital smart interactive whiteboard,1,the pitched presentation,"The active syntactic subject performing the action is ""the pitched presentation"".",26.47959518432617,72.46746063232422,73.68199920654297,1,the pitched presentation,"The active syntactic subject performing the action is ""the pitched presentation"".",26.47959518432617,72.46746063232422,73.68199920654297,1,the pitched presentation,"The active syntactic subject performing the action is ""the pitched presentation"".",26.47959518432617,72.46746063232422,73.68199920654297,False,False,False
What is the active syntactic subject performing the action?,The transmitted fax sent the analog dial up fax machine.,Agent-Patient Inversion,the transmitted fax,the analog dial up fax machine,0,the analog dial up fax machine,The active syntactic subject performing the action is the analog dial-up fax machine.,0.6873834729194641,72.74723052978516,57.53810501098633,1,the transmitted fax,The transmitted fax is the active syntactic subject performing the action.,10.815617561340332,81.7318344116211,45.407318115234375,1,the transmitted fax,The transmitted fax is the active syntactic subject performing the action.,10.815617561340332,81.7318344116211,45.407318115234375,True,False,False
What is the active syntactic subject performing the action?,The watered grass soaked the oscillating lawn sprinkler.,Agent-Patient Inversion,the watered grass is the target for: what is the active syntactic subject performing the action?,sprinkler.,1,the watered grass is the target for: what is the active syntactic subject performing the action?,"The active syntactic subject performing the action is ""the watered grass"".",70.97280883789062,93.86261749267578,67.31806945800781,1,the watered grass is the target for: what is the active syntactic subject performing the action?,"The active syntactic subject performing the action is ""the watered grass"".",70.97280883789062,93.86261749267578,67.31806945800781,1,the watered grass is the target for: what is the active syntactic subject performing the action?,"The active syntactic subject performing the action is ""the watered grass"".",70.97280883789062,93.86261749267578,67.31806945800781,False,False,False
What is the active syntactic subject performing the action?,The mowed lawn clipped the gas powered rotary push mower.,Agent-Patient Inversion,the mowed lawn,the gas powered rotary push mower,1,the mowed lawn,"The active syntactic subject performing the action is ""the mowed lawn"".",12.942880630493164,72.93222045898438,64.31874084472656,0,the gas powered rotary push mower,The active syntactic subject performing the action is the gas powered rotary push mower.,7.823770523071289,72.42605590820312,62.60447692871094,1,the mowed lawn,"The active syntactic subject performing the action is ""the mowed lawn"".",12.942880630493164,72.93222045898438,64.31874084472656,False,True,False
What is the active syntactic subject performing the action?,The trimmed edge snipped the electric string weed trimmer.,Agent-Patient Inversion,the trimmed edge,the electric string weed trimmer,1,the trimmed edge,"The active syntactic subject performing the action is ""the trimmed edge"".",8.150566101074219,68.16549682617188,61.39323043823242,0,the electric string weed trimmer,The active syntactic subject performing the action is the electric string weed trimmer.,12.585335731506348,72.7122573852539,68.60006713867188,1,the trimmed edge,"The active syntactic subject performing the action is ""the trimmed edge"".",8.150566101074219,68.16549682617188,61.39323043823242,False,True,False
What is the active syntactic subject performing the action?,The pruned branch snapped the long handled bypass loppers.,Agent-Patient Inversion,the pruned branch is the target for: what is the active syntactic subject performing the action?,loppers.,1,the pruned branch is the target for: what is the active syntactic subject performing the action?,The pruned branch.,69.30670928955078,68.6556167602539,13.6124906539917,1,the pruned branch is the target for: what is the active syntactic subject performing the action?,The pruned branch.,69.30670928955078,68.6556167602539,13.6124906539917,1,the pruned branch is the target for: what is the active syntactic subject performing the action?,The pruned branch.,69.30670928955078,68.6556167602539,13.6124906539917,False,False,False
What is the active syntactic subject performing the action?,The sawed limb broke the folding steel pruning saw.,Agent-Patient Inversion,the sawed limb,the folding steel pruning saw,1,the sawed limb,"The active syntactic subject performing the action is ""the sawed limb"".",19.9935245513916,71.82115936279297,71.94043731689453,0,the folding steel pruning saw,"The active syntactic subject performing the action is ""the folding steel pruning saw"".",9.79738712310791,74.38700866699219,61.64659118652344,1,the sawed limb,"The active syntactic subject performing the action is ""the sawed limb"".",19.9935245513916,71.82115936279297,71.94043731689453,False,True,False
What is the active syntactic subject performing the action?,The chopped wood split the heavy forged felling axe.,Agent-Patient Inversion,the chopped wood,the heavy forged felling axe,1,the chopped wood,The chopped wood.,21.329147338867188,98.28656005859376,22.51434326171875,0,the heavy forged felling axe,The heavy forged felling axe.,2.6116886138916016,98.85173797607422,4.8628644943237305,1,the chopped wood,"The active syntactic subject performing the action is ""the chopped wood"".",21.329147338867188,70.58099365234375,68.9554443359375,False,True,False
What is the active syntactic subject performing the action?,The dug hole opened the long handled pointed shovel.,Agent-Patient Inversion,the dug hole is the target for: what is the active syntactic subject performing the action?,shovel.,1,the dug hole is the target for: what is the active syntactic subject performing the action?,The dug hole.,74.41209411621094,55.91037368774414,9.911943435668944,1,the dug hole is the target for: what is the active syntactic subject performing the action?,The dug hole.,74.41209411621094,55.91037368774414,9.911943435668944,1,the dug hole is the target for: what is the active syntactic subject performing the action?,The dug hole.,74.41209411621094,55.91037368774414,9.911943435668944,False,False,False
What is the active syntactic subject performing the action?,The turned soil loosened the four tine steel pitchfork.,Agent-Patient Inversion,the turned soil,the four tine steel pitchfork,1,the turned soil,"The active syntactic subject performing the action is ""the turned soil"".",15.94236183166504,71.87577819824219,67.6881332397461,0,the four tine steel pitchfork,"The active syntactic subject performing the action is ""the four tine steel pitchfork"".",6.573723316192627,76.07774353027344,55.46543502807617,1,the turned soil,"The active syntactic subject performing the action is ""the turned soil"".",15.94236183166504,71.87577819824219,67.6881332397461,False,True,False
What is the active syntactic subject performing the action?,The raked leaves gathered the flexible plastic leaf rake.,Agent-Patient Inversion,the raked leaves,the flexible plastic leaf rake,0,the flexible plastic leaf rake,"The active syntactic subject performing the action is ""the flexible plastic leaf rake"".",15.200164794921877,75.98435974121094,62.96051788330078,1,the raked leaves,"The active syntactic subject performing the action is ""the raked leaves"".",22.281888961791992,75.09467315673828,68.84504699707031,1,the raked leaves,"The active syntactic subject performing the action is ""the raked leaves"".",22.281888961791992,75.09467315673828,68.84504699707031,True,False,False
What is the active syntactic subject performing the action?,The swept driveway cleared the stiff bristle outdoor push broom.,Agent-Patient Inversion,the swept driveway is the target for: what is the active syntactic subject performing the action?,broom.,1,the swept driveway is the target for: what is the active syntactic subject performing the action?,The swept driveway is the target for: the sweeper.,70.30658721923828,74.92156219482422,22.38710021972656,1,the swept driveway is the target for: what is the active syntactic subject performing the action?,The swept driveway is the target for: the broom.,70.30658721923828,74.36067962646484,22.760313034057617,1,the swept driveway is the target for: what is the active syntactic subject performing the action?,The swept driveway is the target for: the sweeper.,70.30658721923828,74.92156219482422,22.38710021972656,False,False,False
What is the active syntactic subject performing the action?,The blown debris scattered the gas powered backpack leaf blower.,Agent-Patient Inversion,the blown debris,the gas powered backpack leaf blower,1,the blown debris,"The active syntactic subject performing the action is ""the blown debris"".",24.306026458740234,70.31317138671875,70.20204162597656,0,the gas powered backpack leaf blower,"The active syntactic subject performing the action is ""the gas powered backpack leaf blower"".",8.921965599060059,73.88263702392578,56.995391845703125,0,the gas powered backpack leaf blower,"The active syntactic subject performing the action is ""the gas powered backpack leaf blower"".",8.921965599060059,73.88263702392578,56.995391845703125,False,False,False
What is the active syntactic subject performing the action?,The washed patio sprayed the high pressure gas power washer.,Agent-Patient Inversion,the washed patio,the high pressure gas power washer,1,the washed patio,"The active syntactic subject performing the action is ""the washed"".",12.116662979125977,39.21216583251953,73.1639633178711,0,the high pressure gas power washer,The high pressure gas power washer.,6.037626266479492,96.83180236816406,10.704843521118164,1,the washed patio,"The active syntactic subject performing the action is ""the washed patio"".",12.116662979125977,67.73079681396484,68.5024642944336,False,True,False
What is the active syntactic subject performing the action?,The planted seed grew the plastic seedling starter tray.,Agent-Patient Inversion,the planted seed is the target for: what is the active syntactic subject performing the action?,tray.,1,the planted seed is the target for: what is the active syntactic subject performing the action?,The planted seed.,68.54497528076172,64.67229461669922,11.728799819946287,1,the planted seed is the target for: what is the active syntactic subject performing the action?,The planted seed.,68.54497528076172,64.67229461669922,11.728799819946287,1,the planted seed is the target for: what is the active syntactic subject performing the action?,The planted seed.,68.54497528076172,64.67229461669922,11.728799819946287,False,False,False
What is the active syntactic subject performing the action?,The fertilized bed bloomed the wheeled broadcast fertilizer spreader.,Agent-Patient Inversion,the fertilized bed,the wheeled broadcast fertilizer spreader,1,the fertilized bed,"The active syntactic subject performing the action is ""the fertilized bed"".",14.40245532989502,72.75057983398438,67.441162109375,1,the fertilized bed,"The active syntactic subject performing the action is ""the fertilized bed"".",14.40245532989502,72.75057983398438,67.441162109375,1,the fertilized bed,"The active syntactic subject performing the action is ""the fertilized bed"".",14.40245532989502,72.75057983398438,67.441162109375,False,False,False
What is the active syntactic subject performing the action?,The composted waste rotted the tumbling plastic compost bin.,Agent-Patient Inversion,the composted waste,the tumbling plastic compost bin,1,the composted waste,"The active syntactic subject performing the action is ""the composted waste"".",17.741743087768555,74.28661346435547,66.7810287475586,0,the tumbling plastic compost bin,"The active syntactic subject performing the action is ""the tumbling plastic compost bin"".",11.802760124206545,75.57865142822266,61.061031341552734,1,the composted waste,"The active syntactic subject performing the action is ""the composted waste"".",17.741743087768555,74.28661346435547,66.7810287475586,False,True,False
What is the active syntactic subject performing the action?,The harvested apple fell the wire fruit picking basket.,Agent-Patient Inversion,the harvested apple is the target for: what is the active syntactic subject performing the action?,basket.,1,the harvested apple is the target for: what is the active syntactic subject performing the action?,The harvested apple.,62.6072883605957,70.41166687011719,10.5211820602417,1,the harvested apple is the target for: what is the active syntactic subject performing the action?,The harvested apple.,62.6072883605957,70.41166687011719,10.5211820602417,1,the harvested apple is the target for: what is the active syntactic subject performing the action?,The harvested apple.,62.6072883605957,70.41166687011719,10.5211820602417,False,False,False
What is the active syntactic subject performing the action?,The weeded garden cleared the long handled oscillating stirrup hoe.,Agent-Patient Inversion,the weeded garden,the long handled oscillating stirrup hoe,1,the weeded garden,"The active syntactic subject performing the action is ""the weeded garden"".",8.68524169921875,69.89396667480469,63.2920036315918,0,the long handled oscillating stirrup hoe,"The active syntactic subject performing the action is the ""long handled oscillating stirrup hoe"".",21.359399795532227,76.71766662597656,69.6771011352539,1,the weeded garden,"The active syntactic subject performing the action is ""the weeded garden"".",8.68524169921875,69.89396667480469,63.2920036315918,False,True,False
What is the active syntactic subject performing the action?,The tilled earth turned the powerful gas powered garden tiller.,Agent-Patient Inversion,the tilled earth,the powerful gas powered garden tiller,1,the tilled earth,"The active syntactic subject performing the action is ""the tilled earth"".",6.586612701416016,65.85890197753906,66.28325653076172,0,the powerful gas powered garden tiller,"The active syntactic subject performing the action is ""the powerful gas powered garden tiller"".",1.1326342821121216,72.77312469482422,54.316184997558594,0,the powerful gas powered garden tiller,"The active syntactic subject performing the action is ""the powerful gas powered garden tiller"".",1.1326342821121216,72.77312469482422,54.316184997558594,False,False,False
What is the active syntactic subject performing the action?,The edged sidewalk cut the heavy steel half moon edger.,Agent-Patient Inversion,the edged sidewalk is the target for: what is the active syntactic subject performing the action?,edger.,1,the edged sidewalk is the target for: what is the active syntactic subject performing the action?,The edged sidewalk.,67.81009674072266,66.05587768554688,9.291088104248049,1,the edged sidewalk is the target for: what is the active syntactic subject performing the action?,The edged sidewalk.,67.81009674072266,66.05587768554688,9.291088104248049,1,the edged sidewalk is the target for: what is the active syntactic subject performing the action?,The edged sidewalk.,67.81009674072266,66.05587768554688,9.291088104248049,False,False,False
What is the active syntactic subject performing the action?,The hauled dirt rolled the pneumatic tire steel wheelbarrow.,Agent-Patient Inversion,the hauled dirt,the pneumatic tire steel wheelbarrow,1,the hauled dirt,"The active syntactic subject performing the action is ""they"".",16.010698318481445,12.14497184753418,76.89598846435547,1,the hauled dirt,"The active syntactic subject performing the action is ""they"".",16.010698318481445,12.14497184753418,76.89598846435547,1,the hauled dirt,"The active syntactic subject performing the action is ""they"".",16.010698318481445,12.14497184753418,76.89598846435547,False,False,False
What is the active syntactic subject performing the action?,The chopped brush shattered the heavy steel brush machete.,Agent-Patient Inversion,the chopped brush,the heavy steel brush machete,0,the heavy steel brush machete,"The active syntactic subject performing the action is ""the heavy steel brush machete"".",13.417048454284668,74.98687744140625,61.04310607910156,0,the heavy steel brush machete,"The active syntactic subject performing the action is ""the heavy steel brush machete"".",13.417048454284668,74.98687744140625,61.04310607910156,1,the chopped brush,"The active syntactic subject performing the action is ""the chopped brush"".",19.123565673828125,71.06436157226562,68.6024169921875,True,True,True
What is the active syntactic subject performing the action?,The split log cracked the hydraulic motorized log splitter.,Agent-Patient Inversion,the split log is the target for: what is the active syntactic subject performing the action?,splitter.,1,the split log is the target for: what is the active syntactic subject performing the action?,The active syntactic subject performing the action is the split log.,74.1766128540039,95.66220092773438,78.3316650390625,1,the split log is the target for: what is the active syntactic subject performing the action?,The active syntactic subject performing the action is the split log.,74.1766128540039,95.66220092773438,78.3316650390625,0,splitter.,"The active syntactic subject performing the action is ""splitter"".",5.970381736755371,51.09269714355469,76.0914306640625,False,False,False
What is the active syntactic subject performing the action?,The chipped branch shredded the powerful gas wood chipper.,Agent-Patient Inversion,the chipped branch,the powerful gas wood chipper,1,the chipped branch,"The active syntactic subject performing the action is ""the chipped"".",8.175286293029785,46.9815559387207,66.65189361572266,1,the chipped branch,"The active syntactic subject performing the action is ""the chipped"".",8.175286293029785,46.9815559387207,66.65189361572266,1,the chipped branch,"The active syntactic subject performing the action is ""the chipped"".",8.175286293029785,46.9815559387207,66.65189361572266,False,False,False
What is the active syntactic subject performing the action?,The caught fish splashed the lightweight carbon fiber fishing rod.,Agent-Patient Inversion,the caught fish,the lightweight carbon fiber fishing rod,0,the lightweight carbon fiber fishing rod,"The active syntactic subject performing the action is ""the lightweight carbon fiber fishing rod"".",2.1927974224090576,69.3814468383789,58.66738510131836,1,the caught fish,"The active syntactic subject performing the action is ""the caught fish"".",15.05899143218994,67.80647277832031,72.45429992675781,1,the caught fish,"The active syntactic subject performing the action is ""the caught fish"".",15.05899143218994,67.80647277832031,72.45429992675781,True,False,False
What is the active syntactic subject performing the action?,The reeled line snapped the aluminum spinning fishing reel.,Agent-Patient Inversion,the reeled line is the target for: what is the active syntactic subject performing the action?,reel.,1,the reeled line is the target for: what is the active syntactic subject performing the action?,The active syntactic subject performing the action is the reeled line.,74.6592788696289,94.58616638183594,74.57330322265625,1,the reeled line is the target for: what is the active syntactic subject performing the action?,The active syntactic subject performing the action is the reeled line.,74.6592788696289,94.58616638183594,74.57330322265625,0,reel.,"The active syntactic subject performing the action is ""reel"".",4.413911819458008,58.17439651489258,69.87265014648438,False,False,False
What is the active syntactic subject performing the action?,The netted catch trapped the rubberized landing fish net.,Agent-Patient Inversion,the netted catch,the rubberized landing fish net,1,the netted catch,"The active syntactic subject performing the action is ""the netted catch"".",15.194585800170898,66.16334533691406,70.9947509765625,1,the netted catch,"The active syntactic subject performing the action is ""the netted catch"".",15.194585800170898,66.16334533691406,70.9947509765625,1,the netted catch,"The active syntactic subject performing the action is ""the netted catch"".",15.194585800170898,66.16334533691406,70.9947509765625,False,False,False
What is the active syntactic subject performing the action?,The baited hook sank the sharp barbed circle fish hook.,Agent-Patient Inversion,the baited hook,the sharp barbed circle fish hook,1,the baited hook,"The active syntactic subject performing the action is ""the baited hook"".",15.126806259155272,71.05721282958984,67.00486755371094,1,the baited hook,"The active syntactic subject performing the action is ""the baited hook"".",15.126806259155272,71.05721282958984,67.00486755371094,1,the baited hook,"The active syntactic subject performing the action is ""the baited hook"".",15.126806259155272,71.05721282958984,67.00486755371094,False,False,False
What is the active syntactic subject performing the action?,The pitched tent popped the flexible fiberglass tent pole.,Agent-Patient Inversion,the pitched tent is the target for: what is the active syntactic subject performing the action?,pole.,1,the pitched tent is the target for: what is the active syntactic subject performing the action?,The pitched tent.,76.1534423828125,65.96499633789062,19.06581115722656,1,the pitched tent is the target for: what is the active syntactic subject performing the action?,The pitched tent.,76.1534423828125,65.96499633789062,19.06581115722656,1,the pitched tent is the target for: what is the active syntactic subject performing the action?,The pitched tent.,76.1534423828125,65.96499633789062,19.06581115722656,False,False,False
What is the active syntactic subject performing the action?,The staked guyline tightened the reflective nylon tent cord.,Agent-Patient Inversion,the staked guyline,the reflective nylon tent cord,1,the staked guyline,"The active syntactic subject performing the action is ""the staked guyline"".",11.195443153381348,66.49761962890625,70.27549743652344,1,the staked guyline,"The active syntactic subject performing the action is ""the staked guyline"".",11.195443153381348,66.49761962890625,70.27549743652344,1,the staked guyline,"The active syntactic subject performing the action is ""the staked guyline"".",11.195443153381348,66.49761962890625,70.27549743652344,False,False,False
What is the active syntactic subject performing the action?,The lit fire burned the windproof butane camping lighter.,Agent-Patient Inversion,the lit fire,the windproof butane camping lighter,1,the lit fire,"The active syntactic subject performing the action is ""the lit fire"".",15.077593803405762,63.346527099609375,72.88402557373047,1,the lit fire,"The active syntactic subject performing the action is ""the lit fire"".",15.077593803405762,63.346527099609375,72.88402557373047,0,the windproof butane camping lighter,"The active syntactic subject performing the action is ""the windproof butane camping lighter"".",0.0,71.23321533203125,42.101318359375,False,False,False
What is the active syntactic subject performing the action?,The cooked meal boiled the portable propane camping stove.,Agent-Patient Inversion,the cooked meal is the target for: what is the active syntactic subject performing the action?,stove.,1,the cooked meal is the target for: what is the active syntactic subject performing the action?,The cooked meal.,72.22650909423828,70.93171691894531,23.736719131469727,1,the cooked meal is the target for: what is the active syntactic subject performing the action?,The cooked meal.,72.22650909423828,70.93171691894531,23.736719131469727,1,the cooked meal is the target for: what is the active syntactic subject performing the action?,The cooked meal.,72.22650909423828,70.93171691894531,23.736719131469727,False,False,False
What is the active syntactic subject performing the action?,The purified water filtered the ceramic pump backpacking water filter.,Agent-Patient Inversion,the purified water,the ceramic pump backpacking water filter,0,the ceramic pump backpacking water filter,"The active syntactic subject performing the action is ""the ceramic pump"".",9.35800838470459,46.53924560546875,66.98391723632812,0,the ceramic pump backpacking water filter,"The active syntactic subject performing the action is ""the ceramic pump"".",9.35800838470459,46.53924560546875,66.98391723632812,1,the purified water,"The active syntactic subject performing the action is ""the purified water"".",10.388522148132324,69.12722778320312,65.2953872680664,True,True,True
What is the active syntactic subject performing the action?,The illuminated path beamed the rechargeable LED headlamp.,Agent-Patient Inversion,the illuminated path,the rechargeable LED headlamp,1,the illuminated path,"The active syntactic subject performing the action is ""the illuminated path"".",19.438573837280277,68.4998779296875,73.9991683959961,1,the illuminated path,"The active syntactic subject performing the action is ""the illuminated path"".",19.438573837280277,68.4998779296875,73.9991683959961,1,the illuminated path,"The active syntactic subject performing the action is ""the illuminated path"".",19.438573837280277,68.4998779296875,73.9991683959961,False,False,False
What is the active syntactic subject performing the action?,The chopped kindling shattered the compact camping survival hatchet.,Agent-Patient Inversion,the chopped kindling is the target for: what is the active syntactic subject performing the action?,hatchet.,1,the chopped kindling is the target for: what is the active syntactic subject performing the action?,"The active syntactic subject performing the action is ""the chopped kindling"".",68.99864959716797,93.86109161376952,65.11357116699219,1,the chopped kindling is the target for: what is the active syntactic subject performing the action?,"The active syntactic subject performing the action is ""the chopped kindling"".",68.99864959716797,93.86109161376952,65.11357116699219,1,the chopped kindling is the target for: what is the active syntactic subject performing the action?,The chopped kindling is the active syntactic subject performing the action.,68.99864959716797,95.47949981689452,59.82645034790039,False,False,False
What is the active syntactic subject performing the action?,The navigated trail pointed the liquid filled magnetic orienting compass.,Agent-Patient Inversion,the navigated trail,the liquid filled magnetic orienting compass,0,the liquid filled magnetic orienting compass,The liquid.,6.990017890930176,36.94180679321289,21.60093688964844,1,the navigated trail,The navigated trail.,22.277929306030277,97.86671447753906,23.59059715270996,0,the liquid filled magnetic orienting compass,The liquid.,6.990017890930176,36.94180679321289,21.60093688964844,False,False,False
What is the active syntactic subject performing the action?,The tracked steps counted the digital wearable fitness tracker.,Agent-Patient Inversion,the tracked steps,the digital wearable fitness tracker,1,the tracked steps,"The active syntactic subject performing the action is ""the tracked steps"".",25.617212295532227,68.0117416381836,76.63634490966797,1,the tracked steps,"The active syntactic subject performing the action is ""the tracked steps"".",25.617212295532227,68.0117416381836,76.63634490966797,0,the digital wearable fitness tracker,The active syntactic subject performing the action is the digital wearable fitness tracker.,6.636500358581543,63.75306701660156,70.3682861328125,False,False,False
What is the active syntactic subject performing the action?,The scoped deer magnified the variable zoom hunting riflescope.,Agent-Patient Inversion,the scoped deer is the target for: what is the active syntactic subject performing the action?,riflescope.,1,the scoped deer is the target for: what is the active syntactic subject performing the action?,The active syntactic subject performing the action is the scoped deer.,69.82469940185547,96.14991760253906,70.10496520996094,1,the scoped deer is the target for: what is the active syntactic subject performing the action?,The active syntactic subject performing the action is the scoped deer.,69.82469940185547,96.14991760253906,70.10496520996094,1,the scoped deer is the target for: what is the active syntactic subject performing the action?,The active syntactic subject performing the action is the scoped deer.,69.82469940185547,96.14991760253906,70.10496520996094,False,False,False
What is the active syntactic subject performing the action?,The shot target pierced the compound mechanical hunting bow.,Agent-Patient Inversion,the shot target,the compound mechanical hunting bow,1,the shot target,"The active syntactic subject performing the action is ""the shot target"".",28.535430908203125,69.11504364013672,76.46212768554688,1,the shot target,"The active syntactic subject performing the action is ""the shot target"".",28.535430908203125,69.11504364013672,76.46212768554688,0,the compound mechanical hunting bow,The active syntactic subject performing the action is the compound mechanical hunting bow.,13.081269264221191,73.45281982421875,66.52191925048828,False,False,False
What is the active syntactic subject performing the action?,The trapped pest snapped the wooden spring loaded mousetrap.,Agent-Patient Inversion,the trapped pest,the wooden spring loaded mousetrap,1,the trapped pest,"The active syntactic subject performing the action is ""the trapped pest"".",16.501937866210938,71.59114837646484,67.61113739013672,1,the trapped pest,"The active syntactic subject performing the action is ""the trapped pest"".",16.501937866210938,71.59114837646484,67.61113739013672,1,the trapped pest,"The active syntactic subject performing the action is ""the trapped pest"".",16.501937866210938,71.59114837646484,67.61113739013672,False,False,False
What is the active syntactic subject performing the action?,The repelled mosquito smoked the slow burning citronella coil.,Agent-Patient Inversion,the repelled mosquito is the target for: what is the active syntactic subject performing the action?,coil.,1,the repelled mosquito is the target for: what is the active syntactic subject performing the action?,The active syntactic subject performing the action is the repelled mosquito.,65.48103332519531,94.15739440917967,60.640132904052734,1,the repelled mosquito is the target for: what is the active syntactic subject performing the action?,The active syntactic subject performing the action is the repelled mosquito.,65.48103332519531,94.15739440917967,60.640132904052734,1,the repelled mosquito is the target for: what is the active syntactic subject performing the action?,The active syntactic subject performing the action is the repelled mosquito.,65.48103332519531,94.15739440917967,60.640132904052734,False,False,False
What is the active syntactic subject performing the action?,The fed bird scattered the hanging plastic tube bird feeder.,Agent-Patient Inversion,the fed bird,the hanging plastic tube bird feeder,0,the hanging plastic tube bird feeder,The hanging plastic tube bird feeder.,5.45518159866333,98.37250518798828,9.58346939086914,1,the fed bird,"The active syntactic subject performing the action is ""the fed bird"".",15.444403648376465,66.93701934814453,72.40699768066406,1,the fed bird,"The active syntactic subject performing the action is ""the fed bird"".",15.444403648376465,66.93701934814453,72.40699768066406,True,False,False
What is the active syntactic subject performing the action?,The watered flower dripped the slow release terracotta watering spike.,Agent-Patient Inversion,the watered flower,the slow release terracotta watering spike,1,the watered flower,"The active syntactic subject performing the action is ""the watered flower"".",13.616010665893556,68.55418395996094,69.35311889648438,1,the watered flower,"The active syntactic subject performing the action is ""the watered flower"".",13.616010665893556,68.55418395996094,69.35311889648438,0,the slow release terracotta watering spike,"The active syntactic subject performing the action is ""the slow release terracotta watering spike"".",6.553762435913086,71.44717407226562,60.61838912963867,False,False,False
What is the active syntactic subject performing the action?,The supported tomato wrapped the galvanized steel round tomato cage.,Agent-Patient Inversion,the supported tomato is the target for: what is the active syntactic subject performing the action?,cage.,1,the supported tomato is the target for: what is the active syntactic subject performing the action?,The supported tomato.,69.10269165039062,68.2989730834961,10.9833402633667,1,the supported tomato is the target for: what is the active syntactic subject performing the action?,The supported tomato.,69.10269165039062,68.2989730834961,10.9833402633667,0,cage.,"The active syntactic subject performing the action is ""cage"".",10.057744026184082,52.19048690795898,72.9577407836914,False,False,False
What is the active syntactic subject performing the action?,The shaded deck blocked the retractable canvas patio awning.,Agent-Patient Inversion,the shaded deck,the retractable canvas patio awning,1,the shaded deck,"The active syntactic subject performing the action is ""the shaded deck"".",14.661640167236328,65.7241439819336,69.18780517578125,0,the retractable canvas patio awning,The retractable canvas patio awning is the active syntactic subject performing the action.,2.1581385135650635,77.05281829833984,53.58175659179688,1,the shaded deck,"The active syntactic subject performing the action is ""the shaded deck"".",14.661640167236328,65.7241439819336,69.18780517578125,False,True,False
What is the active syntactic subject performing the action?,The heated patio warmed the tall propane outdoor mushroom heater.,Agent-Patient Inversion,the heated patio,the tall propane outdoor mushroom heater,1,the heated patio,"The active syntactic subject performing the action is ""the heated patio"".",18.01966094970703,69.59172821044922,70.40973663330078,1,the heated patio,"The active syntactic subject performing the action is ""the heated patio"".",18.01966094970703,69.59172821044922,70.40973663330078,1,the heated patio,"The active syntactic subject performing the action is ""the heated patio"".",18.01966094970703,69.59172821044922,70.40973663330078,False,False,False
What is the active syntactic subject performing the action?,The smoked meat charred the heavy offset barrel wood smoker.,Agent-Patient Inversion,the smoked meat is the target for: what is the active syntactic subject performing the action?,smoker.,1,the smoked meat is the target for: what is the active syntactic subject performing the action?,"The active syntactic subject performing the action is ""the smoked meat"".",69.834228515625,92.94178771972656,65.51846313476562,1,the smoked meat is the target for: what is the active syntactic subject performing the action?,"The active syntactic subject performing the action is ""the smoked meat"".",69.834228515625,92.94178771972656,65.51846313476562,1,the smoked meat is the target for: what is the active syntactic subject performing the action?,The active syntactic subject performing the action is the smoked meat.,69.834228515625,94.80286407470705,68.44031524658203,False,False,False
What is the active syntactic subject performing the action?,The grilled burger sizzled the cast iron tabletop charcoal grill.,Agent-Patient Inversion,the grilled burger,the cast iron tabletop charcoal grill,1,the grilled burger,"The active syntactic subject performing the action is ""the grilled burger"".",12.265345573425291,73.58679962158203,60.943824768066406,0,the cast iron tabletop charcoal grill,The active syntactic subject performing the action is the cast iron tabletop charcoal grill.,13.872197151184082,72.05964660644531,66.29838562011719,1,the grilled burger,"The active syntactic subject performing the action is ""the grilled burger"".",12.265345573425291,73.58679962158203,60.943824768066406,False,True,False
What is the active syntactic subject performing the action?,The flipped steak turned the long handled stainless steel grilling tongs.,Agent-Patient Inversion,the flipped steak,the long handled stainless steel grilling tongs,1,the flipped steak,"The active syntactic subject performing the action is ""the flipped steak"".",14.239740371704102,72.46923065185547,66.37996673583984,1,the flipped steak,"The active syntactic subject performing the action is ""the flipped steak"".",14.239740371704102,72.46923065185547,66.37996673583984,1,the flipped steak,"The active syntactic subject performing the action is ""the flipped steak"".",14.239740371704102,72.46923065185547,66.37996673583984,False,False,False
What is the active syntactic subject performing the action?,The basted rib dripped the silicone bristle barbecue basting brush.,Agent-Patient Inversion,the basted rib is the target for: what is the active syntactic subject performing the action?,brush.,1,the basted rib is the target for: what is the active syntactic subject performing the action?,"The active syntactic subject performing the action is ""the basted rib"".",69.75093078613281,93.5343017578125,70.52120208740234,1,the basted rib is the target for: what is the active syntactic subject performing the action?,"The active syntactic subject performing the action is ""the basted rib"".",69.75093078613281,93.5343017578125,70.52120208740234,1,the basted rib is the target for: what is the active syntactic subject performing the action?,"The active syntactic subject performing the action is ""the basted rib"".",69.75093078613281,93.5343017578125,70.52120208740234,False,False,False
What is the active syntactic subject performing the action?,The probed roast beeped the digital instant read meat thermometer.,Agent-Patient Inversion,the probed roast,the digital instant read meat thermometer,1,the probed roast,"The active syntactic subject performing the action is ""the probed roast"".",15.422216415405272,72.49964141845703,66.78826904296875,1,the probed roast,"The active syntactic subject performing the action is ""the probed roast"".",15.422216415405272,72.49964141845703,66.78826904296875,0,the digital instant read meat thermometer,The active syntactic subject performing the action is the digital instant read meat thermometer.,5.962602615356445,76.17648315429688,61.120079040527344,False,False,False
What is the active syntactic subject performing the action?,The steered car turned the leather wrapped steering wheel.,Agent-Patient Inversion,the steered car,the leather wrapped steering wheel,0,the leather wrapped steering wheel,"The active syntactic subject performing the action is ""the leather wrapped steering wheel"".",15.229673385620115,78.16773986816406,58.762393951416016,1,the steered car,"The active syntactic subject performing the action is ""the steered car"".",20.029800415039062,72.46080780029297,68.73403930664062,1,the steered car,"The active syntactic subject performing the action is ""the steered car"".",20.029800415039062,72.46080780029297,68.73403930664062,True,False,False
What is the active syntactic subject performing the action?,The braked truck stopped the hydraulic disc brake caliper.,Agent-Patient Inversion,the braked truck is the target for: what is the active syntactic subject performing the action?,caliper.,1,the braked truck is the target for: what is the active syntactic subject performing the action?,The braked truck.,69.69252014160156,62.578521728515625,10.620051383972168,1,the braked truck is the target for: what is the active syntactic subject performing the action?,The braked truck.,69.69252014160156,62.578521728515625,10.620051383972168,1,the braked truck is the target for: what is the active syntactic subject performing the action?,The braked truck.,69.69252014160156,62.578521728515625,10.620051383972168,False,False,False
What is the active syntactic subject performing the action?,The accelerated coupe roared the electronic fuel injection throttle body.,Agent-Patient Inversion,the accelerated coupe,the electronic fuel injection throttle body,1,the accelerated coupe,"The active syntactic subject performing the action is ""the accelerated coupe"".",13.303071022033691,69.92170715332031,67.6521987915039,1,the accelerated coupe,"The active syntactic subject performing the action is ""the accelerated coupe"".",13.303071022033691,69.92170715332031,67.6521987915039,1,the accelerated coupe,"The active syntactic subject performing the action is ""the accelerated coupe"".",13.303071022033691,69.92170715332031,67.6521987915039,False,False,False
What is the active syntactic subject performing the action?,The shifted gear changed the dual clutch automatic transmission.,Agent-Patient Inversion,the shifted gear,the dual clutch automatic transmission,1,the shifted gear,"The active syntactic subject performing the action is ""the shifted gear"".",13.022271156311035,68.80429077148438,66.52674865722656,1,the shifted gear,"The active syntactic subject performing the action is ""the shifted gear"".",13.022271156311035,68.80429077148438,66.52674865722656,1,the shifted gear,"The active syntactic subject performing the action is ""the shifted gear"".",13.022271156311035,68.80429077148438,66.52674865722656,False,False,False
What is the active syntactic subject performing the action?,The wiped glass cleared the silicone beam windshield wiper.,Agent-Patient Inversion,the wiped glass is the target for: what is the active syntactic subject performing the action?,wiper.,1,the wiped glass is the target for: what is the active syntactic subject performing the action?,"The active syntactic subject performing the action is ""the wiped glass"".",70.72808837890625,93.49545288085938,66.76851654052734,1,the wiped glass is the target for: what is the active syntactic subject performing the action?,"The active syntactic subject performing the action is ""the wiped glass"".",70.72808837890625,93.49545288085938,66.76851654052734,1,the wiped glass is the target for: what is the active syntactic subject performing the action?,"The active syntactic subject performing the action is ""the wiped glass"".",70.72808837890625,93.49545288085938,66.76851654052734,False,False,False
What is the active syntactic subject performing the action?,The washed car shone the foaming automotive wash mitt.,Agent-Patient Inversion,the washed car,the foaming automotive wash mitt,1,the washed car,"The active syntactic subject performing the action is ""the washed car"".",17.588132858276367,70.62065124511719,68.51222229003906,1,the washed car,"The active syntactic subject performing the action is ""the washed car"".",17.588132858276367,70.62065124511719,68.51222229003906,1,the washed car,"The active syntactic subject performing the action is ""the washed car"".",17.588132858276367,70.62065124511719,68.51222229003906,False,False,False
What is the active syntactic subject performing the action?,The waxed paint gleamed the dual action random orbital polisher.,Agent-Patient Inversion,the waxed paint,the dual action random orbital polisher,1,the waxed paint,"The active syntactic subject performing the action is ""the waxed paint"".",15.120643615722656,66.79772186279297,70.25777435302734,0,the dual action random orbital polisher,"The active syntactic subject performing the action is ""the dual action random orbital polisher"".",21.66657829284668,71.52564239501953,70.73423767089844,0,the dual action random orbital polisher,"The active syntactic subject performing the action is the ""dual action random orbital polisher"".",21.66657829284668,70.64903259277344,73.61854553222656,False,False,False
What is the active syntactic subject performing the action?,The towed trailer pulled the heavy duty steel trailer hitch.,Agent-Patient Inversion,the towed trailer is the target for: what is the active syntactic subject performing the action?,hitch.,1,the towed trailer is the target for: what is the active syntactic subject performing the action?,"The active syntactic subject performing the action is ""the towed trailer"".",68.29291534423828,92.33647918701172,62.9267578125,1,the towed trailer is the target for: what is the active syntactic subject performing the action?,"The active syntactic subject performing the action is ""the towed trailer"".",68.29291534423828,92.33647918701172,62.9267578125,1,the towed trailer is the target for: what is the active syntactic subject performing the action?,"The active syntactic subject performing the action is ""the towed trailer"".",68.29291534423828,92.33647918701172,62.9267578125,False,False,False
What is the active syntactic subject performing the action?,The secured cargo strapped the heavy woven nylon ratchet strap.,Agent-Patient Inversion,the secured cargo,the heavy woven nylon ratchet strap,0,the heavy woven nylon ratchet strap,"The active syntactic subject performing the action is ""the heavy woven nylon ratchet strap"".",13.732181549072266,78.60014343261719,59.12818145751953,1,the secured cargo,"The active syntactic subject performing the action is ""the secured cargo"".",12.162615776062012,65.7215805053711,69.19778442382812,1,the secured cargo,"The active syntactic subject performing the action is ""the secured cargo"".",12.162615776062012,65.7215805053711,69.19778442382812,True,False,False
What is the active syntactic subject performing the action?,The navigated route mapped the dashboard mounted satellite GPS.,Agent-Patient Inversion,the navigated route,the dashboard mounted satellite GPS,0,the dashboard mounted satellite GPS,"The active syntactic subject performing the action is ""the dashboard mounted satellite GPS"".",1.3833246231079102,75.2698745727539,53.99955368041992,1,the navigated route,"The active syntactic subject performing the action is ""the navigated route"".",27.46542739868164,73.40403747558594,74.13162994384766,1,the navigated route,"The active syntactic subject performing the action is ""the navigated route"".",27.46542739868164,73.40403747558594,74.13162994384766,True,False,False
What is the active syntactic subject performing the action?,The honked horn blared the steering wheel center horn pad.,Agent-Patient Inversion,the honked horn is the target for: what is the active syntactic subject performing the action?,pad.,1,the honked horn is the target for: what is the active syntactic subject performing the action?,The active syntactic subject performing the action is the car.,67.21085357666016,60.97451400756836,78.67972564697266,1,the honked horn is the target for: what is the active syntactic subject performing the action?,The active syntactic subject performing the action is the car.,67.21085357666016,60.97451400756836,78.67972564697266,1,the honked horn is the target for: what is the active syntactic subject performing the action?,The active syntactic subject performing the action is the car.,67.21085357666016,60.97451400756836,78.67972564697266,False,False,False
What is the active syntactic subject performing the action?,The fueled tank filled the unleaded gasoline pump nozzle.,Agent-Patient Inversion,the fueled tank,the unleaded gasoline pump nozzle,1,the fueled tank,"The active syntactic subject performing the action is ""the fueled tank"".",5.964719295501709,63.54579162597656,64.07077026367188,1,the fueled tank,"The active syntactic subject performing the action is ""the fueled tank"".",5.964719295501709,63.54579162597656,64.07077026367188,1,the fueled tank,"The active syntactic subject performing the action is ""the fueled tank"".",5.964719295501709,63.54579162597656,64.07077026367188,False,False,False
What is the active syntactic subject performing the action?,The charged battery powered the fast direct current electric charger.,Agent-Patient Inversion,the charged battery,the fast direct current electric charger,1,the charged battery,"The active syntactic subject performing the action is ""the charged battery"".",28.207338333129883,60.91555404663086,71.70011901855469,1,the charged battery,"The active syntactic subject performing the action is ""the charged battery"".",28.207338333129883,60.91555404663086,71.70011901855469,1,the charged battery,"The active syntactic subject performing the action is ""the charged battery"".",28.207338333129883,60.91555404663086,71.70011901855469,False,False,False
What is the active syntactic subject performing the action?,The locked door clicked the remote keyless entry fob.,Agent-Patient Inversion,the locked door is the target for: what is the active syntactic subject performing the action?,fob.,1,the locked door is the target for: what is the active syntactic subject performing the action?,"The active syntactic subject performing the action is ""the locked door"".",73.80988311767578,92.86676025390624,68.25699615478516,1,the locked door is the target for: what is the active syntactic subject performing the action?,"The active syntactic subject performing the action is ""the locked door"".",73.80988311767578,92.86676025390624,68.25699615478516,1,the locked door is the target for: what is the active syntactic subject performing the action?,"The active syntactic subject performing the action is ""the locked door"".",73.80988311767578,92.86676025390624,68.25699615478516,False,False,False
What is the active syntactic subject performing the action?,The opened window dropped the electric power window switch.,Agent-Patient Inversion,the opened window,the electric power window switch,0,the electric power window switch,The electric power window switch.,14.075359344482422,95.73999786376952,19.68361473083496,1,the opened window,"The active syntactic subject performing the action is ""the opened window"".",20.162073135375977,66.7079849243164,68.7842788696289,1,the opened window,"The active syntactic subject performing the action is ""the opened window"".",20.162073135375977,66.7079849243164,68.7842788696289,True,False,False
What is the active syntactic subject performing the action?,The adjusted mirror turned the motorized side view mirror switch.,Agent-Patient Inversion,the adjusted mirror,the motorized side view mirror switch,0,the motorized side view mirror switch,"The active syntactic subject performing the action is the ""motorized side view mirror switch"".",12.152377128601074,75.24556732177734,64.09004211425781,0,the motorized side view mirror switch,"The active syntactic subject performing the action is the ""motorized side view mirror switch"".",12.152377128601074,75.24556732177734,64.09004211425781,0,the motorized side view mirror switch,"The active syntactic subject performing the action is ""the motorized side view mirror switch"".",12.152377128601074,76.64161682128906,61.28890609741211,False,False,False
What is the active syntactic subject performing the action?,The heated seat warmed the integrated wire seat heating element.,Agent-Patient Inversion,the heated seat is the target for: what is the active syntactic subject performing the action?,element.,1,the heated seat is the target for: what is the active syntactic subject performing the action?,"The active syntactic subject performing the action is ""the heated seat"".",78.20445251464844,94.28589630126952,73.63683319091797,1,the heated seat is the target for: what is the active syntactic subject performing the action?,"The active syntactic subject performing the action is ""the heated seat"".",78.20445251464844,94.28589630126952,73.63683319091797,0,element.,The active syntactic subject performing the action is the element.,19.48718643188477,43.43614959716797,87.6245346069336,False,False,False
What is the active syntactic subject performing the action?,The cooled cabin chilled the automotive air conditioning compressor.,Agent-Patient Inversion,the cooled cabin,the automotive air conditioning compressor,1,the cooled cabin,The cooled cabin.,13.273589134216309,98.03856658935548,15.457076072692873,1,the cooled cabin,The cooled cabin.,13.273589134216309,98.03856658935548,15.457076072692873,1,the cooled cabin,"The active syntactic subject performing the action is ""the cooled cabin"".",13.273589134216309,71.15381622314453,64.68975067138672,False,False,False
What is the active syntactic subject performing the action?,The exhausted smoke vented the stainless steel performance muffler.,Agent-Patient Inversion,the exhausted smoke,the stainless steel performance muffler,1,the exhausted smoke,"The active syntactic subject performing the action is ""the exhausted smoke"".",10.680313110351562,67.51384735107422,62.07301712036133,0,the stainless steel performance muffler,"The active syntactic subject performing the action is ""the stainless steel performance muffler"".",3.4996867179870605,76.25006103515625,49.65050506591797,1,the exhausted smoke,"The active syntactic subject performing the action is ""the exhausted smoke"".",10.680313110351562,67.51384735107422,62.07301712036133,False,True,False
What is the active syntactic subject performing the action?,The illuminated road brightened the high intensity discharge headlight.,Agent-Patient Inversion,the illuminated road is the target for: what is the active syntactic subject performing the action?,headlight.,1,the illuminated road is the target for: what is the active syntactic subject performing the action?,"The active syntactic subject performing the action is ""the illuminated road"".",75.06805419921875,92.99797058105467,69.39990234375,1,the illuminated road is the target for: what is the active syntactic subject performing the action?,"The active syntactic subject performing the action is ""the illuminated road"".",75.06805419921875,92.99797058105467,69.39990234375,1,the illuminated road is the target for: what is the active syntactic subject performing the action?,"The active syntactic subject performing the action is ""the illuminated road"".",75.06805419921875,92.99797058105467,69.39990234375,False,False,False
What is the active syntactic subject performing the action?,The pedaled bike turned the forged aluminum bicycle crankset.,Agent-Patient Inversion,the pedaled bike,the forged aluminum bicycle crankset,1,the pedaled bike,"The active syntactic subject performing the action is ""the pedaled bike"".",14.273733139038086,72.40355682373047,60.788272857666016,1,the pedaled bike,"The active syntactic subject performing the action is ""the pedaled bike"".",14.273733139038086,72.40355682373047,60.788272857666016,1,the pedaled bike,The active syntactic subject performing the action is the pedaled bike.,14.273733139038086,69.58462524414062,64.56304168701172,False,False,False
What is the active syntactic subject performing the action?,The shifted chain moved the rear bicycle derailleur mechanism.,Agent-Patient Inversion,the shifted chain,the rear bicycle derailleur mechanism,1,the shifted chain,"The active syntactic subject performing the action is ""the shifted chain"".",16.19708824157715,59.60031127929688,78.60868072509766,1,the shifted chain,"The active syntactic subject performing the action is ""the shifted chain"".",16.19708824157715,59.60031127929688,78.60868072509766,1,the shifted chain,"The active syntactic subject performing the action is ""the shifted chain"".",16.19708824157715,59.60031127929688,78.60868072509766,False,False,False
What is the active syntactic subject performing the action?,The braked wheel stopped the hydraulic bicycle disc brake.,Agent-Patient Inversion,the braked wheel is the target for: what is the active syntactic subject performing the action?,brake.,1,the braked wheel is the target for: what is the active syntactic subject performing the action?,The active syntactic subject performing the action is the braked wheel.,74.511474609375,93.81364440917967,71.72967529296875,1,the braked wheel is the target for: what is the active syntactic subject performing the action?,The active syntactic subject performing the action is the braked wheel.,74.511474609375,93.81364440917967,71.72967529296875,1,the braked wheel is the target for: what is the active syntactic subject performing the action?,The active syntactic subject performing the action is the braked wheel.,74.511474609375,93.81364440917967,71.72967529296875,False,False,False
What is the active syntactic subject performing the action?,The steered wheel turned the carbon fiber bicycle handlebar.,Agent-Patient Inversion,the steered wheel,the carbon fiber bicycle handlebar,1,the steered wheel,"The active syntactic subject performing the action is ""the steered wheel"".",18.002626419067383,72.65739440917969,68.892333984375,1,the steered wheel,"The active syntactic subject performing the action is ""the steered wheel"".",18.002626419067383,72.65739440917969,68.892333984375,1,the steered wheel,"The active syntactic subject performing the action is ""the steered wheel"".",18.002626419067383,72.65739440917969,68.892333984375,False,False,False
What is the active syntactic subject performing the action?,The steered yacht turned the wooden ship steering wheel.,Agent-Patient Inversion,the steered yacht,the wooden ship steering wheel,1,the steered yacht,"The active syntactic subject performing the action is ""the steered"".",15.154668807983398,44.42658233642578,75.75552368164062,1,the steered yacht,"The active syntactic subject performing the action is ""the steered"".",15.154668807983398,44.42658233642578,75.75552368164062,1,the steered yacht,"The active syntactic subject performing the action is ""the steered"".",15.154668807983398,44.42658233642578,75.75552368164062,False,False,False
What is the active syntactic subject performing the action?,The anchored vessel dropped the heavy galvanized steel plow anchor.,Agent-Patient Inversion,the anchored vessel is the target for: what is the active syntactic subject performing the action?,anchor.,1,the anchored vessel is the target for: what is the active syntactic subject performing the action?,The anchored vessel.,73.3125,66.55667877197266,16.138856887817383,1,the anchored vessel is the target for: what is the active syntactic subject performing the action?,The anchored vessel.,73.3125,66.55667877197266,16.138856887817383,1,the anchored vessel is the target for: what is the active syntactic subject performing the action?,The anchored vessel is the active syntactic subject performing the action.,73.3125,93.79315185546876,62.11159133911133,False,False,False
What is the active syntactic subject performing the action?,The moored boat tied the heavy braided nylon dock line.,Agent-Patient Inversion,the moored boat,the heavy braided nylon dock line,1,the moored boat,"The active syntactic subject performing the action is ""the moored boat"".",9.988837242126465,68.30427551269531,68.70447540283203,1,the moored boat,"The active syntactic subject performing the action is ""the moored boat"".",9.988837242126465,68.30427551269531,68.70447540283203,1,the moored boat,"The active syntactic subject performing the action is ""the moored boat"".",9.988837242126465,68.30427551269531,68.70447540283203,False,False,False
What is the active syntactic subject performing the action?,The drained bilge pumped the submersible automatic bilge pump.,Agent-Patient Inversion,the drained bilge,the submersible automatic bilge pump,0,the submersible automatic bilge pump,The submersible automatic bilge pump.,10.904862403869627,96.80905151367188,16.78673553466797,0,the submersible automatic bilge pump,The submersible automatic bilge pump.,10.904862403869627,96.80905151367188,16.78673553466797,1,the drained bilge,"The active syntactic subject performing the action is ""the drained bilge"".",5.7215189933776855,65.92832946777344,66.40521240234375,True,True,True
What is the active syntactic subject performing the action?,The navigated sea charted the dashboard marine chartplotter.,Agent-Patient Inversion,the navigated sea is the target for: what is the active syntactic subject performing the action?,chartplotter.,0,chartplotter.,"The active syntactic subject performing the action is ""chartplotter"".",0.2284565865993499,65.34498596191406,62.92362976074219,1,the navigated sea is the target for: what is the active syntactic subject performing the action?,The navigated sea is the target for: the ship.,74.2528305053711,77.50757598876953,30.043066024780277,1,the navigated sea is the target for: what is the active syntactic subject performing the action?,The navigated sea is the target for: the ship.,74.2528305053711,77.50757598876953,30.043066024780277,True,False,False
What is the active syntactic subject performing the action?,The sounded depth beeped the acoustic marine depth sounder.,Agent-Patient Inversion,the sounded depth,the acoustic marine depth sounder,0,the acoustic marine depth sounder,"The active syntactic subject performing the action is ""the acoustic marine depth sounder"".",2.4993791580200195,70.31745910644531,58.33729553222656,1,the sounded depth,The sounded depth.,14.10063362121582,98.39383697509766,15.453429222106934,0,the acoustic marine depth sounder,"The active syntactic subject performing the action is ""the acoustic marine depth sounder"".",2.4993791580200195,70.31745910644531,58.33729553222656,False,False,False
What is the active syntactic subject performing the action?,The flown plane soared the aluminum aircraft wing flap.,Agent-Patient Inversion,the flown plane,the aluminum aircraft wing flap,1,the flown plane,"The active syntactic subject performing the action is ""the flown plane"".",23.654691696166992,71.45292663574219,71.60411071777344,1,the flown plane,"The active syntactic subject performing the action is ""the flown plane"".",23.654691696166992,71.45292663574219,71.60411071777344,1,the flown plane,"The active syntactic subject performing the action is ""the flown plane"".",23.654691696166992,71.45292663574219,71.60411071777344,False,False,False
What is the active syntactic subject performing the action?,The steered jet turned the pilot control flight yoke.,Agent-Patient Inversion,the steered jet is the target for: what is the active syntactic subject performing the action?,yoke.,1,the steered jet is the target for: what is the active syntactic subject performing the action?,The active syntactic subject performing the action is the steered jet.,74.05766296386719,94.7299346923828,69.84477996826172,1,the steered jet is the target for: what is the active syntactic subject performing the action?,The active syntactic subject performing the action is the steered jet.,74.05766296386719,94.7299346923828,69.84477996826172,1,the steered jet is the target for: what is the active syntactic subject performing the action?,The active syntactic subject performing the action is the steered jet.,74.05766296386719,94.7299346923828,69.84477996826172,False,False,False
What is the active syntactic subject performing the action?,The braked aircraft stopped the heavy aircraft landing gear.,Agent-Patient Inversion,the braked aircraft,the heavy aircraft landing gear,0,the heavy aircraft landing gear,"The active syntactic subject performing the action is ""the heavy aircraft"".",6.455199241638184,43.15427017211914,67.6610107421875,1,the braked aircraft,"The active syntactic subject performing the action is ""the braked aircraft"".",7.097376346588135,67.0553970336914,64.92892456054688,1,the braked aircraft,"The active syntactic subject performing the action is ""the braked aircraft"".",7.097376346588135,67.0553970336914,64.92892456054688,True,False,False
What is the active syntactic subject performing the action?,The accelerated jet roared the twin spool turbofan engine.,Agent-Patient Inversion,the accelerated jet,the twin spool turbofan engine,1,the accelerated jet,"The active syntactic subject performing the action is ""the accelerated jet"".",10.573027610778809,65.04708099365234,69.56668090820312,1,the accelerated jet,"The active syntactic subject performing the action is ""the accelerated jet"".",10.573027610778809,65.04708099365234,69.56668090820312,1,the accelerated jet,The accelerated jet.,10.573027610778809,97.71142578125,11.364154815673828,False,False,False
What is the active syntactic subject performing the action?,The moved pallet rolled the manual hydraulic pallet jack.,Agent-Patient Inversion,the moved pallet,the manual hydraulic pallet jack,0,the manual hydraulic pallet jack,"The active syntactic subject performing the action is ""the manual hydraulic pallet jack"".",2.8503341674804688,77.68309020996094,47.5622444152832,1,the moved pallet,"The active syntactic subject performing the action is ""the moved pallet"".",14.657073974609377,64.43343353271484,73.7823715209961,1,the moved pallet,"The active syntactic subject performing the action is ""the moved pallet"".",14.657073974609377,64.43343353271484,73.7823715209961,True,False,False
What is the active syntactic subject performing the action?,The dumped soil tipped the hydraulic dump truck bed.,Agent-Patient Inversion,the dumped soil,the hydraulic dump truck bed,1,the dumped soil,"The active syntactic subject performing the action is ""the dumped soil"".",14.096084594726562,71.76441192626953,64.62322235107422,0,the hydraulic dump truck bed,The hydraulic dump truck bed.,2.793593406677246,97.4713897705078,6.955316543579102,1,the dumped soil,"The active syntactic subject performing the action is ""the dumped soil"".",14.096084594726562,71.76441192626953,64.62322235107422,False,True,False
What is the active syntactic subject performing the action?,The dug trench scraped the hydraulic crawler excavator bucket.,Agent-Patient Inversion,the dug trench,the hydraulic crawler excavator bucket,1,the dug trench,The dug trench is the active syntactic subject performing the action.,7.324804306030273,74.26216888427734,56.27873992919922,0,the hydraulic crawler excavator bucket,The hydraulic crawler excavator bucket.,6.130308628082275,97.5798110961914,10.337979316711426,1,the dug trench,The dug trench is the active syntactic subject performing the action.,7.324804306030273,74.26216888427734,56.27873992919922,False,True,False
What is the active syntactic subject performing the action?,The plowed snow pushed the angled steel snow plow blade.,Agent-Patient Inversion,the plowed snow,the angled steel snow plow blade,0,the angled steel snow plow blade,The angled steel snow plow blade is the active syntactic subject performing the action.,2.046056032180786,80.99466705322266,44.92782974243164,0,the angled steel snow plow blade,The angled steel snow plow blade is the active syntactic subject performing the action.,2.046056032180786,80.99466705322266,44.92782974243164,1,the plowed snow,"The active syntactic subject performing the action is ""the plowed"".",4.580918788909912,44.783966064453125,69.05072021484375,True,True,True
What is the active syntactic subject performing the action?,The supported step walked the adjustable aluminum medical crutch.,Agent-Patient Inversion,the supported step,the adjustable aluminum medical crutch,1,the supported step,"The active syntactic subject performing the action is ""the supported step"".",19.02789688110352,65.24687957763672,72.104736328125,1,the supported step,"The active syntactic subject performing the action is ""the supported step"".",19.02789688110352,65.24687957763672,72.104736328125,1,the supported step,"The active syntactic subject performing the action is ""the supported step"".",19.02789688110352,65.24687957763672,72.104736328125,False,False,False
What is the active syntactic subject performing the action?,The pushed patient rolled the folding manual transit wheelchair.,Agent-Patient Inversion,the pushed patient is the target for: what is the active syntactic subject performing the action?,wheelchair.,1,the pushed patient is the target for: what is the active syntactic subject performing the action?,The pushed patient is the active syntactic subject performing the action.,74.53633880615234,90.789794921875,60.14992141723633,1,the pushed patient is the target for: what is the active syntactic subject performing the action?,The pushed patient.,74.53633880615234,64.25492095947266,22.8000602722168,1,the pushed patient is the target for: what is the active syntactic subject performing the action?,The pushed patient.,74.53633880615234,64.25492095947266,22.8000602722168,False,False,False
What is the active syntactic subject performing the action?,The cleared airway sucked the portable medical suction aspirator.,Agent-Patient Inversion,the cleared airway,the portable medical suction aspirator,1,the cleared airway,"The active syntactic subject performing the action is ""the cleared airway"".",21.479949951171875,72.62754821777344,69.75733184814453,1,the cleared airway,"The active syntactic subject performing the action is ""the cleared airway"".",21.479949951171875,72.62754821777344,69.75733184814453,1,the cleared airway,"The active syntactic subject performing the action is ""the cleared airway"".",21.479949951171875,72.62754821777344,69.75733184814453,False,False,False
What is the active syntactic subject performing the action?,The washed hands lathered the antibacterial foaming liquid hand soap.,Agent-Patient Inversion,the washed hands,the antibacterial foaming liquid hand soap,0,the antibacterial foaming liquid hand soap,The antibacterial foaming liquid hand soap.,0.0,98.84362030029295,3.780784368515015,1,the washed hands,"The active syntactic subject performing the action is ""the washed hands"".",24.123750686645508,69.48089599609375,69.46917724609375,1,the washed hands,"The active syntactic subject performing the action is ""the washed hands"".",24.123750686645508,69.48089599609375,69.46917724609375,True,False,False
What is the active syntactic subject performing the action?,The dried hands blew the high speed electric hand dryer.,Agent-Patient Inversion,the dried hands is the target for: what is the active syntactic subject performing the action?,dryer.,1,the dried hands is the target for: what is the active syntactic subject performing the action?,"The active syntactic subject performing the action is ""the dried hands"".",71.96231079101562,94.38435363769533,67.86124420166016,1,the dried hands is the target for: what is the active syntactic subject performing the action?,"The active syntactic subject performing the action is ""the dried hands"".",71.96231079101562,94.38435363769533,67.86124420166016,1,the dried hands is the target for: what is the active syntactic subject performing the action?,"The active syntactic subject performing the action is ""the dried hands"".",71.96231079101562,94.38435363769533,67.86124420166016,False,False,False
What is the active syntactic subject performing the action?,The brushed teeth cleaned the oscillating electric toothbrush.,Agent-Patient Inversion,the brushed teeth,the oscillating electric toothbrush,0,the oscillating electric toothbrush,The oscillating electric toothbrush.,14.59516429901123,97.686279296875,18.64374542236328,0,the oscillating electric toothbrush,The oscillating electric toothbrush.,14.59516429901123,97.686279296875,18.64374542236328,1,the brushed teeth,"The active syntactic subject performing the action is ""the teeth"".",19.00658226013184,55.27305603027344,68.76194763183594,True,True,True
What is the active syntactic subject performing the action?,The trimmed hair snipped the professional barber hair clippers.,Agent-Patient Inversion,the trimmed hair,the professional barber hair clippers,0,the professional barber hair clippers,"The active syntactic subject performing the action is ""the professional barber"".",3.0052430629730225,61.73436737060547,55.11814498901367,1,the trimmed hair,"The active syntactic subject performing the action is ""the trimmed hair"".",14.0430269241333,73.267822265625,59.78387451171875,1,the trimmed hair,"The active syntactic subject performing the action is ""the trimmed hair"".",14.0430269241333,73.267822265625,59.78387451171875,True,False,False
What is the active syntactic subject performing the action?,The dried hair blew the hot ionic ceramic hair dryer.,Agent-Patient Inversion,the dried hair,the hot ionic ceramic hair dryer,0,the hot ionic ceramic hair dryer,The hot ionic ceramic hair dryer.,5.732198238372803,97.86502838134766,10.678638458251951,1,the dried hair,"The active syntactic subject performing the action is ""the dried hair"".",16.53396224975586,71.06193542480469,64.92146301269531,1,the dried hair,"The active syntactic subject performing the action is ""the dried hair"".",16.53396224975586,71.06193542480469,64.92146301269531,True,False,False
What is the active syntactic subject performing the action?,The applied makeup brushed the soft synthetic powder brush.,Agent-Patient Inversion,the applied makeup is the target for: what is the active syntactic subject performing the action?,brush.,0,brush.,"The active syntactic subject performing the action is ""brush"".",17.20368003845215,54.55219268798828,74.88121795654297,1,the applied makeup is the target for: what is the active syntactic subject performing the action?,The applied makeup.,77.75802612304688,61.46451950073242,18.07054901123047,1,the applied makeup is the target for: what is the active syntactic subject performing the action?,The applied makeup.,77.75802612304688,61.46451950073242,18.07054901123047,True,False,False
What is the active syntactic subject performing the action?,The curled lash bent the stainless steel mechanical eyelash curler.,Agent-Patient Inversion,the curled lash,the stainless steel mechanical eyelash curler,0,the stainless steel mechanical eyelash curler,"The active syntactic subject performing the action is the ""stainless steel mechanical eyelash curler"".",6.390583515167236,79.65811920166016,51.517822265625,1,the curled lash,"The active syntactic subject performing the action is ""the curled lash"".",17.999582290649414,74.72077941894531,65.16542053222656,1,the curled lash,"The active syntactic subject performing the action is ""the curled lash"".",17.999582290649414,74.72077941894531,65.16542053222656,True,False,False
What is the active syntactic subject performing the action?,The ironed shirt pressed the hot steam clothes iron.,Agent-Patient Inversion,the ironed shirt,the hot steam clothes iron,1,the ironed shirt,"The active syntactic subject performing the action is ""the ironed shirt"".",16.154483795166016,74.03535461425781,64.6884765625,0,the hot steam clothes iron,The hot steam clothes iron.,11.272377967834473,98.08736419677734,13.890165328979492,0,the hot steam clothes iron,The hot steam clothes iron.,11.272377967834473,98.08736419677734,13.890165328979492,False,False,False
What is the active syntactic subject performing the action?,The washed clothes tumbled the front load washing machine.,Agent-Patient Inversion,the washed clothes is the target for: what is the active syntactic subject performing the action?,machine.,1,the washed clothes is the target for: what is the active syntactic subject performing the action?,"The active syntactic subject performing the action is ""the washed clothes"".",69.7607192993164,94.90299224853516,68.9120101928711,1,the washed clothes is the target for: what is the active syntactic subject performing the action?,"The active syntactic subject performing the action is ""the washed clothes"".",69.7607192993164,94.90299224853516,68.9120101928711,1,the washed clothes is the target for: what is the active syntactic subject performing the action?,"The active syntactic subject performing the action is ""the washed clothes"".",69.7607192993164,94.90299224853516,68.9120101928711,False,False,False
What is the active syntactic subject performing the action?,The dried clothes spun the vented electric clothes dryer.,Agent-Patient Inversion,the dried clothes,the vented electric clothes dryer,0,the vented electric clothes dryer,"The active syntactic subject performing the action is the ""vented electric clothes dryer"".",16.255014419555664,78.42762756347656,61.036277770996094,0,the vented electric clothes dryer,"The active syntactic subject performing the action is the ""vented electric clothes dryer"".",16.255014419555664,78.42762756347656,61.036277770996094,0,the vented electric clothes dryer,"The active syntactic subject performing the action is the ""vented electric clothes dryer"".",16.255014419555664,78.42762756347656,61.036277770996094,False,False,False
What is the active syntactic subject performing the action?,The steamed dress smoothed the upright fabric garment steamer.,Agent-Patient Inversion,the steamed dress,the upright fabric garment steamer,1,the steamed dress,"The active syntactic subject performing the action is ""the steamed dress"".",21.73996925354004,75.9603271484375,68.4774398803711,1,the steamed dress,"The active syntactic subject performing the action is ""the steamed dress"".",21.73996925354004,75.9603271484375,68.4774398803711,1,the steamed dress,"The active syntactic subject performing the action is ""the steamed dress"".",21.73996925354004,75.9603271484375,68.4774398803711,False,False,False
What is the active syntactic subject performing the action?,The folded shirt stacked the plastic laundry folding board.,Agent-Patient Inversion,the folded shirt is the target for: what is the active syntactic subject performing the action?,board.,1,the folded shirt is the target for: what is the active syntactic subject performing the action?,The folded shirt.,76.84080505371094,65.09014892578125,20.319604873657227,1,the folded shirt is the target for: what is the active syntactic subject performing the action?,"The active syntactic subject performing the action is ""the folded shirt"".",76.84080505371094,93.18305206298828,67.17841339111328,0,board.,"The active syntactic subject performing the action is ""board"".",18.01693344116211,54.239654541015625,77.05657196044922,False,False,False
What is the active syntactic subject performing the action?,The hung jacket draped the wooden curved suit hanger.,Agent-Patient Inversion,the hung jacket,the wooden curved suit hanger,1,the hung jacket,"The active syntactic subject performing the action is ""the hung jacket"".",9.587350845336914,72.70488739013672,57.65998840332031,1,the hung jacket,[Error: API Timeout or Failure - Request timed out.],9.587350845336914,6.309162139892578,0.0,1,the hung jacket,"The active syntactic subject performing the action is ""the hung jacket"".",9.587350845336914,72.70488739013672,57.65998840332031,False,False,False
What is the active syntactic subject performing the action?,The linted coat rolled the sticky adhesive lint roller.,Agent-Patient Inversion,the linted coat,the sticky adhesive lint roller,0,the sticky adhesive lint roller,"The active syntactic subject performing the action is the ""sticky adhesive lint roller"".",10.01610279083252,76.1003646850586,59.77168273925781,1,the linted coat,"The active syntactic subject performing the action is ""the linted coat"".",6.672842979431152,71.26043701171875,61.56595993041992,0,the sticky adhesive lint roller,"The active syntactic subject performing the action is the ""sticky adhesive lint roller"".",10.01610279083252,76.1003646850586,59.77168273925781,False,False,False
What is the active syntactic subject performing the action?,The sewn fabric stitched the motorized electric sewing machine.,Agent-Patient Inversion,the sewn fabric is the target for: what is the active syntactic subject performing the action?,machine.,1,the sewn fabric is the target for: what is the active syntactic subject performing the action?,"The active syntactic subject performing the action is ""the sewn fabric"".",66.2757339477539,94.40731811523438,66.10896301269531,1,the sewn fabric is the target for: what is the active syntactic subject performing the action?,"The active syntactic subject performing the action is ""the sewn fabric"".",66.2757339477539,94.40731811523438,66.10896301269531,1,the sewn fabric is the target for: what is the active syntactic subject performing the action?,"The active syntactic subject performing the action is ""the sewn fabric"".",66.2757339477539,94.40731811523438,66.10896301269531,False,False,False
What is the active syntactic subject performing the action?,The pinned hem stuck the straight steel dressmaker pin.,Agent-Patient Inversion,the pinned hem,the straight steel dressmaker pin,1,the pinned hem,"The active syntactic subject performing the action is ""the pinned hem"".",17.652023315429688,67.60435485839844,71.7692642211914,0,the straight steel dressmaker pin,"The active syntactic subject performing the action is ""the straight steel dressmaker pin"".",4.533903121948242,75.98077392578125,53.4449348449707,0,the straight steel dressmaker pin,"The active syntactic subject performing the action is ""the straight steel dressmaker pin"".",4.533903121948242,75.98077392578125,53.4449348449707,False,False,False
